[12:26:13] [main/INFO] (FabricLoader/GameProvider) Loading Minecraft 1.21.10 with Fabric Loader 0.18.4
[12:26:13] [main/WARN] (FabricLoader/Knot) Ignoring invalid library path "
[12:26:13] [main/WARN] (FabricLoader/Knot) Ignoring invalid library path C:\Program Files\nodejs\"
[12:26:13] [main/DEBUG] (FabricLoader/GamePatch) Found game constructor: net.minecraft.client.main.Main -> net.minecraft.client.Minecraft
[12:26:13] [main/DEBUG] (FabricLoader/GamePatch) Patching game constructor <init>(Lnet/minecraft/client/main/GameConfig;)V
[12:26:13] [main/DEBUG] (FabricLoader/GamePatch) Run directory field is thought to be net/minecraft/client/Minecraft/gameDirectory
[12:26:13] [main/DEBUG] (FabricLoader/GamePatch) Applying brand name hook to net/minecraft/client/ClientBrandRetriever::getClientModName
[12:26:13] [main/DEBUG] (FabricLoader/GamePatch) Applying brand name hook to net/minecraft/server/MinecraftServer::getServerModName
[12:26:13] [main/DEBUG] (FabricLoader/GamePatch) Patched 3 classs
[12:26:13] [main/DEBUG] (FabricLoader/Discovery) Mod discovery time: 41.8 ms
[12:26:13] [main/DEBUG] (FabricLoader/Resolution) Mod resolution time: 79.9 ms
[12:26:13] [main/INFO] (FabricLoader) Loading 71 mods:
	- badoptimizations 2.4.1
	- betterf3 16.0.3
	- cloth-config 20.0.149
	   \-- cloth-basic-math 0.6.1
	- cubes-without-borders 3.0.0+mc1.21.5
	- devauth 1.2.1
	- entityculling 1.9.5
	   |-- transition 1.0.11
	   \-- trender 1.0.10
	- fabric-api 0.138.4+1.21.10
	- fabric-api-base 1.0.0+14b92d896f
	- fabric-api-lookup-api-v1 1.6.106+d17682156f
	- fabric-biome-api-v1 16.1.0+c2417d4f6f
	- fabric-block-api-v1 1.1.5+d17682156f
	- fabric-block-view-api-v2 1.0.34+e4fd1b926f
	- fabric-client-gametest-api-v1 4.2.13+14b92d896f
	- fabric-command-api-v2 2.4.0+c0ab2d5d6f
	- fabric-content-registries-v0 10.2.6+b6a242646f
	- fabric-convention-tags-v1 2.1.49+7f945d5b6f
	- fabric-convention-tags-v2 2.17.0+ff7bc77d6f
	- fabric-crash-report-info-v1 0.3.18+33df5e6e6f
	- fabric-data-attachment-api-v1 1.8.33+cd3b9e596f
	- fabric-data-generation-api-v1 23.2.27+d8b85ef16f
	- fabric-dimensions-v1 4.0.22+38b9cc196f
	- fabric-entity-events-v1 2.1.13+fde3702c6f
	- fabric-events-interaction-v0 4.0.36+5ba217126f
	- fabric-game-rule-api-v1 1.1.1+e47eaae56f
	- fabric-gametest-api-v1 3.1.21+33df5e6e6f
	- fabric-item-api-v1 11.5.11+9bce411b6f
	- fabric-item-group-api-v1 4.2.27+86b3ae576f
	- fabric-key-binding-api-v1 1.1.1+b3ba9c486f
	- fabric-language-kotlin 1.13.8+kotlin.2.3.0
	- fabric-lifecycle-events-v1 2.6.9+33df5e6e6f
	- fabric-loot-api-v2 3.0.67+3f89f5a56f
	- fabric-loot-api-v3 2.0.14+d17682156f
	- fabric-message-api-v1 6.1.7+3154c1c86f
	- fabric-model-loading-api-v1 6.0.5+3ffd6ef06f
	- fabric-networking-api-v1 5.1.0+b095d8db6f
	- fabric-object-builder-api-v1 21.1.28+9bce411b6f
	- fabric-particles-v1 4.2.3+a0ee59a46f
	- fabric-recipe-api-v1 8.2.0+39709ef06f
	- fabric-registry-sync-v0 6.1.42+679c8c5c6f
	- fabric-renderer-api-v1 7.2.3+9be2a36e6f
	- fabric-renderer-indigo 4.1.4+9be2a36e6f
	- fabric-rendering-fluids-v1 3.1.38+86b3ae576f
	- fabric-rendering-v1 16.2.0+bee81f016f
	- fabric-resource-conditions-api-v1 5.0.28+33df5e6e6f
	- fabric-resource-loader-v0 3.3.1+d4d4122a6f
	- fabric-resource-loader-v1 1.0.4+14959b836f
	- fabric-screen-api-v1 3.1.0+9c82a7986f
	- fabric-screen-handler-api-v1 1.3.151+d17682156f
	- fabric-serialization-api-v1 1.0.0+d857c9766f
	- fabric-sound-api-v1 1.0.45+328a75ba6f
	- fabric-tag-api-v1 1.2.13+2fa446b26f
	- fabric-transfer-api-v1 6.0.15+79ec2c126f
	- fabric-transitive-access-wideners-v1 6.5.3+41eb43436f
	- fabricloader 0.18.4
	- ferritecore 8.0.2
	- gammautils 2.4.9
	- immediatelyfast 1.13.4+1.21.10
	   \-- net_lenni0451_reflect 1.6.1+curseforge
	- infernum 1.0.1
	- iris 1.9.7+mc1.21.10
	   |-- io_github_douira_glsl-transformer 3.0.0-pre3
	   |-- org_anarres_jcpp 1.4.14
	   \-- org_antlr_antlr4-runtime 4.13.1
	- java 21
	- minecraft 1.21.10
	- mixinextras 0.5.0
	- modmenu 16.0.0
	- sodium 0.7.3+mc1.21.10
[12:26:15] [pool-2-thread-2/WARN] (FabricLoader/ModRemap) Cannot remap renderSingleBlock because it does not exists in any of the targets [net/minecraft/class_776]
[12:26:15] [pool-2-thread-1/WARN] (FabricLoader/ModRemap) Cannot remap lambda$addSkyPass$8 because it does not exists in any of the targets [net/minecraft/class_761]
[12:26:15] [pool-2-thread-15/WARN] (FabricLoader/ModRemap) Cannot remap renderParticles because it does not exists in any of the targets [net/minecraft/class_702]
[12:26:15] [pool-2-thread-10/WARN] (FabricLoader/ModRemap) Cannot remap lambda$addMainPass$1 because it does not exists in any of the targets [net/minecraft/class_761]
[12:26:15] [pool-2-thread-10/WARN] (FabricLoader/ModRemap) Cannot remap lambda$addParticlesPass$2 because it does not exists in any of the targets [net/minecraft/class_761]
[12:26:15] [pool-2-thread-10/WARN] (FabricLoader/ModRemap) Cannot remap lambda$addParticlesPass$2 because it does not exists in any of the targets [net/minecraft/class_761]
[12:26:15] [pool-2-thread-10/WARN] (FabricLoader/ModRemap) Cannot remap lambda$addSkyPass$8 because it does not exists in any of the targets [net/minecraft/class_761]
[12:26:15] [pool-2-thread-9/WARN] (FabricLoader/ModRemap) Cannot remap lambda$addMainPass$1 because it does not exists in any of the targets [net/minecraft/class_761]
[12:26:15] [pool-2-thread-12/WARN] (FabricLoader/ModRemap) Cannot remap lambda$tick$3 because it does not exists in any of the targets [net/minecraft/class_4897]
[12:26:15] [pool-2-thread-6/WARN] (FabricLoader/ModRemap) Cannot remap darkenWorldAmount because it does not exists in any of the targets [] or their parents.
[12:26:15] [pool-2-thread-10/WARN] (FabricLoader/ModRemap) Cannot remap push because it does not exists in any of the targets [net/minecraft/class_287]
[12:26:15] [pool-2-thread-11/WARN] (FabricLoader/ModRemap) Cannot remap lambda$submit$0 because it does not exists in any of the targets [net/minecraft/class_840]
[12:26:15] [pool-2-thread-9/WARN] (FabricLoader/ModRemap) Cannot remap lambda$reload$3 because it does not exists in any of the targets [net/minecraft/class_1060]
[12:26:16] [pool-2-thread-15/WARN] (FabricLoader/ModRemap) Cannot remap lambda$init$2 because it does not exists in any of the targets [net/minecraft/class_429]
[12:26:16] [pool-2-thread-5/WARN] (FabricLoader/ModRemap) Cannot remap lambda$addSkyPass$8 because it does not exists in any of the targets [net/minecraft/class_761]
[12:26:16] [pool-2-thread-5/WARN] (FabricLoader/ModRemap) Cannot remap lambda$addSkyPass$8 because it does not exists in any of the targets [net/minecraft/class_761]
[12:26:16] [pool-2-thread-13/WARN] (FabricLoader/ModRemap) Cannot remap iterateVisibleBlockEntities because it does not exists in any of the targets [net/minecraft/class_761]
[12:26:16] [pool-2-thread-5/WARN] (FabricLoader/ModRemap) Cannot remap lambda$addCloudsPass$3 because it does not exists in any of the targets [net/minecraft/class_761]
[12:26:16] [pool-2-thread-5/WARN] (FabricLoader/ModRemap) Cannot remap lambda$addCloudsPass$3 because it does not exists in any of the targets [net/minecraft/class_761]
[12:26:16] [pool-2-thread-5/WARN] (FabricLoader/ModRemap) Cannot remap lambda$addMainPass$1 because it does not exists in any of the targets [net/minecraft/class_761]
[12:26:16] [pool-2-thread-5/WARN] (FabricLoader/ModRemap) Cannot remap lambda$addWeatherPass$4 because it does not exists in any of the targets [net/minecraft/class_761]
[12:26:16] [pool-2-thread-5/WARN] (FabricLoader/ModRemap) Cannot remap lambda$addWeatherPass$4 because it does not exists in any of the targets [net/minecraft/class_761]
[12:26:16] [pool-2-thread-5/WARN] (FabricLoader/ModRemap) Cannot remap lambda$addWeatherPass$4 because it does not exists in any of the targets [net/minecraft/class_761]
[12:26:16] [pool-2-thread-5/WARN] (FabricLoader/ModRemap) Cannot remap lambda$addMainPass$1 because it does not exists in any of the targets [net/minecraft/class_761]
[12:26:16] [pool-2-thread-5/WARN] (FabricLoader/ModRemap) Cannot remap lambda$addMainPass$1 because it does not exists in any of the targets [net/minecraft/class_761]
[12:26:16] [pool-2-thread-5/WARN] (FabricLoader/ModRemap) Cannot remap lambda$addMainPass$1 because it does not exists in any of the targets [net/minecraft/class_761]
[12:26:16] [pool-2-thread-10/WARN] (FabricLoader/ModRemap) Cannot remap getRenderLayers because it does not exists in any of the targets [net/minecraft/class_4696]
[12:26:16] [pool-2-thread-10/WARN] (FabricLoader/ModRemap) Cannot remap sodium$setActive because it does not exists in any of the targets [net/minecraft/class_7764]
[12:26:16] [pool-2-thread-9/WARN] (FabricLoader/ModRemap) Cannot remap waterVisionTime because it does not exists in any of the targets [] or their parents.
[12:26:18] [main/DEBUG] (FabricLoader/Knot) Adding C:\Users\enric\IdeaProjects\frozen-fabric\build\resources\main to classpath.
[12:26:18] [main/DEBUG] (FabricLoader/Knot) Adding C:\Users\enric\IdeaProjects\frozen-fabric\run2\.fabric\processedMods\cubes-without-borders-3.0.0+mc1.21.5-64b5720b4b825f21.jar to classpath.
[12:26:18] [main/DEBUG] (FabricLoader/Knot) Adding C:\Users\enric\IdeaProjects\frozen-fabric\.gradle\loom-cache\remapped_mods\remapped\net\fabricmc\fabric-api\fabric-key-binding-api-v1-e9493de5\1.1.1+b3ba9c486f\fabric-key-binding-api-v1-e9493de5-1.1.1+b3ba9c486f.jar to classpath.
[12:26:18] [main/DEBUG] (FabricLoader/Knot) Adding C:\Users\enric\IdeaProjects\frozen-fabric\run2\.fabric\processedMods\transition-1.0.11-7f3bf8cf19626ad7.jar to classpath.
[12:26:18] [main/DEBUG] (FabricLoader/Knot) Adding C:\Users\enric\IdeaProjects\frozen-fabric\.gradle\loom-cache\remapped_mods\remapped\net\fabricmc\fabric-api\fabric-tag-api-v1-e9493de5\1.2.13+2fa446b26f\fabric-tag-api-v1-e9493de5-1.2.13+2fa446b26f.jar to classpath.
[12:26:18] [main/DEBUG] (FabricLoader/Knot) Adding C:\Users\enric\IdeaProjects\frozen-fabric\.gradle\loom-cache\remapped_mods\remapped\net\fabricmc\fabric-api\fabric-crash-report-info-v1-e9493de5\0.3.18+33df5e6e6f\fabric-crash-report-info-v1-e9493de5-0.3.18+33df5e6e6f.jar to classpath.
[12:26:18] [main/DEBUG] (FabricLoader/Knot) Adding C:\Users\enric\IdeaProjects\frozen-fabric\.gradle\loom-cache\remapped_mods\remapped\net\fabricmc\fabric-api\fabric-recipe-api-v1-e9493de5\8.2.0+39709ef06f\fabric-recipe-api-v1-e9493de5-8.2.0+39709ef06f.jar to classpath.
[12:26:18] [main/DEBUG] (FabricLoader/Knot) Adding C:\Users\enric\IdeaProjects\frozen-fabric\run2\.fabric\processedMods\iris-1.9.7+mc1.21.10-64b5720b4b825f21.jar to classpath.
[12:26:18] [main/DEBUG] (FabricLoader/Knot) Adding C:\Users\enric\IdeaProjects\frozen-fabric\.gradle\loom-cache\remapped_mods\remapped\net\fabricmc\fabric-api\fabric-screen-handler-api-v1-e9493de5\1.3.151+d17682156f\fabric-screen-handler-api-v1-e9493de5-1.3.151+d17682156f.jar to classpath.
[12:26:18] [main/DEBUG] (FabricLoader/Knot) Adding C:\Users\enric\IdeaProjects\frozen-fabric\.gradle\loom-cache\remapped_mods\remapped\net\fabricmc\fabric-api\fabric-dimensions-v1-e9493de5\4.0.22+38b9cc196f\fabric-dimensions-v1-e9493de5-4.0.22+38b9cc196f.jar to classpath.
[12:26:18] [main/DEBUG] (FabricLoader/Knot) Adding C:\Users\enric\IdeaProjects\frozen-fabric\.gradle\loom-cache\remapped_mods\remapped\net\fabricmc\fabric-api\fabric-serialization-api-v1-e9493de5\1.0.0+d857c9766f\fabric-serialization-api-v1-e9493de5-1.0.0+d857c9766f.jar to classpath.
[12:26:18] [main/DEBUG] (FabricLoader/Knot) Adding C:\Users\enric\IdeaProjects\frozen-fabric\.gradle\loom-cache\remapped_mods\remapped\net\fabricmc\fabric-api\fabric-client-gametest-api-v1-e9493de5\4.2.13+14b92d896f\fabric-client-gametest-api-v1-e9493de5-4.2.13+14b92d896f.jar to classpath.
[12:26:18] [main/DEBUG] (FabricLoader/Knot) Adding C:\Users\enric\.gradle\caches\modules-2\files-2.1\io.github.llamalad7\mixinextras-fabric\0.5.0\91a83dfb7abd320f6236bd1fcf5c0ff143d59a13\mixinextras-fabric-0.5.0.jar to classpath.
[12:26:18] [main/DEBUG] (FabricLoader/Knot) Adding C:\Users\enric\IdeaProjects\frozen-fabric\.gradle\loom-cache\remapped_mods\remapped\net\fabricmc\fabric-api\fabric-game-rule-api-v1-e9493de5\1.1.1+e47eaae56f\fabric-game-rule-api-v1-e9493de5-1.1.1+e47eaae56f.jar to classpath.
[12:26:18] [main/DEBUG] (FabricLoader/Knot) Adding C:\Users\enric\IdeaProjects\frozen-fabric\.gradle\loom-cache\remapped_mods\remapped\net\fabricmc\fabric-api\fabric-gametest-api-v1-e9493de5\3.1.21+33df5e6e6f\fabric-gametest-api-v1-e9493de5-3.1.21+33df5e6e6f.jar to classpath.
[12:26:18] [main/DEBUG] (FabricLoader/Knot) Adding C:\Users\enric\IdeaProjects\frozen-fabric\run2\.fabric\processedMods\badoptimizations-2.4.1-64b5720b4b825f21.jar to classpath.
[12:26:18] [main/DEBUG] (FabricLoader/Knot) Adding C:\Users\enric\IdeaProjects\frozen-fabric\.gradle\loom-cache\remapped_mods\remapped\net\fabricmc\fabric-api\fabric-object-builder-api-v1-e9493de5\21.1.28+9bce411b6f\fabric-object-builder-api-v1-e9493de5-21.1.28+9bce411b6f.jar to classpath.
[12:26:18] [main/DEBUG] (FabricLoader/Knot) Adding C:\Users\enric\IdeaProjects\frozen-fabric\run2\.fabric\processedMods\immediatelyfast-1.13.4+1.21.10-64b5720b4b825f21.jar to classpath.
[12:26:18] [main/DEBUG] (FabricLoader/Knot) Adding C:\Users\enric\IdeaProjects\frozen-fabric\.gradle\loom-cache\remapped_mods\remapped\net\fabricmc\fabric-api\fabric-loot-api-v2-e9493de5\3.0.67+3f89f5a56f\fabric-loot-api-v2-e9493de5-3.0.67+3f89f5a56f.jar to classpath.
[12:26:18] [main/DEBUG] (FabricLoader/Knot) Adding C:\Users\enric\IdeaProjects\frozen-fabric\.gradle\loom-cache\remapped_mods\remapped\net\fabricmc\fabric-api\fabric-entity-events-v1-e9493de5\2.1.13+fde3702c6f\fabric-entity-events-v1-e9493de5-2.1.13+fde3702c6f.jar to classpath.
[12:26:18] [main/DEBUG] (FabricLoader/Knot) Adding C:\Users\enric\IdeaProjects\frozen-fabric\run2\.fabric\processedMods\cloth-config-20.0.149-64b5720b4b825f21.jar to classpath.
[12:26:18] [main/DEBUG] (FabricLoader/Knot) Adding C:\Users\enric\IdeaProjects\frozen-fabric\run2\.fabric\processedMods\org_anarres_jcpp-1.4.14-ae60d2cfc52c368e.jar to classpath.
[12:26:18] [main/DEBUG] (FabricLoader/Knot) Adding C:\Users\enric\IdeaProjects\frozen-fabric\.gradle\loom-cache\remapped_mods\remapped\net\fabricmc\fabric-api\fabric-sound-api-v1-e9493de5\1.0.45+328a75ba6f\fabric-sound-api-v1-e9493de5-1.0.45+328a75ba6f.jar to classpath.
[12:26:18] [main/DEBUG] (FabricLoader/Knot) Adding C:\Users\enric\IdeaProjects\frozen-fabric\.gradle\loom-cache\remapped_mods\remapped\net\fabricmc\fabric-api\fabric-screen-api-v1-e9493de5\3.1.0+9c82a7986f\fabric-screen-api-v1-e9493de5-3.1.0+9c82a7986f.jar to classpath.
[12:26:18] [main/DEBUG] (FabricLoader/Knot) Adding C:\Users\enric\IdeaProjects\frozen-fabric\.gradle\loom-cache\remapped_mods\remapped\net\fabricmc\fabric-api\fabric-resource-loader-v0-e9493de5\3.3.1+d4d4122a6f\fabric-resource-loader-v0-e9493de5-3.3.1+d4d4122a6f.jar to classpath.
[12:26:18] [main/DEBUG] (FabricLoader/Knot) Adding C:\Users\enric\IdeaProjects\frozen-fabric\.gradle\loom-cache\remapped_mods\remapped\net\fabricmc\fabric-language-kotlin-e9493de5\1.13.8+kotlin.2.3.0\fabric-language-kotlin-e9493de5-1.13.8+kotlin.2.3.0.jar to classpath.
[12:26:18] [main/DEBUG] (FabricLoader/Knot) Adding C:\Users\enric\IdeaProjects\frozen-fabric\run2\.fabric\processedMods\cloth-basic-math-0.6.1-17ea6dce277cc3b8.jar to classpath.
[12:26:18] [main/DEBUG] (FabricLoader/Knot) Adding C:\Users\enric\IdeaProjects\frozen-fabric\.gradle\loom-cache\remapped_mods\remapped\net\fabricmc\fabric-api\fabric-loot-api-v3-e9493de5\2.0.14+d17682156f\fabric-loot-api-v3-e9493de5-2.0.14+d17682156f.jar to classpath.
[12:26:18] [main/DEBUG] (FabricLoader/Knot) Adding C:\Users\enric\IdeaProjects\frozen-fabric\run2\.fabric\processedMods\net_lenni0451_reflect-1.6.1+curseforge-3264ac7e1b17deda.jar to classpath.
[12:26:18] [main/DEBUG] (FabricLoader/Knot) Adding C:\Users\enric\IdeaProjects\frozen-fabric\.gradle\loom-cache\remapped_mods\remapped\net\fabricmc\fabric-api\fabric-convention-tags-v1-e9493de5\2.1.49+7f945d5b6f\fabric-convention-tags-v1-e9493de5-2.1.49+7f945d5b6f.jar to classpath.
[12:26:18] [main/DEBUG] (FabricLoader/Knot) Adding C:\Users\enric\IdeaProjects\frozen-fabric\run2\.fabric\processedMods\org_antlr_antlr4-runtime-4.13.1-b805d86546810326.jar to classpath.
[12:26:18] [main/DEBUG] (FabricLoader/Knot) Adding C:\Users\enric\IdeaProjects\frozen-fabric\run2\.fabric\processedMods\betterf3-16.0.3-64b5720b4b825f21.jar to classpath.
[12:26:18] [main/DEBUG] (FabricLoader/Knot) Adding C:\Users\enric\IdeaProjects\frozen-fabric\.gradle\loom-cache\remapped_mods\remapped\net\fabricmc\fabric-api\fabric-data-attachment-api-v1-e9493de5\1.8.33+cd3b9e596f\fabric-data-attachment-api-v1-e9493de5-1.8.33+cd3b9e596f.jar to classpath.
[12:26:18] [main/DEBUG] (FabricLoader/Knot) Adding C:\Users\enric\IdeaProjects\frozen-fabric\.gradle\loom-cache\remapped_mods\remapped\net\fabricmc\fabric-api\fabric-registry-sync-v0-e9493de5\6.1.42+679c8c5c6f\fabric-registry-sync-v0-e9493de5-6.1.42+679c8c5c6f.jar to classpath.
[12:26:18] [main/DEBUG] (FabricLoader/Knot) Adding C:\Users\enric\IdeaProjects\frozen-fabric\run2\.fabric\processedMods\gammautils-2.4.9-64b5720b4b825f21.jar to classpath.
[12:26:18] [main/DEBUG] (FabricLoader/Knot) Adding C:\Users\enric\IdeaProjects\frozen-fabric\.gradle\loom-cache\remapped_mods\remapped\me\djtheredstoner\DevAuth-fabric-e9493de5\1.2.1\DevAuth-fabric-e9493de5-1.2.1.jar to classpath.
[12:26:18] [main/DEBUG] (FabricLoader/Knot) Adding C:\Users\enric\IdeaProjects\frozen-fabric\.gradle\loom-cache\remapped_mods\remapped\net\fabricmc\fabric-api\fabric-particles-v1-e9493de5\4.2.3+a0ee59a46f\fabric-particles-v1-e9493de5-4.2.3+a0ee59a46f.jar to classpath.
[12:26:18] [main/DEBUG] (FabricLoader/Knot) Adding C:\Users\enric\IdeaProjects\frozen-fabric\run2\.fabric\processedMods\io_github_douira_glsl-transforme-3.0.0-pre3-a5fd0f336ec8f100.jar to classpath.
[12:26:18] [main/DEBUG] (FabricLoader/Knot) Adding C:\Users\enric\IdeaProjects\frozen-fabric\.gradle\loom-cache\remapped_mods\remapped\net\fabricmc\fabric-api\fabric-transfer-api-v1-e9493de5\6.0.15+79ec2c126f\fabric-transfer-api-v1-e9493de5-6.0.15+79ec2c126f.jar to classpath.
[12:26:18] [main/DEBUG] (FabricLoader/Knot) Adding C:\Users\enric\IdeaProjects\frozen-fabric\.gradle\loom-cache\remapped_mods\remapped\net\fabricmc\fabric-api\fabric-resource-conditions-api-v1-e9493de5\5.0.28+33df5e6e6f\fabric-resource-conditions-api-v1-e9493de5-5.0.28+33df5e6e6f.jar to classpath.
[12:26:18] [main/DEBUG] (FabricLoader/Knot) Adding C:\Users\enric\IdeaProjects\frozen-fabric\.gradle\loom-cache\remapped_mods\remapped\net\fabricmc\fabric-api\fabric-biome-api-v1-e9493de5\16.1.0+c2417d4f6f\fabric-biome-api-v1-e9493de5-16.1.0+c2417d4f6f.jar to classpath.
[12:26:18] [main/DEBUG] (FabricLoader/Knot) Adding C:\Users\enric\IdeaProjects\frozen-fabric\.gradle\loom-cache\remapped_mods\remapped\net\fabricmc\fabric-api\fabric-rendering-fluids-v1-e9493de5\3.1.38+86b3ae576f\fabric-rendering-fluids-v1-e9493de5-3.1.38+86b3ae576f.jar to classpath.
[12:26:18] [main/DEBUG] (FabricLoader/Knot) Adding C:\Users\enric\IdeaProjects\frozen-fabric\.gradle\loom-cache\remapped_mods\remapped\net\fabricmc\fabric-api\fabric-transitive-access-wideners-v1-e9493de5\6.5.3+41eb43436f\fabric-transitive-access-wideners-v1-e9493de5-6.5.3+41eb43436f.jar to classpath.
[12:26:18] [main/DEBUG] (FabricLoader/Knot) Adding C:\Users\enric\IdeaProjects\frozen-fabric\run2\.fabric\processedMods\sodium-0.7.3+mc1.21.10-64b5720b4b825f21.jar to classpath.
[12:26:18] [main/DEBUG] (FabricLoader/Knot) Adding C:\Users\enric\IdeaProjects\frozen-fabric\.gradle\loom-cache\remapped_mods\remapped\net\fabricmc\fabric-api\fabric-rendering-v1-e9493de5\16.2.0+bee81f016f\fabric-rendering-v1-e9493de5-16.2.0+bee81f016f.jar to classpath.
[12:26:18] [main/DEBUG] (FabricLoader/Knot) Adding C:\Users\enric\IdeaProjects\frozen-fabric\.gradle\loom-cache\remapped_mods\remapped\com\terraformersmc\modmenu-e9493de5\16.0.0\modmenu-e9493de5-16.0.0.jar to classpath.
[12:26:18] [main/DEBUG] (FabricLoader/Knot) Adding C:\Users\enric\IdeaProjects\frozen-fabric\.gradle\loom-cache\remapped_mods\remapped\net\fabricmc\fabric-api\fabric-convention-tags-v2-e9493de5\2.17.0+ff7bc77d6f\fabric-convention-tags-v2-e9493de5-2.17.0+ff7bc77d6f.jar to classpath.
[12:26:18] [main/DEBUG] (FabricLoader/Knot) Adding C:\Users\enric\IdeaProjects\frozen-fabric\.gradle\loom-cache\remapped_mods\remapped\net\fabricmc\fabric-api\fabric-renderer-indigo-e9493de5\4.1.4+9be2a36e6f\fabric-renderer-indigo-e9493de5-4.1.4+9be2a36e6f.jar to classpath.
[12:26:18] [main/DEBUG] (FabricLoader/Knot) Adding C:\Users\enric\IdeaProjects\frozen-fabric\.gradle\loom-cache\remapped_mods\remapped\net\fabricmc\fabric-api\fabric-command-api-v2-e9493de5\2.4.0+c0ab2d5d6f\fabric-command-api-v2-e9493de5-2.4.0+c0ab2d5d6f.jar to classpath.
[12:26:18] [main/DEBUG] (FabricLoader/Knot) Adding C:\Users\enric\IdeaProjects\frozen-fabric\.gradle\loom-cache\remapped_mods\remapped\net\fabricmc\fabric-api\fabric-lifecycle-events-v1-e9493de5\2.6.9+33df5e6e6f\fabric-lifecycle-events-v1-e9493de5-2.6.9+33df5e6e6f.jar to classpath.
[12:26:18] [main/DEBUG] (FabricLoader/Knot) Adding C:\Users\enric\IdeaProjects\frozen-fabric\.gradle\loom-cache\remapped_mods\remapped\net\fabricmc\fabric-api\fabric-item-group-api-v1-e9493de5\4.2.27+86b3ae576f\fabric-item-group-api-v1-e9493de5-4.2.27+86b3ae576f.jar to classpath.
[12:26:18] [main/DEBUG] (FabricLoader/Knot) Adding C:\Users\enric\IdeaProjects\frozen-fabric\.gradle\loom-cache\remapped_mods\remapped\net\fabricmc\fabric-api\fabric-renderer-api-v1-e9493de5\7.2.3+9be2a36e6f\fabric-renderer-api-v1-e9493de5-7.2.3+9be2a36e6f.jar to classpath.
[12:26:18] [main/DEBUG] (FabricLoader/Knot) Adding C:\Users\enric\IdeaProjects\frozen-fabric\.gradle\loom-cache\remapped_mods\remapped\net\fabricmc\fabric-api\fabric-api-lookup-api-v1-e9493de5\1.6.106+d17682156f\fabric-api-lookup-api-v1-e9493de5-1.6.106+d17682156f.jar to classpath.
[12:26:18] [main/DEBUG] (FabricLoader/Knot) Adding C:\Users\enric\IdeaProjects\frozen-fabric\.gradle\loom-cache\remapped_mods\remapped\net\fabricmc\fabric-api\fabric-message-api-v1-e9493de5\6.1.7+3154c1c86f\fabric-message-api-v1-e9493de5-6.1.7+3154c1c86f.jar to classpath.
[12:26:18] [main/DEBUG] (FabricLoader/Knot) Adding C:\Users\enric\IdeaProjects\frozen-fabric\.gradle\loom-cache\remapped_mods\remapped\net\fabricmc\fabric-api\fabric-api-e9493de5\0.138.4+1.21.10\fabric-api-e9493de5-0.138.4+1.21.10.jar to classpath.
[12:26:18] [main/DEBUG] (FabricLoader/Knot) Adding C:\Users\enric\IdeaProjects\frozen-fabric\.gradle\loom-cache\remapped_mods\remapped\net\fabricmc\fabric-api\fabric-block-api-v1-e9493de5\1.1.5+d17682156f\fabric-block-api-v1-e9493de5-1.1.5+d17682156f.jar to classpath.
[12:26:18] [main/DEBUG] (FabricLoader/Knot) Adding C:\Users\enric\IdeaProjects\frozen-fabric\.gradle\loom-cache\remapped_mods\remapped\net\fabricmc\fabric-api\fabric-block-view-api-v2-e9493de5\1.0.34+e4fd1b926f\fabric-block-view-api-v2-e9493de5-1.0.34+e4fd1b926f.jar to classpath.
[12:26:18] [main/DEBUG] (FabricLoader/Knot) Adding C:\Users\enric\IdeaProjects\frozen-fabric\run2\.fabric\processedMods\trender-1.0.10-704b4f1a4b795cce.jar to classpath.
[12:26:18] [main/DEBUG] (FabricLoader/Knot) Adding C:\Users\enric\IdeaProjects\frozen-fabric\.gradle\loom-cache\remapped_mods\remapped\net\fabricmc\fabric-api\fabric-model-loading-api-v1-e9493de5\6.0.5+3ffd6ef06f\fabric-model-loading-api-v1-e9493de5-6.0.5+3ffd6ef06f.jar to classpath.
[12:26:18] [main/DEBUG] (FabricLoader/Knot) Adding C:\Users\enric\IdeaProjects\frozen-fabric\.gradle\loom-cache\remapped_mods\remapped\net\fabricmc\fabric-api\fabric-networking-api-v1-e9493de5\5.1.0+b095d8db6f\fabric-networking-api-v1-e9493de5-5.1.0+b095d8db6f.jar to classpath.
[12:26:18] [main/DEBUG] (FabricLoader/Knot) Adding C:\Users\enric\IdeaProjects\frozen-fabric\.gradle\loom-cache\remapped_mods\remapped\net\fabricmc\fabric-api\fabric-data-generation-api-v1-e9493de5\23.2.27+d8b85ef16f\fabric-data-generation-api-v1-e9493de5-23.2.27+d8b85ef16f.jar to classpath.
[12:26:18] [main/DEBUG] (FabricLoader/Knot) Adding C:\Users\enric\IdeaProjects\frozen-fabric\.gradle\loom-cache\remapped_mods\remapped\net\fabricmc\fabric-api\fabric-resource-loader-v1-e9493de5\1.0.4+14959b836f\fabric-resource-loader-v1-e9493de5-1.0.4+14959b836f.jar to classpath.
[12:26:18] [main/DEBUG] (FabricLoader/Knot) Adding C:\Users\enric\IdeaProjects\frozen-fabric\.gradle\loom-cache\remapped_mods\remapped\net\fabricmc\fabric-api\fabric-events-interaction-v0-e9493de5\4.0.36+5ba217126f\fabric-events-interaction-v0-e9493de5-4.0.36+5ba217126f.jar to classpath.
[12:26:18] [main/DEBUG] (FabricLoader/Knot) Adding C:\Users\enric\IdeaProjects\frozen-fabric\run2\.fabric\processedMods\entityculling-1.9.5-64b5720b4b825f21.jar to classpath.
[12:26:18] [main/DEBUG] (FabricLoader/Knot) Adding C:\Users\enric\IdeaProjects\frozen-fabric\.gradle\loom-cache\remapped_mods\remapped\net\fabricmc\fabric-api\fabric-api-base-e9493de5\1.0.0+14b92d896f\fabric-api-base-e9493de5-1.0.0+14b92d896f.jar to classpath.
[12:26:18] [main/DEBUG] (FabricLoader/Knot) Adding C:\Users\enric\IdeaProjects\frozen-fabric\.gradle\loom-cache\remapped_mods\remapped\net\fabricmc\fabric-api\fabric-content-registries-v0-e9493de5\10.2.6+b6a242646f\fabric-content-registries-v0-e9493de5-10.2.6+b6a242646f.jar to classpath.
[12:26:18] [main/DEBUG] (FabricLoader/Knot) Adding C:\Users\enric\IdeaProjects\frozen-fabric\.gradle\loom-cache\remapped_mods\remapped\net\fabricmc\fabric-api\fabric-item-api-v1-e9493de5\11.5.11+9bce411b6f\fabric-item-api-v1-e9493de5-11.5.11+9bce411b6f.jar to classpath.
[12:26:18] [main/DEBUG] (FabricLoader/Knot) Adding C:\Users\enric\IdeaProjects\frozen-fabric\run2\.fabric\processedMods\ferritecore-8.0.2-64b5720b4b825f21.jar to classpath.
[12:26:19] [main/DEBUG] (FabricLoader/Entrypoint) Registering new-style initializer dev.frozencloud.infernum.compat.ModMenuCompat for mod infernum (key modmenu)
[12:26:19] [main/DEBUG] (FabricLoader/Entrypoint) Registering new-style initializer dev.frozencloud.infernum.Infernum for mod infernum (key client)
[12:26:19] [main/DEBUG] (FabricLoader/Entrypoint) Registering new-style initializer dev.kir.cubeswithoutborders.client.compat.modmenu.ModMenuCompat for mod cubes-without-borders (key modmenu)
[12:26:19] [main/DEBUG] (FabricLoader/Entrypoint) Registering new-style initializer dev.tr7zw.transition.ClientTRansitionMod for mod transition (key client)
[12:26:19] [main/DEBUG] (FabricLoader/Entrypoint) Registering new-style initializer net.fabricmc.fabric.impl.tag.TagInit for mod fabric-tag-api-v1 (key main)
[12:26:19] [main/DEBUG] (FabricLoader/Entrypoint) Registering new-style initializer net.fabricmc.fabric.impl.recipe.ingredient.client.CustomIngredientSyncClient for mod fabric-recipe-api-v1 (key client)
[12:26:19] [main/DEBUG] (FabricLoader/Entrypoint) Registering new-style initializer net.fabricmc.fabric.impl.recipe.sync.client.RecipeSyncImplClient for mod fabric-recipe-api-v1 (key client)
[12:26:19] [main/DEBUG] (FabricLoader/Entrypoint) Registering new-style initializer net.fabricmc.fabric.impl.recipe.ingredient.CustomIngredientInit for mod fabric-recipe-api-v1 (key main)
[12:26:19] [main/DEBUG] (FabricLoader/Entrypoint) Registering new-style initializer net.fabricmc.fabric.impl.recipe.ingredient.CustomIngredientSync for mod fabric-recipe-api-v1 (key main)
[12:26:19] [main/DEBUG] (FabricLoader/Entrypoint) Registering new-style initializer net.fabricmc.fabric.impl.recipe.sync.RecipeSyncImpl for mod fabric-recipe-api-v1 (key main)
[12:26:19] [main/DEBUG] (FabricLoader/Entrypoint) Registering new-style initializer net.irisshaders.iris.compat.modmenu.ModMenuIntegration for mod iris (key modmenu)
[12:26:19] [main/DEBUG] (FabricLoader/Entrypoint) Registering new-style initializer net.fabricmc.fabric.impl.screenhandler.client.ClientNetworking for mod fabric-screen-handler-api-v1 (key client)
[12:26:19] [main/DEBUG] (FabricLoader/Entrypoint) Registering new-style initializer net.fabricmc.fabric.impl.screenhandler.Networking for mod fabric-screen-handler-api-v1 (key main)
[12:26:19] [main/DEBUG] (FabricLoader/Entrypoint) Registering new-style initializer net.fabricmc.fabric.impl.gametest.FabricGameTestModInitializer for mod fabric-gametest-api-v1 (key main)
[12:26:19] [main/DEBUG] (FabricLoader/Entrypoint) Registering new-style initializer fabric.me.thosea.badoptimizations.fabric.modmenu.BadOptimizationsModMenu for mod badoptimizations (key modmenu)
[12:26:19] [main/DEBUG] (FabricLoader/Entrypoint) Registering new-style initializer net.fabricmc.fabric.impl.loot.v2.LootInitializer for mod fabric-loot-api-v2 (key main)
[12:26:19] [main/DEBUG] (FabricLoader/Entrypoint) Registering new-style initializer me.shedaniel.clothconfig2.fabric.ClothConfigModMenuDemo for mod cloth-config (key modmenu)
[12:26:19] [main/DEBUG] (FabricLoader/Entrypoint) Registering new-style initializer me.shedaniel.autoconfig.example.ExampleInits::exampleCommonInit for mod cloth-config (key client)
[12:26:19] [main/DEBUG] (FabricLoader/Entrypoint) Registering new-style initializer net.fabricmc.fabric.impl.tag.convention.ConventionLogWarnings for mod fabric-convention-tags-v1 (key main)
[12:26:19] [main/DEBUG] (FabricLoader/Entrypoint) Registering new-style initializer me.cominixo.betterf3.ModMenuIntegration for mod betterf3 (key modmenu)
[12:26:19] [main/DEBUG] (FabricLoader/Entrypoint) Registering new-style initializer me.cominixo.betterf3.BetterF3Fabric for mod betterf3 (key client)
[12:26:19] [main/DEBUG] (FabricLoader/Entrypoint) Registering new-style initializer net.fabricmc.fabric.impl.attachment.client.AttachmentSyncClient for mod fabric-data-attachment-api-v1 (key client)
[12:26:19] [main/DEBUG] (FabricLoader/Entrypoint) Registering new-style initializer net.fabricmc.fabric.impl.attachment.AttachmentEntrypoint for mod fabric-data-attachment-api-v1 (key main)
[12:26:19] [main/DEBUG] (FabricLoader/Entrypoint) Registering new-style initializer net.fabricmc.fabric.impl.attachment.sync.AttachmentSync for mod fabric-data-attachment-api-v1 (key main)
[12:26:19] [main/DEBUG] (FabricLoader/Entrypoint) Registering new-style initializer net.fabricmc.fabric.impl.client.registry.sync.FabricRegistryClientInit for mod fabric-registry-sync-v0 (key client)
[12:26:19] [main/DEBUG] (FabricLoader/Entrypoint) Registering new-style initializer net.fabricmc.fabric.impl.registry.sync.FabricRegistryInit for mod fabric-registry-sync-v0 (key main)
[12:26:19] [main/DEBUG] (FabricLoader/Entrypoint) Registering new-style initializer io.github.sjouwer.gammautils.config.ModMenuApiImpl for mod gammautils (key modmenu)
[12:26:19] [main/DEBUG] (FabricLoader/Entrypoint) Registering new-style initializer io.github.sjouwer.gammautils.GammaUtils for mod gammautils (key client)
[12:26:19] [main/DEBUG] (FabricLoader/Entrypoint) Registering new-style initializer net.fabricmc.fabric.impl.client.particle.ExtendedBlockStateParticleEffectSyncClient for mod fabric-particles-v1 (key client)
[12:26:19] [main/DEBUG] (FabricLoader/Entrypoint) Registering new-style initializer net.fabricmc.fabric.impl.particle.ExtendedBlockStateParticleEffectSync for mod fabric-particles-v1 (key main)
[12:26:19] [main/DEBUG] (FabricLoader/Entrypoint) Registering new-style initializer net.fabricmc.fabric.impl.resource.conditions.ResourceConditionsImpl for mod fabric-resource-conditions-api-v1 (key main)
[12:26:19] [main/DEBUG] (FabricLoader/Entrypoint) Registering new-style initializer net.caffeinemc.mods.sodium.fabric.SodiumFabricMod for mod sodium (key client)
[12:26:19] [main/DEBUG] (FabricLoader/Entrypoint) Registering new-style initializer net.caffeinemc.mods.sodium.fabric.SodiumPreLaunch for mod sodium (key preLaunch)
[12:26:19] [main/DEBUG] (FabricLoader/Entrypoint) Registering new-style initializer net.fabricmc.fabric.impl.client.rendering.hud.HudStatusBarHeightRegistryImpl for mod fabric-rendering-v1 (key client)
[12:26:19] [main/DEBUG] (FabricLoader/Entrypoint) Registering new-style initializer com.terraformersmc.modmenu.ModMenuModMenuCompat for mod modmenu (key modmenu)
[12:26:19] [main/DEBUG] (FabricLoader/Entrypoint) Registering new-style initializer com.terraformersmc.modmenu.ModMenu for mod modmenu (key client)
[12:26:19] [main/DEBUG] (FabricLoader/Entrypoint) Registering new-style initializer net.fabricmc.fabric.impl.tag.convention.v2.TranslationConventionLogWarnings for mod fabric-convention-tags-v2 (key main)
[12:26:19] [main/DEBUG] (FabricLoader/Entrypoint) Registering new-style initializer net.fabricmc.fabric.impl.client.indigo.Indigo for mod fabric-renderer-indigo (key client)
[12:26:19] [main/DEBUG] (FabricLoader/Entrypoint) Registering new-style initializer net.fabricmc.fabric.impl.client.event.lifecycle.ClientLifecycleEventsImpl for mod fabric-lifecycle-events-v1 (key client)
[12:26:19] [main/DEBUG] (FabricLoader/Entrypoint) Registering new-style initializer net.fabricmc.fabric.impl.event.lifecycle.LifecycleEventsImpl for mod fabric-lifecycle-events-v1 (key main)
[12:26:19] [main/DEBUG] (FabricLoader/Entrypoint) Registering new-style initializer net.fabricmc.fabric.impl.renderer.DebugHudClient for mod fabric-renderer-api-v1 (key client)
[12:26:19] [main/DEBUG] (FabricLoader/Entrypoint) Registering new-style initializer net.fabricmc.fabric.impl.lookup.ApiLookupImpl for mod fabric-api-lookup-api-v1 (key main)
[12:26:19] [main/DEBUG] (FabricLoader/Entrypoint) Registering new-style initializer dev.tr7zw.trender.gui.impl.modmenu.ModMenuSupport for mod trender (key modmenu)
[12:26:19] [main/DEBUG] (FabricLoader/Entrypoint) Registering new-style initializer dev.tr7zw.trender.gui.impl.client.LibGuiClient for mod trender (key client)
[12:26:19] [main/DEBUG] (FabricLoader/Entrypoint) Registering new-style initializer net.fabricmc.fabric.impl.client.model.loading.CustomUnbakedBlockStateModelInit for mod fabric-model-loading-api-v1 (key client)
[12:26:19] [main/DEBUG] (FabricLoader/Entrypoint) Registering new-style initializer net.fabricmc.fabric.impl.networking.client.ClientNetworkingImpl::clientInit for mod fabric-networking-api-v1 (key client)
[12:26:19] [main/DEBUG] (FabricLoader/Entrypoint) Registering new-style initializer net.fabricmc.fabric.impl.networking.CommonPacketsImpl::init for mod fabric-networking-api-v1 (key main)
[12:26:19] [main/DEBUG] (FabricLoader/Entrypoint) Registering new-style initializer net.fabricmc.fabric.impl.networking.NetworkingImpl::init for mod fabric-networking-api-v1 (key main)
[12:26:19] [main/DEBUG] (FabricLoader/Entrypoint) Registering new-style initializer net.fabricmc.fabric.impl.event.interaction.InteractionEventsRouter for mod fabric-events-interaction-v0 (key main)
[12:26:19] [main/DEBUG] (FabricLoader/Entrypoint) Registering new-style initializer dev.tr7zw.entityculling.config.EntityCullingModMenu for mod entityculling (key modmenu)
[12:26:19] [main/DEBUG] (FabricLoader/Entrypoint) Registering new-style initializer dev.tr7zw.entityculling.EntityCullingMod for mod entityculling (key client)
[12:26:19] [main/INFO] (FabricLoader/Mixin) SpongePowered MIXIN Subsystem Version=0.8.7 Source=file:/C:/Users/enric/.gradle/caches/modules-2/files-2.1/net.fabricmc/sponge-mixin/0.17.0+mixin.0.8.7/cf31463202f72d03b0ef1e1e38e8ee71b7faaab6/sponge-mixin-0.17.0+mixin.0.8.7.jar Service=Knot/Fabric Env=CLIENT
[12:26:19] [main/DEBUG] (FabricLoader/Mixin) Initialising Mixin Platform Manager
[12:26:19] [main/DEBUG] (FabricLoader/Mixin) Adding mixin platform agents for container ContainerHandleURI(file:///C:/Users/enric/.gradle/caches/modules-2/files-2.1/net.fabricmc/fabric-loader/0.18.4/dc4682125d5db647d6ce80a98b98945835adcd4b/fabric-loader-0.18.4.jar)
[12:26:19] [main/DEBUG] (FabricLoader/Mixin) Instancing new MixinPlatformAgentDefault for ContainerHandleURI(file:///C:/Users/enric/.gradle/caches/modules-2/files-2.1/net.fabricmc/fabric-loader/0.18.4/dc4682125d5db647d6ce80a98b98945835adcd4b/fabric-loader-0.18.4.jar)
[12:26:19] [main/DEBUG] (FabricLoader/Mixin) MixinPlatformAgentDefault accepted container ContainerHandleURI(file:///C:/Users/enric/.gradle/caches/modules-2/files-2.1/net.fabricmc/fabric-loader/0.18.4/dc4682125d5db647d6ce80a98b98945835adcd4b/fabric-loader-0.18.4.jar)
[12:26:19] [main/DEBUG] (FabricLoader/Mixin) Instancing new MixinPlatformAgentDefault for ContainerHandleURI(file:///C:/Users/enric/.gradle/caches/modules-2/files-2.1/net.fabricmc/fabric-loader/0.18.4/dc4682125d5db647d6ce80a98b98945835adcd4b/fabric-loader-0.18.4.jar)
[12:26:19] [main/DEBUG] (FabricLoader/Mixin) MixinPlatformAgentDefault accepted container ContainerHandleURI(file:///C:/Users/enric/.gradle/caches/modules-2/files-2.1/net.fabricmc/fabric-loader/0.18.4/dc4682125d5db647d6ce80a98b98945835adcd4b/fabric-loader-0.18.4.jar)
[12:26:19] [main/DEBUG] (FabricLoader/Mixin) Processing prepare() for PlatformAgent[MixinPlatformAgentDefault:ContainerHandleURI(file:///C:/Users/enric/.gradle/caches/modules-2/files-2.1/net.fabricmc/fabric-loader/0.18.4/dc4682125d5db647d6ce80a98b98945835adcd4b/fabric-loader-0.18.4.jar)]
[12:26:19] [main/DEBUG] (FabricLoader/Mixin) Processing prepare() for PlatformAgent[MixinPlatformAgentDefault:ContainerHandleURI(file:///C:/Users/enric/.gradle/caches/modules-2/files-2.1/net.fabricmc/fabric-loader/0.18.4/dc4682125d5db647d6ce80a98b98945835adcd4b/fabric-loader-0.18.4.jar)]
[12:26:19] [main/INFO] (FabricLoader/Mixin) Loaded Fabric development mappings for mixin remapper!
[12:26:19] [main/DEBUG] (FabricLoader/Mixin) Compatibility level JAVA_21 specified by infernum.mixins.json is higher than the maximum level supported by this version of mixin (JAVA_13).
[12:26:19] [main/INFO] (FabricLoader/Mixin) Compatibility level set to JAVA_21
[12:26:19] [main/DEBUG] (FabricLoader/Mixin) Mixin config infernum.mixins.json does not specify "minVersion" or "requiredFeatures" property
[12:26:19] [main/DEBUG] (FabricLoader/Mixin) Mixin config fabric-key-binding-api-v1.mixins.json does not specify "minVersion" or "requiredFeatures" property
[12:26:19] [main/DEBUG] (FabricLoader/Mixin) Mixin config fabric-tag-api-v1.mixins.json does not specify "minVersion" or "requiredFeatures" property
[12:26:19] [main/DEBUG] (FabricLoader/Mixin) Mixin config fabric-crash-report-info-v1.mixins.json does not specify "minVersion" or "requiredFeatures" property
[12:26:19] [main/DEBUG] (FabricLoader/Mixin) Mixin config fabric-recipe-api-v1.mixins.json does not specify "minVersion" or "requiredFeatures" property
[12:26:19] [main/DEBUG] (FabricLoader/Mixin) Mixin config fabric-recipe-api-v1.client.mixins.json does not specify "minVersion" or "requiredFeatures" property
[12:26:19] [main/DEBUG] (FabricLoader/Mixin) Mixin config fabric-screen-handler-api-v1.mixins.json does not specify "minVersion" or "requiredFeatures" property
[12:26:19] [main/DEBUG] (FabricLoader/Mixin) Mixin config fabric-dimensions-v1.mixins.json does not specify "minVersion" or "requiredFeatures" property
[12:26:19] [main/DEBUG] (FabricLoader/Mixin) Mixin config fabric-serialization-api-v1.mixins.json does not specify "minVersion" or "requiredFeatures" property
[12:26:19] [main/DEBUG] (FabricLoader/Mixin) Mixin config fabric-client-gametest-api-v1.mixins.json does not specify "minVersion" or "requiredFeatures" property
[12:26:19] [main/DEBUG] (FabricLoader/Mixin) Mixin config fabric-game-rule-api-v1.mixins.json does not specify "minVersion" or "requiredFeatures" property
[12:26:19] [main/DEBUG] (FabricLoader/Mixin) Mixin config fabric-game-rule-api-v1.client.mixins.json does not specify "minVersion" or "requiredFeatures" property
[12:26:19] [main/DEBUG] (FabricLoader/Mixin) Mixin config fabric-gametest-api-v1.mixins.json does not specify "minVersion" or "requiredFeatures" property
[12:26:19] [main/DEBUG] (FabricLoader/Mixin) Compatibility level JAVA_17 specified by fabric-badoptimizations.mixins.json is higher than the maximum level supported by this version of mixin (JAVA_13).
[12:26:19] [main/DEBUG] (FabricLoader/Mixin) Mixin config fabric-object-builder-v1.mixins.json does not specify "minVersion" or "requiredFeatures" property
[12:26:19] [main/DEBUG] (FabricLoader/Mixin) Mixin config fabric-object-builder-v1.client.mixins.json does not specify "minVersion" or "requiredFeatures" property
[12:26:19] [main/DEBUG] (FabricLoader/Mixin) Mixin config fabric-loot-api-v2.mixins.json does not specify "minVersion" or "requiredFeatures" property
[12:26:19] [main/DEBUG] (FabricLoader/Mixin) Mixin config fabric-entity-events-v1.mixins.json does not specify "minVersion" or "requiredFeatures" property
[12:26:19] [main/DEBUG] (FabricLoader/Mixin) Mixin config fabric-sound-api-v1.mixins.json does not specify "minVersion" or "requiredFeatures" property
[12:26:19] [main/DEBUG] (FabricLoader/Mixin) Mixin config fabric-screen-api-v1.mixins.json does not specify "minVersion" or "requiredFeatures" property
[12:26:19] [main/DEBUG] (FabricLoader/Mixin) Mixin config fabric-resource-loader-v0.mixins.json does not specify "minVersion" or "requiredFeatures" property
[12:26:19] [main/DEBUG] (FabricLoader/Mixin) Mixin config fabric-resource-loader-v0.client.mixins.json does not specify "minVersion" or "requiredFeatures" property
[12:26:19] [main/DEBUG] (FabricLoader/Mixin) Mixin config fabric-loot-api-v3.mixins.json does not specify "minVersion" or "requiredFeatures" property
[12:26:19] [main/DEBUG] (FabricLoader/Mixin) Compatibility level JAVA_17 specified by betterf3.mixins.json is higher than the maximum level supported by this version of mixin (JAVA_13).
[12:26:19] [main/DEBUG] (FabricLoader/Mixin) Mixin config fabric-data-attachment-api-v1.mixins.json does not specify "minVersion" or "requiredFeatures" property
[12:26:19] [main/DEBUG] (FabricLoader/Mixin) Mixin config fabric-data-attachment-api-v1.client.mixins.json does not specify "minVersion" or "requiredFeatures" property
[12:26:19] [main/DEBUG] (FabricLoader/Mixin) Mixin config fabric-registry-sync-v0.mixins.json does not specify "minVersion" or "requiredFeatures" property
[12:26:19] [main/DEBUG] (FabricLoader/Mixin) Mixin config fabric-registry-sync-v0.client.mixins.json does not specify "minVersion" or "requiredFeatures" property
[12:26:19] [main/DEBUG] (FabricLoader/Mixin) Mixin config fabric-particles-v1.mixins.json does not specify "minVersion" or "requiredFeatures" property
[12:26:19] [main/DEBUG] (FabricLoader/Mixin) Mixin config fabric-particles-v1.client.mixins.json does not specify "minVersion" or "requiredFeatures" property
[12:26:19] [main/DEBUG] (FabricLoader/Mixin) Mixin config fabric-transfer-api-v1.mixins.json does not specify "minVersion" or "requiredFeatures" property
[12:26:19] [main/DEBUG] (FabricLoader/Mixin) Mixin config fabric-resource-conditions-api-v1.mixins.json does not specify "minVersion" or "requiredFeatures" property
[12:26:19] [main/DEBUG] (FabricLoader/Mixin) Mixin config fabric-biome-api-v1.mixins.json does not specify "minVersion" or "requiredFeatures" property
[12:26:19] [main/DEBUG] (FabricLoader/Mixin) Mixin config fabric-rendering-fluids-v1.mixins.json does not specify "minVersion" or "requiredFeatures" property
[12:26:19] [main/DEBUG] (FabricLoader/Mixin) Compatibility level JAVA_17 specified by sodium-common.mixins.json is higher than the maximum level supported by this version of mixin (JAVA_13).
[12:26:19] [main/DEBUG] (FabricLoader/Mixin) Mixin config sodium-common.mixins.json does not specify "minVersion" or "requiredFeatures" property
[12:26:19] [main/DEBUG] (FabricLoader/Mixin) Compatibility level JAVA_17 specified by sodium-fabric.mixins.json is higher than the maximum level supported by this version of mixin (JAVA_13).
[12:26:19] [main/DEBUG] (FabricLoader/Mixin) Mixin config sodium-fabric.mixins.json does not specify "minVersion" or "requiredFeatures" property
[12:26:19] [main/DEBUG] (FabricLoader/Mixin) Mixin config fabric-rendering-v1.mixins.json does not specify "minVersion" or "requiredFeatures" property
[12:26:19] [main/DEBUG] (FabricLoader/Mixin) Mixin config fabric-convention-tags-api-v2.mixins.json does not specify "minVersion" or "requiredFeatures" property
[12:26:19] [main/DEBUG] (FabricLoader/Mixin) Mixin config fabric-renderer-indigo.mixins.json does not specify "minVersion" or "requiredFeatures" property
[12:26:19] [main/DEBUG] (FabricLoader/Mixin) Mixin config fabric-command-api-v2.mixins.json does not specify "minVersion" or "requiredFeatures" property
[12:26:19] [main/DEBUG] (FabricLoader/Mixin) Mixin config fabric-command-api-v2.client.mixins.json does not specify "minVersion" or "requiredFeatures" property
[12:26:19] [main/DEBUG] (FabricLoader/Mixin) Mixin config fabric-lifecycle-events-v1.mixins.json does not specify "minVersion" or "requiredFeatures" property
[12:26:19] [main/DEBUG] (FabricLoader/Mixin) Mixin config fabric-lifecycle-events-v1.client.mixins.json does not specify "minVersion" or "requiredFeatures" property
[12:26:19] [main/DEBUG] (FabricLoader/Mixin) Mixin config fabric-item-group-api-v1.mixins.json does not specify "minVersion" or "requiredFeatures" property
[12:26:19] [main/DEBUG] (FabricLoader/Mixin) Mixin config fabric-item-group-api-v1.client.mixins.json does not specify "minVersion" or "requiredFeatures" property
[12:26:19] [main/DEBUG] (FabricLoader/Mixin) Mixin config fabric-renderer-api-v1.mixins.json does not specify "minVersion" or "requiredFeatures" property
[12:26:19] [main/DEBUG] (FabricLoader/Mixin) Mixin config fabric-api-lookup-api-v1.mixins.json does not specify "minVersion" or "requiredFeatures" property
[12:26:19] [main/DEBUG] (FabricLoader/Mixin) Mixin config fabric-message-api-v1.mixins.json does not specify "minVersion" or "requiredFeatures" property
[12:26:19] [main/DEBUG] (FabricLoader/Mixin) Mixin config fabric-message-api-v1.client.mixins.json does not specify "minVersion" or "requiredFeatures" property
[12:26:19] [main/DEBUG] (FabricLoader/Mixin) Mixin config fabric-block-api-v1.mixins.json does not specify "minVersion" or "requiredFeatures" property
[12:26:19] [main/DEBUG] (FabricLoader/Mixin) Mixin config fabric-block-view-api-v2.mixins.json does not specify "minVersion" or "requiredFeatures" property
[12:26:19] [main/DEBUG] (FabricLoader/Mixin) Mixin config fabric-block-view-api-v2.client.mixins.json does not specify "minVersion" or "requiredFeatures" property
[12:26:19] [main/DEBUG] (FabricLoader/Mixin) Mixin config fabric-model-loading-api-v1.mixins.json does not specify "minVersion" or "requiredFeatures" property
[12:26:19] [main/DEBUG] (FabricLoader/Mixin) Mixin config fabric-networking-api-v1.mixins.json does not specify "minVersion" or "requiredFeatures" property
[12:26:19] [main/DEBUG] (FabricLoader/Mixin) Mixin config fabric-networking-api-v1.client.mixins.json does not specify "minVersion" or "requiredFeatures" property
[12:26:19] [main/DEBUG] (FabricLoader/Mixin) Mixin config fabric-data-generation-api-v1.mixins.json does not specify "minVersion" or "requiredFeatures" property
[12:26:19] [main/DEBUG] (FabricLoader/Mixin) Mixin config fabric-data-generation-api-v1.client.mixins.json does not specify "minVersion" or "requiredFeatures" property
[12:26:19] [main/DEBUG] (FabricLoader/Mixin) Mixin config fabric-resource-loader-v1.mixins.json does not specify "minVersion" or "requiredFeatures" property
[12:26:19] [main/DEBUG] (FabricLoader/Mixin) Mixin config fabric-resource-loader-v1.client.mixins.json does not specify "minVersion" or "requiredFeatures" property
[12:26:19] [main/DEBUG] (FabricLoader/Mixin) Mixin config fabric-events-interaction-v0.mixins.json does not specify "minVersion" or "requiredFeatures" property
[12:26:19] [main/DEBUG] (FabricLoader/Mixin) Mixin config fabric-events-interaction-v0.client.mixins.json does not specify "minVersion" or "requiredFeatures" property
[12:26:19] [main/DEBUG] (FabricLoader/Mixin) Compatibility level JAVA_16 specified by entityculling.mixins.json is higher than the maximum level supported by this version of mixin (JAVA_13).
[12:26:19] [main/DEBUG] (FabricLoader/Mixin) Mixin config fabric-content-registries-v0.mixins.json does not specify "minVersion" or "requiredFeatures" property
[12:26:19] [main/DEBUG] (FabricLoader/Mixin) Mixin config fabric-item-api-v1.mixins.json does not specify "minVersion" or "requiredFeatures" property
[12:26:19] [main/DEBUG] (FabricLoader/Mixin) Mixin config fabric-item-api-v1.client.mixins.json does not specify "minVersion" or "requiredFeatures" property
[12:26:19] [main/DEBUG] (FabricLoader/Mixin) Compatibility level JAVA_17 specified by ferritecore.accessors.mixin.json is higher than the maximum level supported by this version of mixin (JAVA_13).
[12:26:19] [main/DEBUG] (FabricLoader/Mixin) Compatibility level JAVA_17 specified by ferritecore.blockstatecache.mixin.json is higher than the maximum level supported by this version of mixin (JAVA_13).
[12:26:19] [main/DEBUG] (FabricLoader/Mixin) Compatibility level JAVA_17 specified by ferritecore.fastmap.mixin.json is higher than the maximum level supported by this version of mixin (JAVA_13).
[12:26:19] [main/DEBUG] (FabricLoader/Mixin) Compatibility level JAVA_17 specified by ferritecore.threaddetec.mixin.json is higher than the maximum level supported by this version of mixin (JAVA_13).
[12:26:19] [main/DEBUG] (FabricLoader/Knot) Adding C:\Users\enric\IdeaProjects\frozen-fabric\.gradle\loom-cache\minecraftMaven\net\minecraft\minecraft-merged-6227aad8ee\1.21.10-loom.mappings.1_21_10.layered+hash.2198-v2\minecraft-merged-6227aad8ee-1.21.10-loom.mappings.1_21_10.layered+hash.2198-v2.jar to classpath.
[12:26:19] [main/DEBUG] (FabricLoader/Knot) Adding C:\Users\enric\IdeaProjects\frozen-fabric\build\classes\java\main to classpath.
[12:26:19] [main/DEBUG] (FabricLoader/Knot) Adding C:\Users\enric\IdeaProjects\frozen-fabric\build\classes\kotlin\main to classpath.
[12:26:19] [main/DEBUG] (FabricLoader/Knot) Adding C:\Users\enric\IdeaProjects\frozen-fabric\build\resources\main to classpath.
[12:26:19] [main/DEBUG] (FabricLoader/Knot) Adding C:\Users\enric\.gradle\caches\fabric-loom\1.21.10\loom.mappings.1_21_10.layered+hash.2198-v2\mappings.jar to classpath.
[12:26:19] [main/DEBUG] (FabricLoader/Knot) Adding C:\Users\enric\.gradle\caches\modules-2\files-2.1\org.jetbrains.kotlinx\kotlinx-serialization-core-jvm\1.10.0\9400c03c056953bbbf30e861e63735c90e9eb320\kotlinx-serialization-core-jvm-1.10.0.jar to classpath.
[12:26:19] [main/DEBUG] (FabricLoader/Knot) Adding C:\Users\enric\.gradle\caches\modules-2\files-2.1\org.jetbrains.kotlinx\kotlinx-serialization-json-jvm\1.10.0\a74d7819e02bad98af4d6b56c4f45aa6d31ef4ad\kotlinx-serialization-json-jvm-1.10.0.jar to classpath.
[12:26:19] [main/DEBUG] (FabricLoader/Knot) Adding C:\Users\enric\.gradle\caches\modules-2\files-2.1\org.jetbrains.kotlin\kotlin-stdlib\2.3.0\ebc4eb2b6e6c91b6c844c1e3183920d86f2ef656\kotlin-stdlib-2.3.0.jar to classpath.
[12:26:19] [main/DEBUG] (FabricLoader/Knot) Adding C:\Users\enric\.gradle\caches\modules-2\files-2.1\meteordevelopment\orbit\0.2.3\f7d2fa4fee9c0a61703a6392f3b649436b2d2fcd\orbit-0.2.3.jar to classpath.
[12:26:19] [main/DEBUG] (FabricLoader/Knot) Adding C:\Users\enric\.gradle\caches\modules-2\files-2.1\io.github.llamalad7\mixinextras-fabric\0.5.0\91a83dfb7abd320f6236bd1fcf5c0ff143d59a13\mixinextras-fabric-0.5.0.jar to classpath.
[12:26:19] [main/DEBUG] (FabricLoader/Knot) Adding C:\Users\enric\.gradle\caches\modules-2\files-2.1\net.fabricmc\dev-launch-injector\0.2.1+build.8\da8bef7e6e2f952da707f282bdb46882a0fce5e3\dev-launch-injector-0.2.1+build.8.jar to classpath.
[12:26:19] [main/DEBUG] (FabricLoader/Knot) Adding C:\Users\enric\.gradle\caches\modules-2\files-2.1\com.fasterxml.jackson.core\jackson-annotations\2.13.4\858c6cc78e1f08a885b1613e1d817c829df70a6e\jackson-annotations-2.13.4.jar to classpath.
[12:26:19] [main/DEBUG] (FabricLoader/Knot) Adding C:\Users\enric\.gradle\caches\modules-2\files-2.1\com.fasterxml.jackson.core\jackson-core\2.13.4\cf934c681294b97ef6d80082faeefbe1edadf56\jackson-core-2.13.4.jar to classpath.
[12:26:19] [main/DEBUG] (FabricLoader/Knot) Adding C:\Users\enric\.gradle\caches\modules-2\files-2.1\com.fasterxml.jackson.core\jackson-databind\2.13.4.2\325c06bdfeb628cfb80ebaaf1a26cc1eb558a585\jackson-databind-2.13.4.2.jar to classpath.
[12:26:19] [main/DEBUG] (FabricLoader/Knot) Adding C:\Users\enric\.gradle\caches\modules-2\files-2.1\com.github.oshi\oshi-core\6.6.5\e1099981fd15dc4236c4499d82aba1276fb43a9a\oshi-core-6.6.5.jar to classpath.
[12:26:19] [main/DEBUG] (FabricLoader/Knot) Adding C:\Users\enric\.gradle\caches\modules-2\files-2.1\com.github.stephenc.jcip\jcip-annotations\1.0-1\ef31541dd28ae2cefdd17c7ebf352d93e9058c63\jcip-annotations-1.0-1.jar to classpath.
[12:26:19] [main/DEBUG] (FabricLoader/Knot) Adding C:\Users\enric\.gradle\caches\modules-2\files-2.1\com.google.guava\failureaccess\1.0.2\c4a06a64e650562f30b7bf9aaec1bfed43aca12b\failureaccess-1.0.2.jar to classpath.
[12:26:19] [main/DEBUG] (FabricLoader/Knot) Adding C:\Users\enric\.gradle\caches\modules-2\files-2.1\com.google.guava\guava\33.3.1-jre\852f8b363da0111e819460021ca693cacca3e8db\guava-33.3.1-jre.jar to classpath.
[12:26:19] [main/DEBUG] (FabricLoader/Knot) Adding C:\Users\enric\.gradle\caches\modules-2\files-2.1\com.ibm.icu\icu4j\76.1\215f3a8e936d4069344bd75f2b1368fd58112894\icu4j-76.1.jar to classpath.
[12:26:19] [main/DEBUG] (FabricLoader/Knot) Adding C:\Users\enric\.gradle\caches\modules-2\files-2.1\com.microsoft.azure\msal4j\1.17.2\a6211e3d71d0388929babaa0ff0951b30d001852\msal4j-1.17.2.jar to classpath.
[12:26:19] [main/DEBUG] (FabricLoader/Knot) Adding C:\Users\enric\.gradle\caches\modules-2\files-2.1\com.mojang\blocklist\1.0.10\5c685c5ffa94c4cd39496c7184c1d122e515ecef\blocklist-1.0.10.jar to classpath.
[12:26:19] [main/DEBUG] (FabricLoader/Knot) Adding C:\Users\enric\.gradle\caches\modules-2\files-2.1\com.mojang\brigadier\1.3.10\d15b53a14cf20fdcaa98f731af5dda654452c010\brigadier-1.3.10.jar to classpath.
[12:26:19] [main/DEBUG] (FabricLoader/Knot) Adding C:\Users\enric\.gradle\caches\modules-2\files-2.1\com.mojang\datafixerupper\8.0.16\67d4de6d7f95d89bcf5862995fb854ebaec02a34\datafixerupper-8.0.16.jar to classpath.
[12:26:19] [main/DEBUG] (FabricLoader/Knot) Adding C:\Users\enric\.gradle\caches\modules-2\files-2.1\com.mojang\jtracy\1.0.36\20a63d06b621bfeb3cb21ef51b7fa40c0fc22021\jtracy-1.0.36.jar to classpath.
[12:26:19] [main/DEBUG] (FabricLoader/Knot) Adding C:\Users\enric\.gradle\caches\modules-2\files-2.1\com.mojang\jtracy\1.0.36\b42bc771ab0d38a920258dd771eaf4f3c08011fa\jtracy-1.0.36-natives-windows.jar to classpath.
[12:26:19] [main/DEBUG] (FabricLoader/Knot) Adding C:\Users\enric\.gradle\caches\modules-2\files-2.1\com.mojang\patchy\2.2.10\da05971b07cbb379d002cf7eaec6a2048211fefc\patchy-2.2.10.jar to classpath.
[12:26:19] [main/DEBUG] (FabricLoader/Knot) Adding C:\Users\enric\.gradle\caches\modules-2\files-2.1\com.mojang\text2speech\1.18.11\e853a12cdd6ba4f4836e8f4bf3b37844a13482b6\text2speech-1.18.11.jar to classpath.
[12:26:19] [main/DEBUG] (FabricLoader/Knot) Adding C:\Users\enric\.gradle\caches\modules-2\files-2.1\com.nimbusds\content-type\2.3\e3aa0be212d7a42839a8f3f506f5b990bcce0222\content-type-2.3.jar to classpath.
[12:26:19] [main/DEBUG] (FabricLoader/Knot) Adding C:\Users\enric\.gradle\caches\modules-2\files-2.1\com.nimbusds\lang-tag\1.7\97c73ecd70bc7e8eefb26c5eea84f251a63f1031\lang-tag-1.7.jar to classpath.
[12:26:19] [main/DEBUG] (FabricLoader/Knot) Adding C:\Users\enric\.gradle\caches\modules-2\files-2.1\com.nimbusds\nimbus-jose-jwt\9.40\42b1dfa0360e4062951b070bac52dd8d96fd7b38\nimbus-jose-jwt-9.40.jar to classpath.
[12:26:19] [main/DEBUG] (FabricLoader/Knot) Adding C:\Users\enric\.gradle\caches\modules-2\files-2.1\com.nimbusds\oauth2-oidc-sdk\11.18\7c7ec4f4066625ff07a711ad856fa04da1ff9de\oauth2-oidc-sdk-11.18.jar to classpath.
[12:26:19] [main/DEBUG] (FabricLoader/Knot) Adding C:\Users\enric\.gradle\caches\modules-2\files-2.1\commons-codec\commons-codec\1.17.1\973638b7149d333563584137ebf13a691bb60579\commons-codec-1.17.1.jar to classpath.
[12:26:19] [main/DEBUG] (FabricLoader/Knot) Adding C:\Users\enric\.gradle\caches\modules-2\files-2.1\commons-io\commons-io\2.17.0\ddcc8433eb019fb48fe25207c0278143f3e1d7e2\commons-io-2.17.0.jar to classpath.
[12:26:19] [main/DEBUG] (FabricLoader/Knot) Adding C:\Users\enric\.gradle\caches\modules-2\files-2.1\commons-logging\commons-logging\1.3.4\b9fc14968d63a8b8a8a2c1885fe3e90564239708\commons-logging-1.3.4.jar to classpath.
[12:26:19] [main/DEBUG] (FabricLoader/Knot) Adding C:\Users\enric\.gradle\caches\modules-2\files-2.1\io.netty\netty-buffer\4.1.118.Final\7022990af1e0d449f9d5322035899745e19735c5\netty-buffer-4.1.118.Final.jar to classpath.
[12:26:19] [main/DEBUG] (FabricLoader/Knot) Adding C:\Users\enric\.gradle\caches\modules-2\files-2.1\io.netty\netty-codec-http\4.1.118.Final\eda08a71294afe78c779b85fd696bc13491507a8\netty-codec-http-4.1.118.Final.jar to classpath.
[12:26:19] [main/DEBUG] (FabricLoader/Knot) Adding C:\Users\enric\.gradle\caches\modules-2\files-2.1\io.netty\netty-codec\4.1.118.Final\307f665c08ce57333121de4f460479fc0c3c94d4\netty-codec-4.1.118.Final.jar to classpath.
[12:26:19] [main/DEBUG] (FabricLoader/Knot) Adding C:\Users\enric\.gradle\caches\modules-2\files-2.1\io.netty\netty-common\4.1.118.Final\4bb0f9899146484fa89f7b9bc27389d5b8e2ecde\netty-common-4.1.118.Final.jar to classpath.
[12:26:19] [main/DEBUG] (FabricLoader/Knot) Adding C:\Users\enric\.gradle\caches\modules-2\files-2.1\io.netty\netty-handler\4.1.118.Final\30ebb05b6b0fb071dbfcf713017c4a767a97bb9b\netty-handler-4.1.118.Final.jar to classpath.
[12:26:19] [main/DEBUG] (FabricLoader/Knot) Adding C:\Users\enric\.gradle\caches\modules-2\files-2.1\io.netty\netty-resolver\4.1.118.Final\28c378c19c1779eca1104b400452627f3ebc4aea\netty-resolver-4.1.118.Final.jar to classpath.
[12:26:19] [main/DEBUG] (FabricLoader/Knot) Adding C:\Users\enric\.gradle\caches\modules-2\files-2.1\io.netty\netty-transport-classes-epoll\4.1.118.Final\376ce95507066f0e755d97c1c8bcd6c33f657617\netty-transport-classes-epoll-4.1.118.Final.jar to classpath.
[12:26:19] [main/DEBUG] (FabricLoader/Knot) Adding C:\Users\enric\.gradle\caches\modules-2\files-2.1\io.netty\netty-transport-native-unix-common\4.1.118.Final\9da25a94e6a0edac90da0bc7894e5a54efcb866b\netty-transport-native-unix-common-4.1.118.Final.jar to classpath.
[12:26:19] [main/DEBUG] (FabricLoader/Knot) Adding C:\Users\enric\.gradle\caches\modules-2\files-2.1\io.netty\netty-transport\4.1.118.Final\5a27232e5d08218722d94ca14f0b1b4576e7711c\netty-transport-4.1.118.Final.jar to classpath.
[12:26:19] [main/DEBUG] (FabricLoader/Knot) Adding C:\Users\enric\.gradle\caches\modules-2\files-2.1\it.unimi.dsi\fastutil\8.5.15\1e885b40c9563ab0d3899b871fd0b30e958705dc\fastutil-8.5.15.jar to classpath.
[12:26:19] [main/DEBUG] (FabricLoader/Knot) Adding C:\Users\enric\.gradle\caches\modules-2\files-2.1\net.java.dev.jna\jna-platform\5.15.0\86b502cad57d45da172b5e3231c537b042e296ef\jna-platform-5.15.0.jar to classpath.
[12:26:19] [main/DEBUG] (FabricLoader/Knot) Adding C:\Users\enric\.gradle\caches\modules-2\files-2.1\net.java.dev.jna\jna\5.15.0\1ee1d80ff44f08280188f7c0e740d57207841ac\jna-5.15.0.jar to classpath.
[12:26:19] [main/DEBUG] (FabricLoader/Knot) Adding C:\Users\enric\.gradle\caches\modules-2\files-2.1\net.minidev\accessors-smart\2.5.1\19b820261eb2e7de7d5bde11d1c06e4501dd7e5f\accessors-smart-2.5.1.jar to classpath.
[12:26:19] [main/DEBUG] (FabricLoader/Knot) Adding C:\Users\enric\.gradle\caches\modules-2\files-2.1\net.minidev\json-smart\2.5.1\4c11d2808d009132dfbbf947ebf37de6bf266c8e\json-smart-2.5.1.jar to classpath.
[12:26:19] [main/DEBUG] (FabricLoader/Knot) Adding C:\Users\enric\.gradle\caches\modules-2\files-2.1\net.sf.jopt-simple\jopt-simple\5.0.4\4fdac2fbe92dfad86aa6e9301736f6b4342a3f5c\jopt-simple-5.0.4.jar to classpath.
[12:26:19] [main/DEBUG] (FabricLoader/Knot) Adding C:\Users\enric\.gradle\caches\modules-2\files-2.1\org.apache.commons\commons-compress\1.27.1\a19151084758e2fbb6b41eddaa88e7b8ff4e6599\commons-compress-1.27.1.jar to classpath.
[12:26:19] [main/DEBUG] (FabricLoader/Knot) Adding C:\Users\enric\.gradle\caches\modules-2\files-2.1\org.apache.commons\commons-lang3\3.17.0\b17d2136f0460dcc0d2016ceefca8723bdf4ee70\commons-lang3-3.17.0.jar to classpath.
[12:26:19] [main/DEBUG] (FabricLoader/Knot) Adding C:\Users\enric\.gradle\caches\modules-2\files-2.1\org.apache.httpcomponents\httpclient\4.5.14\1194890e6f56ec29177673f2f12d0b8e627dec98\httpclient-4.5.14.jar to classpath.
[12:26:19] [main/DEBUG] (FabricLoader/Knot) Adding C:\Users\enric\.gradle\caches\modules-2\files-2.1\org.apache.httpcomponents\httpcore\4.4.16\51cf043c87253c9f58b539c9f7e44c8894223850\httpcore-4.4.16.jar to classpath.
[12:26:19] [main/DEBUG] (FabricLoader/Knot) Adding C:\Users\enric\.gradle\caches\modules-2\files-2.1\org.jcraft\jorbis\0.0.17\8872d22b293e8f5d7d56ff92be966e6dc28ebdc6\jorbis-0.0.17.jar to classpath.
[12:26:19] [main/DEBUG] (FabricLoader/Knot) Adding C:\Users\enric\.gradle\caches\modules-2\files-2.1\org.joml\joml\1.10.8\fc0a71dad90a2cf41d82a76156a0e700af8e4f8d\joml-1.10.8.jar to classpath.
[12:26:19] [main/DEBUG] (FabricLoader/Knot) Adding C:\Users\enric\.gradle\caches\modules-2\files-2.1\org.lwjgl\lwjgl-freetype\3.3.3\a0db6c84a8becc8ca05f9dbfa985edc348a824c7\lwjgl-freetype-3.3.3.jar to classpath.
[12:26:19] [main/DEBUG] (FabricLoader/Knot) Adding C:\Users\enric\.gradle\caches\modules-2\files-2.1\org.lwjgl\lwjgl-freetype\3.3.3\81091b006dbb43fab04c8c638e9ac87c51b4096d\lwjgl-freetype-3.3.3-natives-windows.jar to classpath.
[12:26:19] [main/DEBUG] (FabricLoader/Knot) Adding C:\Users\enric\.gradle\caches\modules-2\files-2.1\org.lwjgl\lwjgl-freetype\3.3.3\82028265a0a2ff33523ca75137ada7dc176e5210\lwjgl-freetype-3.3.3-natives-windows-arm64.jar to classpath.
[12:26:19] [main/DEBUG] (FabricLoader/Knot) Adding C:\Users\enric\.gradle\caches\modules-2\files-2.1\org.lwjgl\lwjgl-freetype\3.3.3\15a8c1de7f51d07a92eae7ce1222557073a0c0c3\lwjgl-freetype-3.3.3-natives-windows-x86.jar to classpath.
[12:26:19] [main/DEBUG] (FabricLoader/Knot) Adding C:\Users\enric\.gradle\caches\modules-2\files-2.1\org.lwjgl\lwjgl-glfw\3.3.3\efa1eb78c5ccd840e9f329717109b5e892d72f8e\lwjgl-glfw-3.3.3.jar to classpath.
[12:26:19] [main/DEBUG] (FabricLoader/Knot) Adding C:\Users\enric\.gradle\caches\modules-2\files-2.1\org.lwjgl\lwjgl-glfw\3.3.3\e449e28b4891fc423c54c85fbc5bb0b9efece67a\lwjgl-glfw-3.3.3-natives-windows.jar to classpath.
[12:26:19] [main/DEBUG] (FabricLoader/Knot) Adding C:\Users\enric\.gradle\caches\modules-2\files-2.1\org.lwjgl\lwjgl-glfw\3.3.3\f27018dc74f6289574502b46cce55d52817554e2\lwjgl-glfw-3.3.3-natives-windows-arm64.jar to classpath.
[12:26:19] [main/DEBUG] (FabricLoader/Knot) Adding C:\Users\enric\.gradle\caches\modules-2\files-2.1\org.lwjgl\lwjgl-glfw\3.3.3\32334f3fd5270a59bad9939a93115acb6de36dcf\lwjgl-glfw-3.3.3-natives-windows-x86.jar to classpath.
[12:26:19] [main/DEBUG] (FabricLoader/Knot) Adding C:\Users\enric\.gradle\caches\modules-2\files-2.1\org.lwjgl\lwjgl-jemalloc\3.3.3\b543467b7ff3c6920539a88ee602d34098628be5\lwjgl-jemalloc-3.3.3.jar to classpath.
[12:26:19] [main/DEBUG] (FabricLoader/Knot) Adding C:\Users\enric\.gradle\caches\modules-2\files-2.1\org.lwjgl\lwjgl-jemalloc\3.3.3\426222fc027602a5f21b9c0fe79cde6a4c7a011f\lwjgl-jemalloc-3.3.3-natives-windows.jar to classpath.
[12:26:19] [main/DEBUG] (FabricLoader/Knot) Adding C:\Users\enric\.gradle\caches\modules-2\files-2.1\org.lwjgl\lwjgl-jemalloc\3.3.3\ba1f3fed0ee4be0217eaa41c5bbfb4b9b1383c33\lwjgl-jemalloc-3.3.3-natives-windows-arm64.jar to classpath.
[12:26:19] [main/DEBUG] (FabricLoader/Knot) Adding C:\Users\enric\.gradle\caches\modules-2\files-2.1\org.lwjgl\lwjgl-jemalloc\3.3.3\f6063b6e0f23be483c5c88d84ce51b39dc69126c\lwjgl-jemalloc-3.3.3-natives-windows-x86.jar to classpath.
[12:26:19] [main/DEBUG] (FabricLoader/Knot) Adding C:\Users\enric\.gradle\caches\modules-2\files-2.1\org.lwjgl\lwjgl-openal\3.3.3\daada81ceb5fc0c291fbfdd4433cb8d9423577f2\lwjgl-openal-3.3.3.jar to classpath.
[12:26:19] [main/DEBUG] (FabricLoader/Knot) Adding C:\Users\enric\.gradle\caches\modules-2\files-2.1\org.lwjgl\lwjgl-openal\3.3.3\cf83862ae95d98496b26915024c7e666d8ab1c8f\lwjgl-openal-3.3.3-natives-windows.jar to classpath.
[12:26:19] [main/DEBUG] (FabricLoader/Knot) Adding C:\Users\enric\.gradle\caches\modules-2\files-2.1\org.lwjgl\lwjgl-openal\3.3.3\8e0615235116b9e4160dfe87bec90f5f6378bf72\lwjgl-openal-3.3.3-natives-windows-arm64.jar to classpath.
[12:26:19] [main/DEBUG] (FabricLoader/Knot) Adding C:\Users\enric\.gradle\caches\modules-2\files-2.1\org.lwjgl\lwjgl-openal\3.3.3\87b8d5050e3adb46bb58fe1cb2669a4a48fce10d\lwjgl-openal-3.3.3-natives-windows-x86.jar to classpath.
[12:26:19] [main/DEBUG] (FabricLoader/Knot) Adding C:\Users\enric\.gradle\caches\modules-2\files-2.1\org.lwjgl\lwjgl-opengl\3.3.3\2f6b0147078396a58979125a4c947664e98293a\lwjgl-opengl-3.3.3.jar to classpath.
[12:26:19] [main/DEBUG] (FabricLoader/Knot) Adding C:\Users\enric\.gradle\caches\modules-2\files-2.1\org.lwjgl\lwjgl-opengl\3.3.3\e6c1eec8be8a71951b830a4d69efc01c6531900c\lwjgl-opengl-3.3.3-natives-windows.jar to classpath.
[12:26:19] [main/DEBUG] (FabricLoader/Knot) Adding C:\Users\enric\.gradle\caches\modules-2\files-2.1\org.lwjgl\lwjgl-opengl\3.3.3\65e956d3735a1abdc82eff4baec1b61174697d4b\lwjgl-opengl-3.3.3-natives-windows-arm64.jar to classpath.
[12:26:19] [main/DEBUG] (FabricLoader/Knot) Adding C:\Users\enric\.gradle\caches\modules-2\files-2.1\org.lwjgl\lwjgl-opengl\3.3.3\d32d833dcaa2f355a886eaf21f0408b5f03241d\lwjgl-opengl-3.3.3-natives-windows-x86.jar to classpath.
[12:26:19] [main/DEBUG] (FabricLoader/Knot) Adding C:\Users\enric\.gradle\caches\modules-2\files-2.1\org.lwjgl\lwjgl-stb\3.3.3\25dd6161988d7e65f71d5065c99902402ee32746\lwjgl-stb-3.3.3.jar to classpath.
[12:26:19] [main/DEBUG] (FabricLoader/Knot) Adding C:\Users\enric\.gradle\caches\modules-2\files-2.1\org.lwjgl\lwjgl-stb\3.3.3\1d9facdf6541de114b0f963be33505b7679c78cb\lwjgl-stb-3.3.3-natives-windows.jar to classpath.
[12:26:19] [main/DEBUG] (FabricLoader/Knot) Adding C:\Users\enric\.gradle\caches\modules-2\files-2.1\org.lwjgl\lwjgl-stb\3.3.3\a584ab44de569708871f0a79561f4d8c37487f2c\lwjgl-stb-3.3.3-natives-windows-arm64.jar to classpath.
[12:26:19] [main/DEBUG] (FabricLoader/Knot) Adding C:\Users\enric\.gradle\caches\modules-2\files-2.1\org.lwjgl\lwjgl-stb\3.3.3\b5c874687b9aac1a936501d4ed2c49567fd1b575\lwjgl-stb-3.3.3-natives-windows-x86.jar to classpath.
[12:26:19] [main/DEBUG] (FabricLoader/Knot) Adding C:\Users\enric\.gradle\caches\modules-2\files-2.1\org.lwjgl\lwjgl-tinyfd\3.3.3\82d755ca94b102e9ca77283b9e2dc46d1b15fbe5\lwjgl-tinyfd-3.3.3.jar to classpath.
[12:26:19] [main/DEBUG] (FabricLoader/Knot) Adding C:\Users\enric\.gradle\caches\modules-2\files-2.1\org.lwjgl\lwjgl-tinyfd\3.3.3\a6697981b0449a5087c1d546fc08b4f73e8f98c9\lwjgl-tinyfd-3.3.3-natives-windows.jar to classpath.
[12:26:19] [main/DEBUG] (FabricLoader/Knot) Adding C:\Users\enric\.gradle\caches\modules-2\files-2.1\org.lwjgl\lwjgl-tinyfd\3.3.3\a88c494f3006eb91a7433b12a3a55a9a6c20788b\lwjgl-tinyfd-3.3.3-natives-windows-arm64.jar to classpath.
[12:26:19] [main/DEBUG] (FabricLoader/Knot) Adding C:\Users\enric\.gradle\caches\modules-2\files-2.1\org.lwjgl\lwjgl-tinyfd\3.3.3\c336c84ee88cccb495c6ffa112395509e7378e8a\lwjgl-tinyfd-3.3.3-natives-windows-x86.jar to classpath.
[12:26:19] [main/DEBUG] (FabricLoader/Knot) Adding C:\Users\enric\.gradle\caches\modules-2\files-2.1\org.lwjgl\lwjgl\3.3.3\29589b5f87ed335a6c7e7ee6a5775f81f97ecb84\lwjgl-3.3.3.jar to classpath.
[12:26:19] [main/DEBUG] (FabricLoader/Knot) Adding C:\Users\enric\.gradle\caches\modules-2\files-2.1\org.lwjgl\lwjgl\3.3.3\a5ed18a2b82fc91b81f40d717cb1f64c9dcb0540\lwjgl-3.3.3-natives-windows.jar to classpath.
[12:26:19] [main/DEBUG] (FabricLoader/Knot) Adding C:\Users\enric\.gradle\caches\modules-2\files-2.1\org.lwjgl\lwjgl\3.3.3\e9aca8c5479b520a2a7f0d542a118140e812c5e8\lwjgl-3.3.3-natives-windows-arm64.jar to classpath.
[12:26:19] [main/DEBUG] (FabricLoader/Knot) Adding C:\Users\enric\.gradle\caches\modules-2\files-2.1\org.lwjgl\lwjgl\3.3.3\9e670718e050aeaeea0c2d5b907cffb142f2e58f\lwjgl-3.3.3-natives-windows-x86.jar to classpath.
[12:26:19] [main/DEBUG] (FabricLoader/Knot) Adding C:\Users\enric\.gradle\caches\modules-2\files-2.1\org.lz4\lz4-java\1.8.0\4b986a99445e49ea5fbf5d149c4b63f6ed6c6780\lz4-java-1.8.0.jar to classpath.
[12:26:19] [main/DEBUG] (FabricLoader/Knot) Adding C:\Users\enric\.gradle\caches\modules-2\files-2.1\io.netty\netty-transport-native-epoll\4.1.118.Final\7e6b89e3746acb7cf6f0aad993bbd058fc6d912e\netty-transport-native-epoll-4.1.118.Final-linux-x86_64.jar to classpath.
[12:26:19] [main/DEBUG] (FabricLoader/Knot) Adding C:\Users\enric\.gradle\caches\modules-2\files-2.1\io.netty\netty-transport-native-epoll\4.1.118.Final\82f94d0a9d837f6b6a580379373310ff7288c0f8\netty-transport-native-epoll-4.1.118.Final-linux-aarch_64.jar to classpath.
[12:26:19] [main/DEBUG] (FabricLoader/Knot) Adding C:\Users\enric\.gradle\caches\modules-2\files-2.1\org.lwjgl\lwjgl-nanovg\3.3.3\37f0b9fc142948c3b2c6cd563db7233b14b9640c\lwjgl-nanovg-3.3.3.jar to classpath.
[12:26:19] [main/DEBUG] (FabricLoader/Knot) Adding C:\Users\enric\.gradle\caches\modules-2\files-2.1\org.lwjgl\lwjgl-nanovg\3.3.3\ccfbc346c4ce0737b7fe758d6337a3741af2f256\lwjgl-nanovg-3.3.3-natives-windows.jar to classpath.
[12:26:19] [main/DEBUG] (FabricLoader/Knot) Adding C:\Users\enric\.gradle\caches\modules-2\files-2.1\org.lwjgl\lwjgl-nanovg\3.3.3\4aa9caadf729bfbe045ea6f22ab6d59e82674aa3\lwjgl-nanovg-3.3.3-natives-linux.jar to classpath.
[12:26:19] [main/DEBUG] (FabricLoader/Knot) Adding C:\Users\enric\.gradle\caches\modules-2\files-2.1\org.lwjgl\lwjgl-nanovg\3.3.3\4ee27fce278e83c6503f9c0b256e0ab9fb1ca8b9\lwjgl-nanovg-3.3.3-natives-macos.jar to classpath.
[12:26:19] [main/DEBUG] (FabricLoader/Knot) Adding C:\Users\enric\.gradle\caches\modules-2\files-2.1\org.lwjgl\lwjgl-nanovg\3.3.3\1b04e1939b29e399a72090ad2926acbf2ccd3926\lwjgl-nanovg-3.3.3-natives-macos-arm64.jar to classpath.
[12:26:19] [main/DEBUG] (FabricLoader/Knot) Adding C:\Users\enric\.gradle\caches\modules-2\files-2.1\org.jetbrains.kotlin\kotlin-stdlib-jdk8\2.3.0\52964748cba73c57d84c173005369087a9ccdfea\kotlin-stdlib-jdk8-2.3.0.jar to classpath.
[12:26:19] [main/DEBUG] (FabricLoader/Knot) Adding C:\Users\enric\.gradle\caches\modules-2\files-2.1\org.jetbrains.kotlin\kotlin-stdlib-jdk7\2.3.0\c9ba70b118d81a229f1b9498f8ccab8968d0afb2\kotlin-stdlib-jdk7-2.3.0.jar to classpath.
[12:26:19] [main/DEBUG] (FabricLoader/Knot) Adding C:\Users\enric\.gradle\caches\modules-2\files-2.1\org.jetbrains.kotlin\kotlin-reflect\2.3.0\a723c4fbeeb7b48910a0f82b8ea826da1b17dd0b\kotlin-reflect-2.3.0.jar to classpath.
[12:26:19] [main/DEBUG] (FabricLoader/Knot) Adding C:\Users\enric\.gradle\caches\modules-2\files-2.1\org.jetbrains.kotlinx\kotlinx-coroutines-jdk8\1.10.2\809f71bf722bad7e78ebe8ec710c0327c23b7a31\kotlinx-coroutines-jdk8-1.10.2.jar to classpath.
[12:26:19] [main/DEBUG] (FabricLoader/Knot) Adding C:\Users\enric\.gradle\caches\modules-2\files-2.1\org.jetbrains.kotlinx\kotlinx-coroutines-core-jvm\1.10.2\4a9f78ef49483748e2c129f3d124b8fa249dafbf\kotlinx-coroutines-core-jvm-1.10.2.jar to classpath.
[12:26:19] [main/DEBUG] (FabricLoader/Knot) Adding C:\Users\enric\.gradle\caches\modules-2\files-2.1\org.jetbrains.kotlinx\kotlinx-serialization-cbor-jvm\1.10.0\6d0a89a6a173801c9b909d7e7bac71d791cff857\kotlinx-serialization-cbor-jvm-1.10.0.jar to classpath.
[12:26:19] [main/DEBUG] (FabricLoader/Knot) Adding C:\Users\enric\.gradle\caches\modules-2\files-2.1\org.jetbrains.kotlinx\atomicfu-jvm\0.29.0\fad29f53ad0c239ba525b637a152bfcaa8631f0f\atomicfu-jvm-0.29.0.jar to classpath.
[12:26:19] [main/DEBUG] (FabricLoader/Knot) Adding C:\Users\enric\.gradle\caches\modules-2\files-2.1\org.jetbrains.kotlinx\kotlinx-datetime-jvm\0.7.1\81c2e0246bd28cc2dcbdf0ab53628322e66a9de9\kotlinx-datetime-jvm-0.7.1.jar to classpath.
[12:26:19] [main/DEBUG] (FabricLoader/Knot) Adding C:\Users\enric\.gradle\caches\modules-2\files-2.1\org.jetbrains.kotlinx\kotlinx-io-core-jvm\0.8.2\358a9f2ba2dc81c5dc84c3d1853f6e5efba63be1\kotlinx-io-core-jvm-0.8.2.jar to classpath.
[12:26:19] [main/DEBUG] (FabricLoader/Knot) Adding C:\Users\enric\.gradle\caches\modules-2\files-2.1\org.jetbrains.kotlinx\kotlinx-io-bytestring-jvm\0.8.2\89c5399596250e71f2bba6d2415972a078a525c7\kotlinx-io-bytestring-jvm-0.8.2.jar to classpath.
[12:26:19] [main/DEBUG] (FabricLoader/Knot) Adding C:\Users\enric\.gradle\caches\modules-2\files-2.1\org.jetbrains\annotations\23.0.0\8cc20c07506ec18e0834947b84a864bfc094484e\annotations-23.0.0.jar to classpath.
[12:26:19] [main/DEBUG] (FabricLoader/Knot) Adding C:\Users\enric\.gradle\caches\modules-2\files-2.1\me.djtheredstoner\DevAuth-common\1.2.1\347e2aa71b5568dfe3060138ab01774e26f6e24\DevAuth-common-1.2.1.jar to classpath.
[12:26:19] [main/DEBUG] (FabricLoader/Knot) Adding C:\Users\enric\.gradle\caches\modules-2\files-2.1\com.electronwill.night-config\toml\3.6.5\76d244e23fd69c681c2effcdaa602950167ec406\toml-3.6.5.jar to classpath.
[12:26:19] [main/DEBUG] (FabricLoader/Knot) Adding C:\Users\enric\.gradle\caches\modules-2\files-2.1\com.electronwill.night-config\core\3.6.5\96a255af6a7a2e23d2be6f393b7cabb80aa180a4\core-3.6.5.jar to classpath.
[12:26:19] [main/DEBUG] (FabricLoader/Knot) Adding C:\Users\enric\IdeaProjects\frozen-fabric\.gradle\loom-cache\remapped_mods\remapped\net\fabricmc\fabric-language-kotlin-e9493de5\1.13.8+kotlin.2.3.0\fabric-language-kotlin-e9493de5-1.13.8+kotlin.2.3.0.jar to classpath.
[12:26:19] [main/DEBUG] (FabricLoader/Knot) Adding C:\Users\enric\IdeaProjects\frozen-fabric\.gradle\loom-cache\remapped_mods\remapped\net\fabricmc\fabric-api\fabric-api-e9493de5\0.138.4+1.21.10\fabric-api-e9493de5-0.138.4+1.21.10.jar to classpath.
[12:26:19] [main/DEBUG] (FabricLoader/Knot) Adding C:\Users\enric\IdeaProjects\frozen-fabric\.gradle\loom-cache\remapped_mods\remapped\com\terraformersmc\modmenu-e9493de5\16.0.0\modmenu-e9493de5-16.0.0.jar to classpath.
[12:26:19] [main/DEBUG] (FabricLoader/Knot) Adding C:\Users\enric\IdeaProjects\frozen-fabric\.gradle\loom-cache\remapped_mods\remapped\net\fabricmc\fabric-api\fabric-transfer-api-v1-e9493de5\6.0.15+79ec2c126f\fabric-transfer-api-v1-e9493de5-6.0.15+79ec2c126f.jar to classpath.
[12:26:19] [main/DEBUG] (FabricLoader/Knot) Adding C:\Users\enric\IdeaProjects\frozen-fabric\.gradle\loom-cache\remapped_mods\remapped\net\fabricmc\fabric-api\fabric-api-lookup-api-v1-e9493de5\1.6.106+d17682156f\fabric-api-lookup-api-v1-e9493de5-1.6.106+d17682156f.jar to classpath.
[12:26:19] [main/DEBUG] (FabricLoader/Knot) Adding C:\Users\enric\IdeaProjects\frozen-fabric\.gradle\loom-cache\remapped_mods\remapped\net\fabricmc\fabric-api\fabric-command-api-v2-e9493de5\2.4.0+c0ab2d5d6f\fabric-command-api-v2-e9493de5-2.4.0+c0ab2d5d6f.jar to classpath.
[12:26:19] [main/DEBUG] (FabricLoader/Knot) Adding C:\Users\enric\IdeaProjects\frozen-fabric\.gradle\loom-cache\remapped_mods\remapped\net\fabricmc\fabric-api\fabric-content-registries-v0-e9493de5\10.2.6+b6a242646f\fabric-content-registries-v0-e9493de5-10.2.6+b6a242646f.jar to classpath.
[12:26:19] [main/DEBUG] (FabricLoader/Knot) Adding C:\Users\enric\IdeaProjects\frozen-fabric\.gradle\loom-cache\remapped_mods\remapped\net\fabricmc\fabric-api\fabric-data-generation-api-v1-e9493de5\23.2.27+d8b85ef16f\fabric-data-generation-api-v1-e9493de5-23.2.27+d8b85ef16f.jar to classpath.
[12:26:19] [main/DEBUG] (FabricLoader/Knot) Adding C:\Users\enric\IdeaProjects\frozen-fabric\.gradle\loom-cache\remapped_mods\remapped\net\fabricmc\fabric-api\fabric-convention-tags-v1-e9493de5\2.1.49+7f945d5b6f\fabric-convention-tags-v1-e9493de5-2.1.49+7f945d5b6f.jar to classpath.
[12:26:19] [main/DEBUG] (FabricLoader/Knot) Adding C:\Users\enric\IdeaProjects\frozen-fabric\.gradle\loom-cache\remapped_mods\remapped\net\fabricmc\fabric-api\fabric-convention-tags-v2-e9493de5\2.17.0+ff7bc77d6f\fabric-convention-tags-v2-e9493de5-2.17.0+ff7bc77d6f.jar to classpath.
[12:26:19] [main/DEBUG] (FabricLoader/Knot) Adding C:\Users\enric\IdeaProjects\frozen-fabric\.gradle\loom-cache\remapped_mods\remapped\net\fabricmc\fabric-api\fabric-data-attachment-api-v1-e9493de5\1.8.33+cd3b9e596f\fabric-data-attachment-api-v1-e9493de5-1.8.33+cd3b9e596f.jar to classpath.
[12:26:19] [main/DEBUG] (FabricLoader/Knot) Adding C:\Users\enric\IdeaProjects\frozen-fabric\.gradle\loom-cache\remapped_mods\remapped\net\fabricmc\fabric-api\fabric-entity-events-v1-e9493de5\2.1.13+fde3702c6f\fabric-entity-events-v1-e9493de5-2.1.13+fde3702c6f.jar to classpath.
[12:26:19] [main/DEBUG] (FabricLoader/Knot) Adding C:\Users\enric\IdeaProjects\frozen-fabric\.gradle\loom-cache\remapped_mods\remapped\net\fabricmc\fabric-api\fabric-events-interaction-v0-e9493de5\4.0.36+5ba217126f\fabric-events-interaction-v0-e9493de5-4.0.36+5ba217126f.jar to classpath.
[12:26:19] [main/DEBUG] (FabricLoader/Knot) Adding C:\Users\enric\IdeaProjects\frozen-fabric\.gradle\loom-cache\remapped_mods\remapped\net\fabricmc\fabric-api\fabric-gametest-api-v1-e9493de5\3.1.21+33df5e6e6f\fabric-gametest-api-v1-e9493de5-3.1.21+33df5e6e6f.jar to classpath.
[12:26:19] [main/DEBUG] (FabricLoader/Knot) Adding C:\Users\enric\IdeaProjects\frozen-fabric\.gradle\loom-cache\remapped_mods\remapped\net\fabricmc\fabric-api\fabric-item-api-v1-e9493de5\11.5.11+9bce411b6f\fabric-item-api-v1-e9493de5-11.5.11+9bce411b6f.jar to classpath.
[12:26:19] [main/DEBUG] (FabricLoader/Knot) Adding C:\Users\enric\IdeaProjects\frozen-fabric\.gradle\loom-cache\remapped_mods\remapped\net\fabricmc\fabric-api\fabric-item-group-api-v1-e9493de5\4.2.27+86b3ae576f\fabric-item-group-api-v1-e9493de5-4.2.27+86b3ae576f.jar to classpath.
[12:26:19] [main/DEBUG] (FabricLoader/Knot) Adding C:\Users\enric\IdeaProjects\frozen-fabric\.gradle\loom-cache\remapped_mods\remapped\net\fabricmc\fabric-api\fabric-recipe-api-v1-e9493de5\8.2.0+39709ef06f\fabric-recipe-api-v1-e9493de5-8.2.0+39709ef06f.jar to classpath.
[12:26:19] [main/DEBUG] (FabricLoader/Knot) Adding C:\Users\enric\IdeaProjects\frozen-fabric\.gradle\loom-cache\remapped_mods\remapped\net\fabricmc\fabric-api\fabric-model-loading-api-v1-e9493de5\6.0.5+3ffd6ef06f\fabric-model-loading-api-v1-e9493de5-6.0.5+3ffd6ef06f.jar to classpath.
[12:26:19] [main/DEBUG] (FabricLoader/Knot) Adding C:\Users\enric\IdeaProjects\frozen-fabric\.gradle\loom-cache\remapped_mods\remapped\net\fabricmc\fabric-api\fabric-renderer-indigo-e9493de5\4.1.4+9be2a36e6f\fabric-renderer-indigo-e9493de5-4.1.4+9be2a36e6f.jar to classpath.
[12:26:19] [main/DEBUG] (FabricLoader/Knot) Adding C:\Users\enric\IdeaProjects\frozen-fabric\.gradle\loom-cache\remapped_mods\remapped\net\fabricmc\fabric-api\fabric-renderer-api-v1-e9493de5\7.2.3+9be2a36e6f\fabric-renderer-api-v1-e9493de5-7.2.3+9be2a36e6f.jar to classpath.
[12:26:19] [main/DEBUG] (FabricLoader/Knot) Adding C:\Users\enric\IdeaProjects\frozen-fabric\.gradle\loom-cache\remapped_mods\remapped\net\fabricmc\fabric-api\fabric-rendering-v1-e9493de5\16.2.0+bee81f016f\fabric-rendering-v1-e9493de5-16.2.0+bee81f016f.jar to classpath.
[12:26:19] [main/DEBUG] (FabricLoader/Knot) Adding C:\Users\enric\IdeaProjects\frozen-fabric\.gradle\loom-cache\remapped_mods\remapped\net\fabricmc\fabric-api\fabric-lifecycle-events-v1-e9493de5\2.6.9+33df5e6e6f\fabric-lifecycle-events-v1-e9493de5-2.6.9+33df5e6e6f.jar to classpath.
[12:26:19] [main/DEBUG] (FabricLoader/Knot) Adding C:\Users\enric\IdeaProjects\frozen-fabric\.gradle\loom-cache\remapped_mods\remapped\net\fabricmc\fabric-api\fabric-loot-api-v2-e9493de5\3.0.67+3f89f5a56f\fabric-loot-api-v2-e9493de5-3.0.67+3f89f5a56f.jar to classpath.
[12:26:19] [main/DEBUG] (FabricLoader/Knot) Adding C:\Users\enric\IdeaProjects\frozen-fabric\.gradle\loom-cache\remapped_mods\remapped\net\fabricmc\fabric-api\fabric-loot-api-v3-e9493de5\2.0.14+d17682156f\fabric-loot-api-v3-e9493de5-2.0.14+d17682156f.jar to classpath.
[12:26:19] [main/DEBUG] (FabricLoader/Knot) Adding C:\Users\enric\IdeaProjects\frozen-fabric\.gradle\loom-cache\remapped_mods\remapped\net\fabricmc\fabric-api\fabric-message-api-v1-e9493de5\6.1.7+3154c1c86f\fabric-message-api-v1-e9493de5-6.1.7+3154c1c86f.jar to classpath.
[12:26:19] [main/DEBUG] (FabricLoader/Knot) Adding C:\Users\enric\IdeaProjects\frozen-fabric\.gradle\loom-cache\remapped_mods\remapped\net\fabricmc\fabric-api\fabric-particles-v1-e9493de5\4.2.3+a0ee59a46f\fabric-particles-v1-e9493de5-4.2.3+a0ee59a46f.jar to classpath.
[12:26:19] [main/DEBUG] (FabricLoader/Knot) Adding C:\Users\enric\IdeaProjects\frozen-fabric\.gradle\loom-cache\remapped_mods\remapped\net\fabricmc\fabric-api\fabric-object-builder-api-v1-e9493de5\21.1.28+9bce411b6f\fabric-object-builder-api-v1-e9493de5-21.1.28+9bce411b6f.jar to classpath.
[12:26:19] [main/DEBUG] (FabricLoader/Knot) Adding C:\Users\enric\IdeaProjects\frozen-fabric\.gradle\loom-cache\remapped_mods\remapped\net\fabricmc\fabric-api\fabric-screen-handler-api-v1-e9493de5\1.3.151+d17682156f\fabric-screen-handler-api-v1-e9493de5-1.3.151+d17682156f.jar to classpath.
[12:26:19] [main/DEBUG] (FabricLoader/Knot) Adding C:\Users\enric\IdeaProjects\frozen-fabric\.gradle\loom-cache\remapped_mods\remapped\net\fabricmc\fabric-api\fabric-registry-sync-v0-e9493de5\6.1.42+679c8c5c6f\fabric-registry-sync-v0-e9493de5-6.1.42+679c8c5c6f.jar to classpath.
[12:26:19] [main/DEBUG] (FabricLoader/Knot) Adding C:\Users\enric\IdeaProjects\frozen-fabric\.gradle\loom-cache\remapped_mods\remapped\net\fabricmc\fabric-api\fabric-networking-api-v1-e9493de5\5.1.0+b095d8db6f\fabric-networking-api-v1-e9493de5-5.1.0+b095d8db6f.jar to classpath.
[12:26:19] [main/DEBUG] (FabricLoader/Knot) Adding C:\Users\enric\IdeaProjects\frozen-fabric\.gradle\loom-cache\remapped_mods\remapped\net\fabricmc\fabric-api\fabric-rendering-fluids-v1-e9493de5\3.1.38+86b3ae576f\fabric-rendering-fluids-v1-e9493de5-3.1.38+86b3ae576f.jar to classpath.
[12:26:19] [main/DEBUG] (FabricLoader/Knot) Adding C:\Users\enric\IdeaProjects\frozen-fabric\.gradle\loom-cache\remapped_mods\remapped\net\fabricmc\fabric-api\fabric-tag-api-v1-e9493de5\1.2.13+2fa446b26f\fabric-tag-api-v1-e9493de5-1.2.13+2fa446b26f.jar to classpath.
[12:26:19] [main/DEBUG] (FabricLoader/Knot) Adding C:\Users\enric\IdeaProjects\frozen-fabric\.gradle\loom-cache\remapped_mods\remapped\net\fabricmc\fabric-api\fabric-resource-loader-v0-e9493de5\3.3.1+d4d4122a6f\fabric-resource-loader-v0-e9493de5-3.3.1+d4d4122a6f.jar to classpath.
[12:26:19] [main/DEBUG] (FabricLoader/Knot) Adding C:\Users\enric\IdeaProjects\frozen-fabric\.gradle\loom-cache\remapped_mods\remapped\net\fabricmc\fabric-api\fabric-resource-loader-v1-e9493de5\1.0.4+14959b836f\fabric-resource-loader-v1-e9493de5-1.0.4+14959b836f.jar to classpath.
[12:26:19] [main/DEBUG] (FabricLoader/Knot) Adding C:\Users\enric\IdeaProjects\frozen-fabric\.gradle\loom-cache\remapped_mods\remapped\net\fabricmc\fabric-api\fabric-screen-api-v1-e9493de5\3.1.0+9c82a7986f\fabric-screen-api-v1-e9493de5-3.1.0+9c82a7986f.jar to classpath.
[12:26:19] [main/DEBUG] (FabricLoader/Knot) Adding C:\Users\enric\IdeaProjects\frozen-fabric\.gradle\loom-cache\remapped_mods\remapped\net\fabricmc\fabric-api\fabric-api-base-e9493de5\1.0.0+14b92d896f\fabric-api-base-e9493de5-1.0.0+14b92d896f.jar to classpath.
[12:26:19] [main/DEBUG] (FabricLoader/Knot) Adding C:\Users\enric\IdeaProjects\frozen-fabric\.gradle\loom-cache\remapped_mods\remapped\net\fabricmc\fabric-api\fabric-biome-api-v1-e9493de5\16.1.0+c2417d4f6f\fabric-biome-api-v1-e9493de5-16.1.0+c2417d4f6f.jar to classpath.
[12:26:19] [main/DEBUG] (FabricLoader/Knot) Adding C:\Users\enric\IdeaProjects\frozen-fabric\.gradle\loom-cache\remapped_mods\remapped\net\fabricmc\fabric-api\fabric-block-api-v1-e9493de5\1.1.5+d17682156f\fabric-block-api-v1-e9493de5-1.1.5+d17682156f.jar to classpath.
[12:26:19] [main/DEBUG] (FabricLoader/Knot) Adding C:\Users\enric\IdeaProjects\frozen-fabric\.gradle\loom-cache\remapped_mods\remapped\net\fabricmc\fabric-api\fabric-block-view-api-v2-e9493de5\1.0.34+e4fd1b926f\fabric-block-view-api-v2-e9493de5-1.0.34+e4fd1b926f.jar to classpath.
[12:26:19] [main/DEBUG] (FabricLoader/Knot) Adding C:\Users\enric\IdeaProjects\frozen-fabric\.gradle\loom-cache\remapped_mods\remapped\net\fabricmc\fabric-api\fabric-client-gametest-api-v1-e9493de5\4.2.13+14b92d896f\fabric-client-gametest-api-v1-e9493de5-4.2.13+14b92d896f.jar to classpath.
[12:26:19] [main/DEBUG] (FabricLoader/Knot) Adding C:\Users\enric\IdeaProjects\frozen-fabric\.gradle\loom-cache\remapped_mods\remapped\net\fabricmc\fabric-api\fabric-crash-report-info-v1-e9493de5\0.3.18+33df5e6e6f\fabric-crash-report-info-v1-e9493de5-0.3.18+33df5e6e6f.jar to classpath.
[12:26:19] [main/DEBUG] (FabricLoader/Knot) Adding C:\Users\enric\IdeaProjects\frozen-fabric\.gradle\loom-cache\remapped_mods\remapped\net\fabricmc\fabric-api\fabric-dimensions-v1-e9493de5\4.0.22+38b9cc196f\fabric-dimensions-v1-e9493de5-4.0.22+38b9cc196f.jar to classpath.
[12:26:19] [main/DEBUG] (FabricLoader/Knot) Adding C:\Users\enric\IdeaProjects\frozen-fabric\.gradle\loom-cache\remapped_mods\remapped\net\fabricmc\fabric-api\fabric-game-rule-api-v1-e9493de5\1.1.1+e47eaae56f\fabric-game-rule-api-v1-e9493de5-1.1.1+e47eaae56f.jar to classpath.
[12:26:19] [main/DEBUG] (FabricLoader/Knot) Adding C:\Users\enric\IdeaProjects\frozen-fabric\.gradle\loom-cache\remapped_mods\remapped\net\fabricmc\fabric-api\fabric-key-binding-api-v1-e9493de5\1.1.1+b3ba9c486f\fabric-key-binding-api-v1-e9493de5-1.1.1+b3ba9c486f.jar to classpath.
[12:26:19] [main/DEBUG] (FabricLoader/Knot) Adding C:\Users\enric\IdeaProjects\frozen-fabric\.gradle\loom-cache\remapped_mods\remapped\net\fabricmc\fabric-api\fabric-resource-conditions-api-v1-e9493de5\5.0.28+33df5e6e6f\fabric-resource-conditions-api-v1-e9493de5-5.0.28+33df5e6e6f.jar to classpath.
[12:26:19] [main/DEBUG] (FabricLoader/Knot) Adding C:\Users\enric\IdeaProjects\frozen-fabric\.gradle\loom-cache\remapped_mods\remapped\net\fabricmc\fabric-api\fabric-serialization-api-v1-e9493de5\1.0.0+d857c9766f\fabric-serialization-api-v1-e9493de5-1.0.0+d857c9766f.jar to classpath.
[12:26:19] [main/DEBUG] (FabricLoader/Knot) Adding C:\Users\enric\IdeaProjects\frozen-fabric\.gradle\loom-cache\remapped_mods\remapped\net\fabricmc\fabric-api\fabric-sound-api-v1-e9493de5\1.0.45+328a75ba6f\fabric-sound-api-v1-e9493de5-1.0.45+328a75ba6f.jar to classpath.
[12:26:19] [main/DEBUG] (FabricLoader/Knot) Adding C:\Users\enric\IdeaProjects\frozen-fabric\.gradle\loom-cache\remapped_mods\remapped\net\fabricmc\fabric-api\fabric-transitive-access-wideners-v1-e9493de5\6.5.3+41eb43436f\fabric-transitive-access-wideners-v1-e9493de5-6.5.3+41eb43436f.jar to classpath.
[12:26:19] [main/DEBUG] (FabricLoader/Knot) Adding C:\Users\enric\IdeaProjects\frozen-fabric\.gradle\loom-cache\remapped_mods\remapped\me\djtheredstoner\DevAuth-fabric-e9493de5\1.2.1\DevAuth-fabric-e9493de5-1.2.1.jar to classpath.
[12:26:19] [main/DEBUG] (FabricLoader/Entrypoint) Iterating over entrypoint 'preLaunch'
[12:26:19] [main/DEBUG] (FabricLoader/Mixin) Preparing mixins for MixinEnvironment[DEFAULT]
[12:26:19] [main/DEBUG] (FabricLoader/Mixin) Selecting config infernum.mixins.json
[12:26:19] [main/DEBUG] (FabricLoader/Mixin) Selecting config cubes-without-borders.sodium.mixins.json
[12:26:19] [main/DEBUG] (FabricLoader/Mixin) Remapping refMap cwb-common-common-refmap.json using remapper chain
[12:26:19] [main/DEBUG] (FabricLoader/Mixin) Selecting config cubes-without-borders.mixins.json
[12:26:19] [main/DEBUG] (FabricLoader/Mixin) Remapping refMap cwb-common-common-refmap.json using remapper chain
[12:26:19] [main/DEBUG] (FabricLoader/Mixin) Selecting config fabric-key-binding-api-v1.mixins.json
[12:26:19] [main/DEBUG] (FabricLoader/Mixin) Selecting config transition.mixins.json
[12:26:19] [main/DEBUG] (FabricLoader/Mixin) Remapping refMap transition.refmap.mixins.json using remapper chain
[12:26:19] [main/DEBUG] (FabricLoader/Mixin) Selecting config fabric-tag-api-v1.mixins.json
[12:26:19] [main/DEBUG] (FabricLoader/Mixin) Selecting config fabric-crash-report-info-v1.mixins.json
[12:26:19] [main/DEBUG] (FabricLoader/Mixin) Selecting config fabric-recipe-api-v1.mixins.json
[12:26:19] [main/DEBUG] (FabricLoader/Mixin) Selecting config fabric-recipe-api-v1.client.mixins.json
[12:26:19] [main/DEBUG] (FabricLoader/Mixin) Selecting config mixins.iris.json
[12:26:19] [main/WARN] (FabricLoader/Mixin) Reference map 'iris.refmap.json' for mixins.iris.json could not be read. If this is a development environment you can ignore this message
[12:26:19] [main/DEBUG] (FabricLoader/Mixin) Selecting config mixins.iris.fabric.json
[12:26:19] [main/WARN] (FabricLoader/Mixin) Reference map 'iris-fabric.refmap.json' for mixins.iris.fabric.json could not be read. If this is a development environment you can ignore this message
[12:26:19] [main/DEBUG] (FabricLoader/Mixin) Selecting config mixins.iris.fantastic.json
[12:26:19] [main/WARN] (FabricLoader/Mixin) Reference map 'iris.refmap.json' for mixins.iris.fantastic.json could not be read. If this is a development environment you can ignore this message
[12:26:19] [main/DEBUG] (FabricLoader/Mixin) Selecting config mixins.iris.vertexformat.json
[12:26:19] [main/WARN] (FabricLoader/Mixin) Reference map 'iris.refmap.json' for mixins.iris.vertexformat.json could not be read. If this is a development environment you can ignore this message
[12:26:19] [main/DEBUG] (FabricLoader/Mixin) Selecting config mixins.iris.bettermipmaps.json
[12:26:19] [main/WARN] (FabricLoader/Mixin) Reference map 'iris.refmap.json' for mixins.iris.bettermipmaps.json could not be read. If this is a development environment you can ignore this message
[12:26:19] [main/DEBUG] (FabricLoader/Mixin) Selecting config mixins.iris.compat.sodium.json
[12:26:19] [main/WARN] (FabricLoader/Mixin) Reference map 'iris.refmap.json' for mixins.iris.compat.sodium.json could not be read. If this is a development environment you can ignore this message
[12:26:19] [main/DEBUG] (FabricLoader/Mixin) Selecting config mixins.iris.compat.dh.json
[12:26:19] [main/DEBUG] (FabricLoader/Mixin) Selecting config mixins.iris.fixes.maxfpscrash.json
[12:26:19] [main/WARN] (FabricLoader/Mixin) Reference map 'iris.refmap.json' for mixins.iris.fixes.maxfpscrash.json could not be read. If this is a development environment you can ignore this message
[12:26:19] [main/DEBUG] (FabricLoader/Mixin) Selecting config fabric-screen-handler-api-v1.mixins.json
[12:26:19] [main/DEBUG] (FabricLoader/Mixin) Selecting config fabric-dimensions-v1.mixins.json
[12:26:19] [main/DEBUG] (FabricLoader/Mixin) Selecting config fabric-serialization-api-v1.mixins.json
[12:26:19] [main/DEBUG] (FabricLoader/Mixin) Selecting config fabric-client-gametest-api-v1.mixins.json
[12:26:19] [main/DEBUG] (FabricLoader/Mixin) Selecting config mixinextras.init.mixins.json
[12:26:19] [main/DEBUG] (FabricLoader/MixinExtras|Service) com.llamalad7.mixinextras.service.MixinExtrasServiceImpl(version=0.5.0) is taking over from null
[12:26:19] [main/DEBUG] (FabricLoader/Mixin) Registering new injector for @Inject with org.spongepowered.asm.mixin.injection.struct.CallbackInjectionInfo
[12:26:19] [main/DEBUG] (FabricLoader/Mixin) Registering new injector for @ModifyArg with org.spongepowered.asm.mixin.injection.struct.ModifyArgInjectionInfo
[12:26:19] [main/DEBUG] (FabricLoader/Mixin) Registering new injector for @ModifyArgs with org.spongepowered.asm.mixin.injection.struct.ModifyArgsInjectionInfo
[12:26:19] [main/DEBUG] (FabricLoader/Mixin) Registering new injector for @Redirect with org.spongepowered.asm.mixin.injection.struct.RedirectInjectionInfo
[12:26:19] [main/DEBUG] (FabricLoader/Mixin) Registering new injector for @ModifyVariable with org.spongepowered.asm.mixin.injection.struct.ModifyVariableInjectionInfo
[12:26:19] [main/DEBUG] (FabricLoader/Mixin) Registering new injector for @ModifyConstant with org.spongepowered.asm.mixin.injection.struct.ModifyConstantInjectionInfo
[12:26:19] [main/DEBUG] (FabricLoader/Mixin) Selecting config fabric-game-rule-api-v1.mixins.json
[12:26:19] [main/DEBUG] (FabricLoader/Mixin) Selecting config fabric-game-rule-api-v1.client.mixins.json
[12:26:19] [main/DEBUG] (FabricLoader/Mixin) Selecting config fabric-gametest-api-v1.mixins.json
[12:26:19] [main/DEBUG] (FabricLoader/Mixin) Selecting config fabric-badoptimizations.mixins.json
[12:26:19] [main/INFO] (BadOptimizations) Config version: 6
[12:26:19] [main/INFO] (BadOptimizations) BadOptimizations config dump:
[12:26:19] [main/INFO] (BadOptimizations) enable_toast_optimizations: true
[12:26:19] [main/INFO] (BadOptimizations) ignore_mod_incompatibilities: false
[12:26:19] [main/INFO] (BadOptimizations) lightmap_time_change_needed_for_update: 80
[12:26:19] [main/INFO] (BadOptimizations) enable_lightmap_caching: true
[12:26:19] [main/INFO] (BadOptimizations) enable_particle_manager_optimization: true
[12:26:19] [main/INFO] (BadOptimizations) enable_entity_renderer_caching: true
[12:26:19] [main/INFO] (BadOptimizations) log_config: true
[12:26:19] [main/INFO] (BadOptimizations) enable_remove_redundant_fov_calculations: true
[12:26:19] [main/INFO] (BadOptimizations) config_version: 6
[12:26:19] [main/INFO] (BadOptimizations) enable_sky_angle_caching_in_worldrenderer: true
[12:26:19] [main/INFO] (BadOptimizations) enable_block_entity_renderer_caching: true
[12:26:19] [main/INFO] (BadOptimizations) skycolor_time_change_needed_for_update: 3
[12:26:19] [main/INFO] (BadOptimizations) enable_entity_flag_caching: true
[12:26:19] [main/INFO] (BadOptimizations) ignore_mod_cache_hooks: false
[12:26:19] [main/INFO] (BadOptimizations) enable_debug_renderer_disable_if_not_needed: true
[12:26:19] [main/INFO] (BadOptimizations) enable_sky_color_caching: true
[12:26:19] [main/INFO] (BadOptimizations) enable_remove_tutorial_if_not_demo: true
[12:26:19] [main/INFO] (BadOptimizations) show_f3_text: true
[12:26:19] [main/INFO] (BadOptimizations) Mod gammautils added a lightmap caching hook: io.github.sjouwer.gammautils.compat.BadOptimizationsHook
[12:26:19] [main/DEBUG] (FabricLoader/Mixin) Selecting config fabric-object-builder-v1.mixins.json
[12:26:19] [main/DEBUG] (FabricLoader/Mixin) Selecting config fabric-object-builder-v1.client.mixins.json
[12:26:19] [main/DEBUG] (FabricLoader/Mixin) Selecting config immediatelyfast-fabric.mixins.json
[12:26:19] [main/DEBUG] (FabricLoader/Mixin) Selecting config immediatelyfast-common.mixins.json
[12:26:19] [main/DEBUG] (FabricLoader/Mixin) Selecting config fabric-loot-api-v2.mixins.json
[12:26:19] [main/DEBUG] (FabricLoader/Mixin) Selecting config fabric-entity-events-v1.mixins.json
[12:26:19] [main/DEBUG] (FabricLoader/Mixin) Selecting config fabric-sound-api-v1.mixins.json
[12:26:19] [main/DEBUG] (FabricLoader/Mixin) Selecting config fabric-screen-api-v1.mixins.json
[12:26:19] [main/DEBUG] (FabricLoader/Mixin) Selecting config fabric-resource-loader-v0.mixins.json
[12:26:19] [main/DEBUG] (FabricLoader/Mixin) Selecting config fabric-resource-loader-v0.client.mixins.json
[12:26:19] [main/DEBUG] (FabricLoader/Mixin) Selecting config fabric-loot-api-v3.mixins.json
[12:26:19] [main/DEBUG] (FabricLoader/Mixin) Selecting config betterf3.mixins.json
[12:26:19] [main/DEBUG] (FabricLoader/Mixin) Remapping refMap BetterF3-common-refmap.json using remapper chain
[12:26:19] [main/DEBUG] (FabricLoader/Mixin) Selecting config betterf3.fabric.mixins.json
[12:26:19] [main/DEBUG] (FabricLoader/Mixin) Remapping refMap BetterF3-fabric-refmap.json using remapper chain
[12:26:19] [main/DEBUG] (FabricLoader/Mixin) Selecting config fabric-data-attachment-api-v1.mixins.json
[12:26:19] [main/DEBUG] (FabricLoader/Mixin) Selecting config fabric-data-attachment-api-v1.client.mixins.json
[12:26:19] [main/DEBUG] (FabricLoader/Mixin) Selecting config fabric-registry-sync-v0.mixins.json
[12:26:19] [main/DEBUG] (FabricLoader/Mixin) Selecting config fabric-registry-sync-v0.client.mixins.json
[12:26:19] [main/DEBUG] (FabricLoader/Mixin) Selecting config gammautils.mixins.json
[12:26:19] [main/DEBUG] (FabricLoader/Mixin) Selecting config mixins.devauth.json
[12:26:19] [main/DEBUG] (FabricLoader/Mixin) Remapping refMap mixins.devauth.refmap.json using remapper chain
[12:26:19] [main/DEBUG] (FabricLoader/Mixin) Selecting config fabric-particles-v1.mixins.json
[12:26:19] [main/DEBUG] (FabricLoader/Mixin) Selecting config fabric-particles-v1.client.mixins.json
[12:26:19] [main/DEBUG] (FabricLoader/Mixin) Selecting config fabric-transfer-api-v1.mixins.json
[12:26:19] [main/DEBUG] (FabricLoader/Mixin) Selecting config fabric-resource-conditions-api-v1.mixins.json
[12:26:19] [main/DEBUG] (FabricLoader/Mixin) Selecting config fabric-biome-api-v1.mixins.json
[12:26:19] [main/DEBUG] (FabricLoader/Mixin) Selecting config fabric-rendering-fluids-v1.mixins.json
[12:26:19] [main/DEBUG] (FabricLoader/Mixin) Selecting config sodium-common.mixins.json
[12:26:19] [main/DEBUG] (Sodium) Loaded net.caffeinemc.mods.sodium.fabric.FabricMixinOverrides@5ca3ac88 for service interface net.caffeinemc.mods.sodium.client.services.PlatformMixinOverrides
[12:26:19] [main/DEBUG] (Sodium) Loaded net.caffeinemc.mods.sodium.fabric.FabricRuntimeInformation@1d24cff for service interface net.caffeinemc.mods.sodium.client.services.PlatformRuntimeInformation
[12:26:19] [main/INFO] (Sodium) Loaded configuration file for Sodium: 42 options available, 1 override(s) found
[12:26:19] [main/DEBUG] (FabricLoader/Mixin) Selecting config sodium-fabric.mixins.json
[12:26:19] [main/DEBUG] (FabricLoader/Mixin) Selecting config fabric-rendering-v1.mixins.json
[12:26:19] [main/DEBUG] (FabricLoader/Mixin) Selecting config mixins.modmenu.json
[12:26:19] [main/DEBUG] (FabricLoader/Mixin) Remapping refMap modmenu-refmap.json using remapper chain
[12:26:19] [main/DEBUG] (FabricLoader/Mixin) Selecting config fabric-convention-tags-api-v2.mixins.json
[12:26:19] [main/DEBUG] (FabricLoader/Mixin) Selecting config fabric-renderer-indigo.mixins.json
[12:26:19] [main/DEBUG] (FabricLoader/Mixin) Selecting config fabric-command-api-v2.mixins.json
[12:26:19] [main/DEBUG] (FabricLoader/Mixin) Selecting config fabric-command-api-v2.client.mixins.json
[12:26:19] [main/DEBUG] (FabricLoader/Mixin) Selecting config fabric-lifecycle-events-v1.mixins.json
[12:26:19] [main/DEBUG] (FabricLoader/Mixin) Selecting config fabric-lifecycle-events-v1.client.mixins.json
[12:26:19] [main/DEBUG] (FabricLoader/Mixin) Selecting config fabric-item-group-api-v1.mixins.json
[12:26:19] [main/DEBUG] (FabricLoader/Mixin) Selecting config fabric-item-group-api-v1.client.mixins.json
[12:26:19] [main/DEBUG] (FabricLoader/Mixin) Selecting config fabric-renderer-api-v1.mixins.json
[12:26:19] [main/DEBUG] (FabricLoader/Mixin) Selecting config fabric-api-lookup-api-v1.mixins.json
[12:26:19] [main/DEBUG] (FabricLoader/Mixin) Selecting config fabric-message-api-v1.mixins.json
[12:26:19] [main/DEBUG] (FabricLoader/Mixin) Selecting config fabric-message-api-v1.client.mixins.json
[12:26:19] [main/DEBUG] (FabricLoader/Mixin) Selecting config fabric-block-api-v1.mixins.json
[12:26:19] [main/DEBUG] (FabricLoader/Mixin) Selecting config fabric-block-view-api-v2.mixins.json
[12:26:19] [main/DEBUG] (FabricLoader/Mixin) Selecting config fabric-block-view-api-v2.client.mixins.json
[12:26:19] [main/DEBUG] (FabricLoader/Mixin) Selecting config trender.mixins.json
[12:26:19] [main/DEBUG] (FabricLoader/Mixin) Remapping refMap trender.refmap.mixins.json using remapper chain
[12:26:19] [main/DEBUG] (FabricLoader/Mixin) Selecting config fabric-model-loading-api-v1.mixins.json
[12:26:19] [main/DEBUG] (FabricLoader/Mixin) Selecting config fabric-networking-api-v1.mixins.json
[12:26:19] [main/DEBUG] (FabricLoader/Mixin) Selecting config fabric-networking-api-v1.client.mixins.json
[12:26:19] [main/DEBUG] (FabricLoader/Mixin) Selecting config fabric-data-generation-api-v1.mixins.json
[12:26:19] [main/DEBUG] (FabricLoader/Mixin) Selecting config fabric-data-generation-api-v1.client.mixins.json
[12:26:19] [main/DEBUG] (FabricLoader/Mixin) Selecting config fabric-resource-loader-v1.mixins.json
[12:26:19] [main/DEBUG] (FabricLoader/Mixin) Selecting config fabric-resource-loader-v1.client.mixins.json
[12:26:19] [main/DEBUG] (FabricLoader/Mixin) Selecting config fabric-events-interaction-v0.mixins.json
[12:26:19] [main/DEBUG] (FabricLoader/Mixin) Selecting config fabric-events-interaction-v0.client.mixins.json
[12:26:19] [main/DEBUG] (FabricLoader/Mixin) Selecting config entityculling.mixins.json
[12:26:19] [main/DEBUG] (FabricLoader/Mixin) Remapping refMap entityculling.refmap.mixins.json using remapper chain
[12:26:19] [main/DEBUG] (FabricLoader/Mixin) Selecting config fabric-content-registries-v0.mixins.json
[12:26:19] [main/DEBUG] (FabricLoader/Mixin) Selecting config fabric-item-api-v1.mixins.json
[12:26:19] [main/DEBUG] (FabricLoader/Mixin) Selecting config fabric-item-api-v1.client.mixins.json
[12:26:19] [main/DEBUG] (FabricLoader/Mixin) Selecting config ferritecore.accessors.mixin.json
[12:26:19] [main/DEBUG] (FabricLoader/Mixin) Remapping refMap ferritecore-8.0.2-fabric-refmap.json using remapper chain
[12:26:19] [main/DEBUG] (FabricLoader/Mixin) Selecting config ferritecore.blockstatecache.mixin.json
[12:26:19] [main/DEBUG] (FabricLoader/Mixin) Remapping refMap ferritecore-8.0.2-fabric-refmap.json using remapper chain
[12:26:19] [main/DEBUG] (FabricLoader/Mixin) Selecting config ferritecore.fastmap.mixin.json
[12:26:19] [main/DEBUG] (FabricLoader/Mixin) Remapping refMap ferritecore-8.0.2-fabric-refmap.json using remapper chain
[12:26:19] [main/DEBUG] (FabricLoader/Mixin) Selecting config ferritecore.threaddetec.mixin.json
[12:26:19] [main/DEBUG] (FabricLoader/Mixin) Remapping refMap ferritecore-8.0.2-fabric-refmap.json using remapper chain
[12:26:19] [main/DEBUG] (FabricLoader/Mixin) Preparing infernum.mixins.json (19)
[12:26:19] [main/DEBUG] (FabricLoader/Mixin) Preparing cubes-without-borders.sodium.mixins.json (2)
[12:26:19] [main/DEBUG] (FabricLoader/Mixin) Preparing cubes-without-borders.mixins.json (6)
[12:26:19] [main/DEBUG] (FabricLoader/Mixin) Preparing fabric-key-binding-api-v1.mixins.json (3)
[12:26:19] [main/DEBUG] (FabricLoader/Mixin) Preparing transition.mixins.json (6)
[12:26:19] [main/DEBUG] (FabricLoader/Mixin) Preparing fabric-tag-api-v1.mixins.json (5)
[12:26:19] [main/DEBUG] (FabricLoader/Mixin) Preparing fabric-crash-report-info-v1.mixins.json (2)
[12:26:19] [main/DEBUG] (FabricLoader/Mixin) Preparing fabric-recipe-api-v1.mixins.json (10)
[12:26:19] [main/DEBUG] (FabricLoader/Mixin) Preparing fabric-recipe-api-v1.client.mixins.json (4)
[12:26:19] [main/DEBUG] (FabricLoader/Mixin) Preparing mixins.iris.json (123)
[12:26:19] [main/DEBUG] (FabricLoader/Mixin) Preparing mixins.iris.fabric.json (3)
[12:26:19] [main/DEBUG] (FabricLoader/Mixin) Preparing mixins.iris.fantastic.json (7)
[12:26:19] [main/DEBUG] (FabricLoader/Mixin) Preparing mixins.iris.vertexformat.json (8)
[12:26:19] [main/DEBUG] (FabricLoader/Mixin) Preparing mixins.iris.bettermipmaps.json (0)
[12:26:19] [main/DEBUG] (FabricLoader/Mixin) Preparing mixins.iris.compat.sodium.json (19)
[12:26:19] [main/DEBUG] (FabricLoader/Mixin) Preparing mixins.iris.compat.dh.json (4)
[12:26:19] [main/DEBUG] (FabricLoader/Mixin) Preparing mixins.iris.fixes.maxfpscrash.json (1)
[12:26:19] [main/DEBUG] (FabricLoader/Mixin) Preparing fabric-screen-handler-api-v1.mixins.json (2)
[12:26:19] [main/DEBUG] (FabricLoader/Mixin) Preparing fabric-dimensions-v1.mixins.json (4)
[12:26:19] [main/DEBUG] (FabricLoader/Mixin) Preparing fabric-serialization-api-v1.mixins.json (4)
[12:26:19] [main/DEBUG] (FabricLoader/Mixin) Preparing fabric-client-gametest-api-v1.mixins.json (25)
[12:26:19] [main/DEBUG] (FabricLoader/Mixin) Preparing mixinextras.init.mixins.json (0)
[12:26:19] [main/DEBUG] (FabricLoader/Mixin) Preparing fabric-game-rule-api-v1.mixins.json (7)
[12:26:19] [main/DEBUG] (FabricLoader/Mixin) Preparing fabric-game-rule-api-v1.client.mixins.json (3)
[12:26:19] [main/DEBUG] (FabricLoader/Mixin) Preparing fabric-gametest-api-v1.mixins.json (4)
[12:26:19] [main/DEBUG] (FabricLoader/Mixin) Preparing fabric-badoptimizations.mixins.json (18)
[12:26:19] [main/DEBUG] (FabricLoader/Mixin) Preparing fabric-object-builder-v1.mixins.json (10)
[12:26:19] [main/DEBUG] (FabricLoader/Mixin) Preparing fabric-object-builder-v1.client.mixins.json (4)
[12:26:19] [main/DEBUG] (FabricLoader/Mixin) Preparing immediatelyfast-fabric.mixins.json (0)
[12:26:19] [main/DEBUG] (FabricLoader/Mixin) Preparing immediatelyfast-common.mixins.json (21)
[12:26:19] [main/DEBUG] (FabricLoader/Mixin) Preparing fabric-loot-api-v2.mixins.json (2)
[12:26:19] [main/DEBUG] (FabricLoader/Mixin) Preparing fabric-entity-events-v1.mixins.json (7)
[12:26:19] [main/DEBUG] (FabricLoader/Mixin) Preparing fabric-sound-api-v1.mixins.json (2)
[12:26:19] [main/DEBUG] (FabricLoader/Mixin) Preparing fabric-screen-api-v1.mixins.json (7)
[12:26:19] [main/DEBUG] (FabricLoader/Mixin) Preparing fabric-resource-loader-v0.mixins.json (11)
[12:26:19] [main/DEBUG] (FabricLoader/Mixin) Preparing fabric-resource-loader-v0.client.mixins.json (6)
[12:26:19] [main/DEBUG] (FabricLoader/Mixin) Preparing fabric-loot-api-v3.mixins.json (8)
[12:26:19] [main/DEBUG] (FabricLoader/Mixin) Preparing betterf3.mixins.json (8)
[12:26:19] [main/DEBUG] (FabricLoader/Mixin) Preparing betterf3.fabric.mixins.json (1)
[12:26:19] [main/DEBUG] (FabricLoader/Mixin) Preparing fabric-data-attachment-api-v1.mixins.json (14)
[12:26:19] [main/DEBUG] (FabricLoader/Mixin) Preparing fabric-data-attachment-api-v1.client.mixins.json (1)
[12:26:19] [main/DEBUG] (FabricLoader/Mixin) Preparing fabric-registry-sync-v0.mixins.json (16)
[12:26:19] [main/DEBUG] (FabricLoader/Mixin) Preparing fabric-registry-sync-v0.client.mixins.json (5)
[12:26:19] [main/DEBUG] (FabricLoader/Mixin) Preparing gammautils.mixins.json (10)
[12:26:19] [main/DEBUG] (FabricLoader/Mixin) Preparing mixins.devauth.json (1)
[12:26:19] [main/DEBUG] (FabricLoader/Mixin) Preparing fabric-particles-v1.mixins.json (8)
[12:26:19] [main/DEBUG] (FabricLoader/Mixin) Preparing fabric-particles-v1.client.mixins.json (4)
[12:26:19] [main/DEBUG] (FabricLoader/Mixin) Preparing fabric-transfer-api-v1.mixins.json (17)
[12:26:19] [main/DEBUG] (FabricLoader/Mixin) Preparing fabric-resource-conditions-api-v1.mixins.json (7)
[12:26:19] [main/DEBUG] (FabricLoader/Mixin) Preparing fabric-biome-api-v1.mixins.json (9)
[12:26:19] [main/DEBUG] (FabricLoader/Mixin) Preparing fabric-rendering-fluids-v1.mixins.json (1)
[12:26:19] [main/DEBUG] (FabricLoader/Mixin) Preparing sodium-common.mixins.json (93)
[12:26:19] [main/WARN] (Sodium) Force-disabling mixin 'features.render.world.sky.FogRendererMixin' as rule 'mixin.features.render.world.sky' (added by mods [iris]) disables it and children
[12:26:19] [main/WARN] (Sodium) Force-disabling mixin 'features.render.world.sky.ClientLevelMixin' as rule 'mixin.features.render.world.sky' (added by mods [iris]) disables it and children
[12:26:19] [main/WARN] (Sodium) Force-disabling mixin 'features.render.world.sky.LevelRendererMixin' as rule 'mixin.features.render.world.sky' (added by mods [iris]) disables it and children
[12:26:19] [main/DEBUG] (FabricLoader/Mixin) Preparing sodium-fabric.mixins.json (4)
[12:26:19] [main/DEBUG] (FabricLoader/Mixin) Preparing fabric-rendering-v1.mixins.json (38)
[12:26:19] [main/DEBUG] (FabricLoader/Mixin) Preparing mixins.modmenu.json (4)
[12:26:19] [main/DEBUG] (FabricLoader/Mixin) Preparing fabric-convention-tags-api-v2.mixins.json (1)
[12:26:19] [main/DEBUG] (FabricLoader/Mixin) Preparing fabric-renderer-indigo.mixins.json (11)
[12:26:19] [main/DEBUG] (FabricLoader/Mixin) Preparing fabric-command-api-v2.mixins.json (6)
[12:26:19] [main/DEBUG] (FabricLoader/Mixin) Preparing fabric-command-api-v2.client.mixins.json (2)
[12:26:19] [main/DEBUG] (FabricLoader/Mixin) Preparing fabric-lifecycle-events-v1.mixins.json (11)
[12:26:19] [main/DEBUG] (FabricLoader/Mixin) Preparing fabric-lifecycle-events-v1.client.mixins.json (7)
[12:26:19] [main/DEBUG] (FabricLoader/Mixin) Preparing fabric-item-group-api-v1.mixins.json (3)
[12:26:19] [main/DEBUG] (FabricLoader/Mixin) Preparing fabric-item-group-api-v1.client.mixins.json (1)
[12:26:19] [main/DEBUG] (FabricLoader/Mixin) Preparing fabric-renderer-api-v1.mixins.json (27)
[12:26:19] [main/DEBUG] (FabricLoader/Mixin) Preparing fabric-api-lookup-api-v1.mixins.json (2)
[12:26:19] [main/DEBUG] (FabricLoader/Mixin) Preparing fabric-message-api-v1.mixins.json (2)
[12:26:19] [main/DEBUG] (FabricLoader/Mixin) Preparing fabric-message-api-v1.client.mixins.json (2)
[12:26:19] [main/DEBUG] (FabricLoader/Mixin) Preparing fabric-block-api-v1.mixins.json (5)
[12:26:19] [main/DEBUG] (FabricLoader/Mixin) Preparing fabric-block-view-api-v2.mixins.json (3)
[12:26:19] [main/DEBUG] (FabricLoader/Mixin) Preparing fabric-block-view-api-v2.client.mixins.json (3)
[12:26:19] [main/DEBUG] (FabricLoader/Mixin) Preparing trender.mixins.json (2)
[12:26:19] [main/DEBUG] (FabricLoader/Mixin) Preparing fabric-model-loading-api-v1.mixins.json (6)
[12:26:20] [main/DEBUG] (FabricLoader/Mixin) Preparing fabric-networking-api-v1.mixins.json (24)
[12:26:20] [main/DEBUG] (FabricLoader/Mixin) Preparing fabric-networking-api-v1.client.mixins.json (9)
[12:26:20] [main/DEBUG] (FabricLoader/Mixin) Preparing fabric-data-generation-api-v1.mixins.json (17)
[12:26:20] [main/DEBUG] (FabricLoader/Mixin) Preparing fabric-data-generation-api-v1.client.mixins.json (4)
[12:26:20] [main/DEBUG] (FabricLoader/Mixin) Preparing fabric-resource-loader-v1.mixins.json (5)
[12:26:20] [main/DEBUG] (FabricLoader/Mixin) Preparing fabric-resource-loader-v1.client.mixins.json (1)
[12:26:20] [main/DEBUG] (FabricLoader/Mixin) Preparing fabric-events-interaction-v0.mixins.json (5)
[12:26:20] [main/DEBUG] (FabricLoader/Mixin) Preparing fabric-events-interaction-v0.client.mixins.json (3)
[12:26:20] [main/DEBUG] (FabricLoader/Mixin) Preparing entityculling.mixins.json (9)
[12:26:20] [main/DEBUG] (FabricLoader/Mixin) Preparing fabric-content-registries-v0.mixins.json (18)
[12:26:20] [main/DEBUG] (FabricLoader/Mixin) Preparing fabric-item-api-v1.mixins.json (17)
[12:26:20] [main/DEBUG] (FabricLoader/Mixin) Preparing fabric-item-api-v1.client.mixins.json (3)
[12:26:20] [main/DEBUG] (FabricLoader/Mixin) Preparing ferritecore.accessors.mixin.json (7)
[12:26:20] [main/DEBUG] (FabricLoader/Mixin) Preparing ferritecore.blockstatecache.mixin.json (2)
[12:26:20] [main/DEBUG] (FabricLoader/Mixin) Preparing ferritecore.fastmap.mixin.json (1)
[12:26:20] [main/DEBUG] (FabricLoader/Mixin) Preparing ferritecore.threaddetec.mixin.json (1)
[12:26:20] [main/DEBUG] (FabricLoader/Mixin) Inner class net/irisshaders/iris/mixin/MixinChunkBorderRenderer$1 in net/irisshaders/iris/mixin/MixinChunkBorderRenderer on net/minecraft/client/renderer/debug/ChunkBorderRenderer gets unique name net/minecraft/client/renderer/debug/ChunkBorderRenderer$Anonymous$5c1c2618d0e6480abab8f6c7587e2ad1
[12:26:20] [main/DEBUG] (FabricLoader/Mixin) Inner class fabric/me/thosea/badoptimizations/mixin/MixinDebugHud_AddText$1 in fabric/me/thosea/badoptimizations/mixin/MixinDebugHud_AddText on net/minecraft/client/gui/components/debug/DebugScreenEntries gets unique name net/minecraft/client/gui/components/debug/DebugScreenEntries$Anonymous$1304ac6b8a6d49008dafb15a7e68f51b
[12:26:20] [main/DEBUG] (FabricLoader/Mixin) Inner class net/fabricmc/fabric/mixin/transfer/ChiseledBookshelfBlockEntityMixin$1 in net/fabricmc/fabric/mixin/transfer/ChiseledBookshelfBlockEntityMixin on net/minecraft/world/level/block/entity/ChiseledBookShelfBlockEntity gets unique name net/minecraft/world/level/block/entity/ChiseledBookShelfBlockEntity$Anonymous$a3c54b52df5c46dab797ac8159c07ad9
[12:26:20] [main/DEBUG] (FabricLoader/Mixin) Inner class net/fabricmc/fabric/mixin/itemgroup/ItemGroupsMixin$1ItemGroupPosition in net/fabricmc/fabric/mixin/itemgroup/ItemGroupsMixin on net/minecraft/world/item/CreativeModeTabs gets unique name net/minecraft/world/item/CreativeModeTabs$1ItemGroupPosition$e886af3a33124d4bb76d38f2f7ff3e58
[12:26:20] [main/DEBUG] (FabricLoader/Mixin) Inner class net/fabricmc/fabric/mixin/renderer/client/block/model/MultipartBlockStateModelMixin$1Key in net/fabricmc/fabric/mixin/renderer/client/block/model/MultipartBlockStateModelMixin on net/minecraft/client/renderer/block/model/multipart/MultiPartModel gets unique name net/minecraft/client/renderer/block/model/multipart/MultiPartModel$1Key$e51fdf0740344ccea7cf2efb747d546d
[12:26:20] [main/DEBUG] (FabricLoader/Mixin) Prepared 775 mixins in 0.803 sec (1.0ms avg) (0ms load, 0ms transform, 0ms plugin)
[12:26:20] [main/INFO] (Sodium-GraphicsAdapterProbe) Searching for graphics cards...
[12:26:20] [main/INFO] (Sodium-GraphicsAdapterProbe) Found graphics adapter: AdapterInfo{vendor=AMD, description='AMD Radeon(TM) Graphics', adapterType=0x00002303, openglIcdFilePath='C:\WINDOWS\System32\DriverStore\FileRepository\u0198974.inf_amd64_dcac9659486b668a\B025819\atig6pxx.dll', openglIcdVersion=32.0.21043.5001}
[12:26:20] [main/INFO] (Sodium-GraphicsAdapterProbe) Found graphics adapter: AdapterInfo{vendor=AMD, description='AMD Radeon RX 9070 XT', adapterType=0x0000230B, openglIcdFilePath='C:\WINDOWS\System32\DriverStore\FileRepository\u0198975.inf_amd64_cab3843582148687\B025836\atig6pxx.dll', openglIcdVersion=32.0.23033.1002}
[12:26:20] [main/INFO] (FabricLoader/MixinExtras|Service) Initializing MixinExtras via com.llamalad7.mixinextras.service.MixinExtrasServiceImpl(version=0.5.0).
[12:26:20] [main/DEBUG] (FabricLoader/Mixin) Registering new injector for @SugarWrapper with com.llamalad7.mixinextras.sugar.impl.SugarWrapperInjectionInfo
[12:26:20] [main/DEBUG] (FabricLoader/Mixin) Registering new injector for @FactoryRedirectWrapper with com.llamalad7.mixinextras.wrapper.factory.FactoryRedirectWrapperInjectionInfo
[12:26:20] [main/DEBUG] (FabricLoader/Mixin) Registering new injector for @ExpressionInjectorWrapper with com.llamalad7.mixinextras.expression.impl.wrapper.ExpressionInjectorWrapperInjectionInfo
[12:26:20] [main/DEBUG] (FabricLoader/Mixin) Mixing MainMixin from cubes-without-borders.mixins.json into net.minecraft.client.main.Main
[12:26:20] [main/DEBUG] (FabricLoader/Mixin) Mixing MainMixin from mixins.devauth.json into net.minecraft.client.main.Main
[12:26:20] [main/DEBUG] (FabricLoader/Mixin) cubes-without-borders.mixins.json:MainMixin from mod cubes-without-borders->@Inject::readBorderlessOption(Lorg/spongepowered/asm/mixin/injection/callback/CallbackInfo;)V doesn't use it's CallbackInfo
[12:26:20] [main/DEBUG] (org.apache.http.client.protocol.RequestAddCookies) CookieSpec selected: default
[12:26:20] [main/DEBUG] (org.apache.http.client.protocol.RequestAuthCache) Auth cache not set in the context
[12:26:20] [main/DEBUG] (org.apache.http.impl.conn.PoolingHttpClientConnectionManager) Connection request: [route: {s}->https://api.minecraftservices.com:443][total available: 0; route allocated: 0 of 2; total allocated: 0 of 20]
[12:26:20] [main/DEBUG] (org.apache.http.impl.conn.PoolingHttpClientConnectionManager) Connection leased: [id: 0][route: {s}->https://api.minecraftservices.com:443][total available: 0; route allocated: 1 of 2; total allocated: 1 of 20]
[12:26:20] [main/DEBUG] (org.apache.http.impl.execchain.MainClientExec) Opening connection {s}->https://api.minecraftservices.com:443
[12:26:20] [main/DEBUG] (org.apache.http.impl.conn.DefaultHttpClientConnectionOperator) Connecting to api.minecraftservices.com/150.171.109.33:443
[12:26:20] [main/DEBUG] (org.apache.http.conn.ssl.SSLConnectionSocketFactory) Connecting socket to api.minecraftservices.com/150.171.109.33:443 with timeout 0
[12:26:20] [main/DEBUG] (org.apache.http.conn.ssl.SSLConnectionSocketFactory) Enabled protocols: [TLSv1.3, TLSv1.2]
[12:26:20] [main/DEBUG] (org.apache.http.conn.ssl.SSLConnectionSocketFactory) Enabled cipher suites:[TLS_AES_256_GCM_SHA384, TLS_AES_128_GCM_SHA256, TLS_CHACHA20_POLY1305_SHA256, TLS_ECDHE_ECDSA_WITH_AES_256_GCM_SHA384, TLS_ECDHE_ECDSA_WITH_AES_128_GCM_SHA256, TLS_ECDHE_ECDSA_WITH_CHACHA20_POLY1305_SHA256, TLS_ECDHE_RSA_WITH_AES_256_GCM_SHA384, TLS_ECDHE_RSA_WITH_CHACHA20_POLY1305_SHA256, TLS_ECDHE_RSA_WITH_AES_128_GCM_SHA256, TLS_DHE_RSA_WITH_AES_256_GCM_SHA384, TLS_DHE_RSA_WITH_CHACHA20_POLY1305_SHA256, TLS_DHE_DSS_WITH_AES_256_GCM_SHA384, TLS_DHE_RSA_WITH_AES_128_GCM_SHA256, TLS_DHE_DSS_WITH_AES_128_GCM_SHA256, TLS_ECDHE_ECDSA_WITH_AES_256_CBC_SHA384, TLS_ECDHE_RSA_WITH_AES_256_CBC_SHA384, TLS_ECDHE_ECDSA_WITH_AES_128_CBC_SHA256, TLS_ECDHE_RSA_WITH_AES_128_CBC_SHA256, TLS_DHE_RSA_WITH_AES_256_CBC_SHA256, TLS_DHE_DSS_WITH_AES_256_CBC_SHA256, TLS_DHE_RSA_WITH_AES_128_CBC_SHA256, TLS_DHE_DSS_WITH_AES_128_CBC_SHA256, TLS_ECDHE_ECDSA_WITH_AES_256_CBC_SHA, TLS_ECDHE_RSA_WITH_AES_256_CBC_SHA, TLS_ECDHE_ECDSA_WITH_AES_128_CBC_SHA, TLS_ECDHE_RSA_WITH_AES_128_CBC_SHA, TLS_DHE_RSA_WITH_AES_256_CBC_SHA, TLS_DHE_DSS_WITH_AES_256_CBC_SHA, TLS_DHE_RSA_WITH_AES_128_CBC_SHA, TLS_DHE_DSS_WITH_AES_128_CBC_SHA, TLS_RSA_WITH_AES_256_GCM_SHA384, TLS_RSA_WITH_AES_128_GCM_SHA256, TLS_RSA_WITH_AES_256_CBC_SHA256, TLS_RSA_WITH_AES_128_CBC_SHA256, TLS_RSA_WITH_AES_256_CBC_SHA, TLS_RSA_WITH_AES_128_CBC_SHA, TLS_EMPTY_RENEGOTIATION_INFO_SCSV]
[12:26:20] [main/DEBUG] (org.apache.http.conn.ssl.SSLConnectionSocketFactory) Starting handshake
[12:26:20] [main/DEBUG] (org.apache.http.conn.ssl.SSLConnectionSocketFactory) Secure session established
[12:26:20] [main/DEBUG] (org.apache.http.conn.ssl.SSLConnectionSocketFactory)  negotiated protocol: TLSv1.3
[12:26:20] [main/DEBUG] (org.apache.http.conn.ssl.SSLConnectionSocketFactory)  negotiated cipher suite: TLS_AES_256_GCM_SHA384
[12:26:20] [main/DEBUG] (org.apache.http.conn.ssl.SSLConnectionSocketFactory)  peer principal: CN=*.minecraftservices.com, O=Microsoft Corporation, L=Redmond, ST=WA, C=US
[12:26:20] [main/DEBUG] (org.apache.http.conn.ssl.SSLConnectionSocketFactory)  peer alternative names: [*.minecraftservices.com, minecraftservices.com]
[12:26:20] [main/DEBUG] (org.apache.http.conn.ssl.SSLConnectionSocketFactory)  issuer principal: CN=Microsoft TLS G2 RSA CA OCSP 04, O=Microsoft Corporation, C=US
[12:26:20] [main/DEBUG] (org.apache.http.impl.conn.DefaultHttpClientConnectionOperator) Connection established 192.168.2.7:54995<->150.171.109.33:443
[12:26:20] [main/DEBUG] (org.apache.http.impl.execchain.MainClientExec) Executing request GET /minecraft/profile HTTP/1.1
[12:26:20] [main/DEBUG] (org.apache.http.impl.execchain.MainClientExec) Proxy auth state: UNCHALLENGED
[12:26:20] [main/DEBUG] (org.apache.http.headers) http-outgoing-0 >> GET /minecraft/profile HTTP/1.1
[12:26:20] [main/DEBUG] (org.apache.http.headers) http-outgoing-0 >> Authorization: Bearer eyJraWQiOiIwNDkxODEiLCJhbGciOiJSUzI1NiJ9.eyJ4dWlkIjoiMjUzNTQyMDU4ODc4NDE1MSIsImFnZyI6IkFkdWx0Iiwic3ViIjoiMDU1YWIzZmUtZWExZC00NWQ5LWE4YTYtMzE0MTg0MWIzM2JmIiwiYXV0aCI6IlhCT1giLCJucyI6ImRlZmF1bHQiLCJyb2xlcyI6W10sImlzcyI6ImF1dGhlbnRpY2F0aW9uIiwiZmxhZ3MiOlsibXVsdGlwbGF5ZXIiXSwicHJvZmlsZXMiOnsibWMiOiJjOTk5M2FkNS1jNjM3LTRjZjEtYjk2ZS04OTgzNWZhZTA0NzYifSwicG1pZCI6IjY4ZDdhMDNhLTI2YWItNTE5ZC05ODdiLWQxZGQyYTQ2YzkyOCIsInBsYXRmb3JtIjoiUENfTEFVTkNIRVIiLCJ0aWQiOiJFOTlCMCIsInBmZCI6W3sidHlwZSI6Im1jIiwiaWQiOiJjOTk5M2FkNS1jNjM3LTRjZjEtYjk2ZS04OTgzNWZhZTA0NzYiLCJuYW1lIjoiRGhyUmljbyJ9XSwieGlkIjoiMjUzNTQyMDU4ODc4NDE1MSIsIm5iZiI6MTc3Nzg4OTEyMiwiZXhwIjoxNzc3OTc1NTIyLCJpYXQiOjE3Nzc4ODkxMjIsImFpZCI6Ijc1N2JiM2IzLWI3Y2EtNGJjZC1hMTYwLWM5MmU2Mzc5YzI2MyJ9.uuzgkhsBvolf76-UmHTfvqrfEXqD1_pod6eWDsgS4U54tRBa3JDurJNpHAHfc9hRbslw5OSLJsihqCY_P76BoyAsjsw6sZVUC6fABA4kSEUJVBkigyD9LwNcEgK7KSXwLCByUa-2_K5cmlaZLXprcyBAGVzkDZC7xlPtcotfTGkhZrF_we9UXF57I9BXzYpVMI1eLuCBFb_ebSvM1ZaRBmEIIRFsNsdVPAzOZM9Sbo4YF0FxEcAGXscsWb8aWtdxvfPf5yCr1Ovp-fRrr5cRsCalLm--IrBkQZ1b38Ztomxes2st2rN3sFjDlc-zH0rQ5l88NzJ090t1OSXrFJGTjA
[12:26:20] [main/DEBUG] (org.apache.http.headers) http-outgoing-0 >> Host: api.minecraftservices.com
[12:26:20] [main/DEBUG] (org.apache.http.headers) http-outgoing-0 >> Connection: Keep-Alive
[12:26:20] [main/DEBUG] (org.apache.http.headers) http-outgoing-0 >> User-Agent: Mozilla/5.0 (DevAuth)
[12:26:20] [main/DEBUG] (org.apache.http.headers) http-outgoing-0 >> Accept-Encoding: gzip,deflate
[12:26:20] [main/DEBUG] (org.apache.http.wire) http-outgoing-0 >> "GET /minecraft/profile HTTP/1.1[\r][\n]"
[12:26:20] [main/DEBUG] (org.apache.http.wire) http-outgoing-0 >> "Authorization: Bearer eyJraWQiOiIwNDkxODEiLCJhbGciOiJSUzI1NiJ9.eyJ4dWlkIjoiMjUzNTQyMDU4ODc4NDE1MSIsImFnZyI6IkFkdWx0Iiwic3ViIjoiMDU1YWIzZmUtZWExZC00NWQ5LWE4YTYtMzE0MTg0MWIzM2JmIiwiYXV0aCI6IlhCT1giLCJucyI6ImRlZmF1bHQiLCJyb2xlcyI6W10sImlzcyI6ImF1dGhlbnRpY2F0aW9uIiwiZmxhZ3MiOlsibXVsdGlwbGF5ZXIiXSwicHJvZmlsZXMiOnsibWMiOiJjOTk5M2FkNS1jNjM3LTRjZjEtYjk2ZS04OTgzNWZhZTA0NzYifSwicG1pZCI6IjY4ZDdhMDNhLTI2YWItNTE5ZC05ODdiLWQxZGQyYTQ2YzkyOCIsInBsYXRmb3JtIjoiUENfTEFVTkNIRVIiLCJ0aWQiOiJFOTlCMCIsInBmZCI6W3sidHlwZSI6Im1jIiwiaWQiOiJjOTk5M2FkNS1jNjM3LTRjZjEtYjk2ZS04OTgzNWZhZTA0NzYiLCJuYW1lIjoiRGhyUmljbyJ9XSwieGlkIjoiMjUzNTQyMDU4ODc4NDE1MSIsIm5iZiI6MTc3Nzg4OTEyMiwiZXhwIjoxNzc3OTc1NTIyLCJpYXQiOjE3Nzc4ODkxMjIsImFpZCI6Ijc1N2JiM2IzLWI3Y2EtNGJjZC1hMTYwLWM5MmU2Mzc5YzI2MyJ9.uuzgkhsBvolf76-UmHTfvqrfEXqD1_pod6eWDsgS4U54tRBa3JDurJNpHAHfc9hRbslw5OSLJsihqCY_P76BoyAsjsw6sZVUC6fABA4kSEUJVBkigyD9LwNcEgK7KSXwLCByUa-2_K5cmlaZLXprcyBAGVzkDZC7xlPtcotfTGkhZrF_we9UXF57I9BXzYpVMI1eLuCBFb_ebSvM1ZaRBmEIIRFsNsdVPAzOZM9Sbo4YF0FxEcAGXscsWb8aWtdxvfPf5yCr1Ovp-fRrr5cRsCalLm--IrBkQZ1b38Ztomxes2st2rN3sFjDlc-zH0rQ5l88NzJ090t1OSXrFJGTjA[\r][\n]"
[12:26:20] [main/DEBUG] (org.apache.http.wire) http-outgoing-0 >> "Host: api.minecraftservices.com[\r][\n]"
[12:26:20] [main/DEBUG] (org.apache.http.wire) http-outgoing-0 >> "Connection: Keep-Alive[\r][\n]"
[12:26:20] [main/DEBUG] (org.apache.http.wire) http-outgoing-0 >> "User-Agent: Mozilla/5.0 (DevAuth)[\r][\n]"
[12:26:20] [main/DEBUG] (org.apache.http.wire) http-outgoing-0 >> "Accept-Encoding: gzip,deflate[\r][\n]"
[12:26:20] [main/DEBUG] (org.apache.http.wire) http-outgoing-0 >> "[\r][\n]"
[12:26:20] [main/DEBUG] (org.apache.http.wire) http-outgoing-0 << "HTTP/1.1 200 OK[\r][\n]"
[12:26:20] [main/DEBUG] (org.apache.http.wire) http-outgoing-0 << "Date: Mon, 04 May 2026 10:26:22 GMT[\r][\n]"
[12:26:20] [main/DEBUG] (org.apache.http.wire) http-outgoing-0 << "Content-Type: application/json[\r][\n]"
[12:26:20] [main/DEBUG] (org.apache.http.wire) http-outgoing-0 << "Content-Length: 884[\r][\n]"
[12:26:20] [main/DEBUG] (org.apache.http.wire) http-outgoing-0 << "Connection: keep-alive[\r][\n]"
[12:26:20] [main/DEBUG] (org.apache.http.wire) http-outgoing-0 << "x-minecraft-request-id: 96eec55ff330b7a6[\r][\n]"
[12:26:20] [main/DEBUG] (org.apache.http.wire) http-outgoing-0 << "X-Azure-Ref: 20260504T102622Z-185cc757c6cdg448hC1AMSufb000000000x0000000002rnx[\r][\n]"
[12:26:20] [main/DEBUG] (org.apache.http.wire) http-outgoing-0 << "Cache-Control: no-store[\r][\n]"
[12:26:20] [main/DEBUG] (org.apache.http.wire) http-outgoing-0 << "X-Cache: CONFIG_NOCACHE[\r][\n]"
[12:26:20] [main/DEBUG] (org.apache.http.wire) http-outgoing-0 << "Accept-Ranges: bytes[\r][\n]"
[12:26:20] [main/DEBUG] (org.apache.http.wire) http-outgoing-0 << "[\r][\n]"
[12:26:20] [main/DEBUG] (org.apache.http.wire) http-outgoing-0 << "{[\n]"
[12:26:20] [main/DEBUG] (org.apache.http.wire) http-outgoing-0 << "  "id" : "c9993ad5c6374cf1b96e89835fae0476",[\n]"
[12:26:20] [main/DEBUG] (org.apache.http.wire) http-outgoing-0 << "  "name" : "DhrRico",[\n]"
[12:26:20] [main/DEBUG] (org.apache.http.wire) http-outgoing-0 << "  "skins" : [ {[\n]"
[12:26:20] [main/DEBUG] (org.apache.http.wire) http-outgoing-0 << "    "id" : "526419d3-6ae4-487b-966d-5b0702576d96",[\n]"
[12:26:20] [main/DEBUG] (org.apache.http.wire) http-outgoing-0 << "    "state" : "ACTIVE",[\n]"
[12:26:20] [main/DEBUG] (org.apache.http.wire) http-outgoing-0 << "    "url" : "http://textures.minecraft.net/texture/51da0539be86e44822f6046a18bd4a4bb39a091623396900bfe611fb1026ec80",[\n]"
[12:26:20] [main/DEBUG] (org.apache.http.wire) http-outgoing-0 << "    "textureKey" : "51da0539be86e44822f6046a18bd4a4bb39a091623396900bfe611fb1026ec80",[\n]"
[12:26:20] [main/DEBUG] (org.apache.http.wire) http-outgoing-0 << "    "variant" : "SLIM"[\n]"
[12:26:20] [main/DEBUG] (org.apache.http.wire) http-outgoing-0 << "  } ],[\n]"
[12:26:20] [main/DEBUG] (org.apache.http.wire) http-outgoing-0 << "  "capes" : [ {[\n]"
[12:26:20] [main/DEBUG] (org.apache.http.wire) http-outgoing-0 << "    "id" : "2ed5269a-076e-4a3c-834a-2837d5b578f2",[\n]"
[12:26:20] [main/DEBUG] (org.apache.http.wire) http-outgoing-0 << "    "state" : "INACTIVE",[\n]"
[12:26:20] [main/DEBUG] (org.apache.http.wire) http-outgoing-0 << "    "url" : "http://textures.minecraft.net/texture/28de4a81688ad18b49e735a273e086c18f1e3966956123ccb574034c06f5d336",[\n]"
[12:26:20] [main/DEBUG] (org.apache.http.wire) http-outgoing-0 << "    "alias" : "Pan"[\n]"
[12:26:20] [main/DEBUG] (org.apache.http.wire) http-outgoing-0 << "  }, {[\n]"
[12:26:20] [main/DEBUG] (org.apache.http.wire) http-outgoing-0 << "    "id" : "b9d4f2e0-6109-43f7-97aa-84250ce3c1dd",[\n]"
[12:26:20] [main/DEBUG] (org.apache.http.wire) http-outgoing-0 << "    "state" : "INACTIVE",[\n]"
[12:26:20] [main/DEBUG] (org.apache.http.wire) http-outgoing-0 << "    "url" : "http://textures.minecraft.net/texture/5ec930cdd2629c8771655c60eebeb867b4b6559b0e6d3bc71c40c96347fa03f0",[\n]"
[12:26:20] [main/DEBUG] (org.apache.http.wire) http-outgoing-0 << "    "alias" : "Common"[\n]"
[12:26:20] [main/DEBUG] (org.apache.http.wire) http-outgoing-0 << "  } ],[\n]"
[12:26:20] [main/DEBUG] (org.apache.http.wire) http-outgoing-0 << "  "profileActions" : { }[\n]"
[12:26:20] [main/DEBUG] (org.apache.http.wire) http-outgoing-0 << "}"
[12:26:20] [main/DEBUG] (org.apache.http.headers) http-outgoing-0 << HTTP/1.1 200 OK
[12:26:20] [main/DEBUG] (org.apache.http.headers) http-outgoing-0 << Date: Mon, 04 May 2026 10:26:22 GMT
[12:26:20] [main/DEBUG] (org.apache.http.headers) http-outgoing-0 << Content-Type: application/json
[12:26:20] [main/DEBUG] (org.apache.http.headers) http-outgoing-0 << Content-Length: 884
[12:26:20] [main/DEBUG] (org.apache.http.headers) http-outgoing-0 << Connection: keep-alive
[12:26:20] [main/DEBUG] (org.apache.http.headers) http-outgoing-0 << x-minecraft-request-id: 96eec55ff330b7a6
[12:26:20] [main/DEBUG] (org.apache.http.headers) http-outgoing-0 << X-Azure-Ref: 20260504T102622Z-185cc757c6cdg448hC1AMSufb000000000x0000000002rnx
[12:26:20] [main/DEBUG] (org.apache.http.headers) http-outgoing-0 << Cache-Control: no-store
[12:26:20] [main/DEBUG] (org.apache.http.headers) http-outgoing-0 << X-Cache: CONFIG_NOCACHE
[12:26:20] [main/DEBUG] (org.apache.http.headers) http-outgoing-0 << Accept-Ranges: bytes
[12:26:20] [main/DEBUG] (org.apache.http.impl.execchain.MainClientExec) Connection can be kept alive indefinitely
[12:26:20] [main/DEBUG] (org.apache.http.impl.conn.PoolingHttpClientConnectionManager) Connection [id: 0][route: {s}->https://api.minecraftservices.com:443] can be kept alive indefinitely
[12:26:20] [main/DEBUG] (org.apache.http.impl.conn.DefaultManagedHttpClientConnection) http-outgoing-0: set socket timeout to 0
[12:26:20] [main/DEBUG] (org.apache.http.impl.conn.PoolingHttpClientConnectionManager) Connection released: [id: 0][route: {s}->https://api.minecraftservices.com:443][total available: 1; route allocated: 1 of 2; total allocated: 1 of 20]
[12:26:20] [main/INFO] (DevAuth) Successfully logged in as DhrRico
[12:26:21] [main/DEBUG] (io.netty.util.internal.logging.InternalLoggerFactory) Using SLF4J as the default logging framework
[12:26:21] [main/DEBUG] (io.netty.util.ResourceLeakDetector) -Dio.netty.leakDetection.level: simple
[12:26:21] [main/DEBUG] (io.netty.util.ResourceLeakDetector) -Dio.netty.leakDetection.targetRecords: 4
[12:26:21] [main/DEBUG] (FabricLoader/Mixin) Mixing TaggedChoiceMixin from fabric-dimensions-v1.mixins.json into com.mojang.datafixers.types.templates.TaggedChoice
[12:26:21] [main/DEBUG] (FabricLoader/Mixin) fabric-dimensions-v1.mixins.json:TaggedChoiceMixin from mod fabric-dimensions-v1->@Inject::onApply(Lcom/mojang/datafixers/util/Pair;Lorg/spongepowered/asm/mixin/injection/callback/CallbackInfoReturnable;)V does use it's CallbackInfoReturnable
[12:26:21] [main/DEBUG] (FabricLoader/Mixin) Mixing TaggedChoiceTaggedChoiceTypeMixin from fabric-dimensions-v1.mixins.json into com.mojang.datafixers.types.templates.TaggedChoice$TaggedChoiceType
[12:26:21] [main/DEBUG] (FabricLoader/Mixin) fabric-dimensions-v1.mixins.json:TaggedChoiceTaggedChoiceTypeMixin from mod fabric-dimensions-v1->@Inject::onGetCodec(Ljava/lang/Object;Lorg/spongepowered/asm/mixin/injection/callback/CallbackInfoReturnable;)V does use it's CallbackInfoReturnable
[12:26:21] [main/DEBUG] (FabricLoader/Mixin) Mixing Schema2832Mixin from fabric-dimensions-v1.mixins.json into net.minecraft.util.datafix.schemas.V2832
[12:26:21] [main/DEBUG] (FabricLoader/Mixin) Mixing SystemDetailsMixin from fabric-crash-report-info-v1.mixins.json into net.minecraft.SystemReport
[12:26:21] [main/DEBUG] (FabricLoader/Mixin) Renaming synthetic method lambda$appendMods$1(Lnet/fabricmc/loader/api/ModContainer;)Ljava/lang/String; to mdab7149$fabric-crash-report-info-v1$lambda$appendMods$1$0 in fabric-crash-report-info-v1.mixins.json:SystemDetailsMixin from mod fabric-crash-report-info-v1
[12:26:21] [main/DEBUG] (FabricLoader/Mixin) Renaming synthetic method lambda$fillSystemDetails$0()Ljava/lang/String; to mdab7149$fabric-crash-report-info-v1$lambda$fillSystemDetails$0$1 in fabric-crash-report-info-v1.mixins.json:SystemDetailsMixin from mod fabric-crash-report-info-v1
[12:26:21] [main/DEBUG] (FabricLoader/Mixin) Mixing MixinSystemReport from mixins.iris.json into net.minecraft.SystemReport
[12:26:21] [main/DEBUG] (FabricLoader/Mixin) mixins.iris.json:MixinSystemReport from mod iris: Class version 65 required is higher than the class version supported by the current version of Mixin (JAVA_8 supports class version 52)
[12:26:21] [main/DEBUG] (FabricLoader/Mixin) Renaming synthetic method lambda$fillSystemDetails$1()Ljava/lang/String; to mdab7149$iris$lambda$fillSystemDetails$1$2 in mixins.iris.json:MixinSystemReport from mod iris
[12:26:21] [main/DEBUG] (FabricLoader/Mixin) Renaming synthetic method lambda$fillSystemDetails$0(Ljava/lang/StringBuilder;Lnet/irisshaders/iris/shaderpack/ShaderPack;)V to mdab7149$iris$lambda$fillSystemDetails$0$3 in mixins.iris.json:MixinSystemReport from mod iris
[12:26:21] [main/DEBUG] (FabricLoader/Mixin) fabric-crash-report-info-v1.mixins.json:SystemDetailsMixin from mod fabric-crash-report-info-v1->@Inject::fillSystemDetails(Lorg/spongepowered/asm/mixin/injection/callback/CallbackInfo;)V doesn't use it's CallbackInfo
[12:26:21] [main/DEBUG] (FabricLoader/Mixin) fabric-crash-report-info-v1.mixins.json:SystemDetailsMixin from mod fabric-crash-report-info-v1->@Inject::fillSystemDetails(Lorg/spongepowered/asm/mixin/injection/callback/CallbackInfo;)V has 0 override(s) in child classes
[12:26:21] [main/DEBUG] (FabricLoader/Mixin) fabric-crash-report-info-v1.mixins.json:SystemDetailsMixin from mod fabric-crash-report-info-v1->@Inject::fillSystemDetails(Lorg/spongepowered/asm/mixin/injection/callback/CallbackInfo;)V won't be passed a CallbackInfo as a result
[12:26:21] [main/DEBUG] (FabricLoader/Mixin) mixins.iris.json:MixinSystemReport from mod iris->@Inject::fillSystemDetails(Lorg/spongepowered/asm/mixin/injection/callback/CallbackInfo;)V doesn't use it's CallbackInfo
[12:26:21] [main/DEBUG] (FabricLoader/Mixin) mixins.iris.json:MixinSystemReport from mod iris->@Inject::fillSystemDetails(Lorg/spongepowered/asm/mixin/injection/callback/CallbackInfo;)V has 0 override(s) in child classes
[12:26:21] [main/DEBUG] (FabricLoader/Mixin) mixins.iris.json:MixinSystemReport from mod iris->@Inject::fillSystemDetails(Lorg/spongepowered/asm/mixin/injection/callback/CallbackInfo;)V won't be passed a CallbackInfo as a result
[12:26:21] [Datafixer Bootstrap/DEBUG] (FabricLoader/Mixin) Mixing texture.MixinResourceLocation from mixins.iris.json into net.minecraft.resources.ResourceLocation
[12:26:21] [Datafixer Bootstrap/DEBUG] (FabricLoader/Mixin) mixins.iris.json:texture.MixinResourceLocation from mod iris: Class version 65 required is higher than the class version supported by the current version of Mixin (JAVA_8 supports class version 52)
[12:26:21] [Datafixer Bootstrap/DEBUG] (FabricLoader/Mixin) mixins.iris.json:texture.MixinResourceLocation from mod iris->@Inject::iris$blockDUMMY(Ljava/lang/String;Lorg/spongepowered/asm/mixin/injection/callback/CallbackInfoReturnable;)V does use it's CallbackInfoReturnable
[12:26:21] [Datafixer Bootstrap/DEBUG] (FabricLoader/Mixin) mixins.iris.json:texture.MixinResourceLocation from mod iris->@Inject::iris$allowInvalidPaths(CLorg/spongepowered/asm/mixin/injection/callback/CallbackInfoReturnable;)V does use it's CallbackInfoReturnable
[12:26:22] [Datafixer Bootstrap/INFO] (com.mojang.datafixers.DataFixerBuilder) 278 Datafixer optimizations took 426 milliseconds
[12:26:22] [main/DEBUG] (FabricLoader/Mixin) Mixing MixinScreen from infernum.mixins.json into net.minecraft.client.gui.screens.Screen
[12:26:22] [main/DEBUG] (FabricLoader/Mixin) Mixing ScreenAccessor from fabric-screen-api-v1.mixins.json into net.minecraft.client.gui.screens.Screen
[12:26:22] [main/DEBUG] (FabricLoader/Mixin) Mixing ScreenMixin from fabric-screen-api-v1.mixins.json into net.minecraft.client.gui.screens.Screen
[12:26:22] [main/DEBUG] (FabricLoader/Mixin) Mixing client.ScreenAccessor from trender.mixins.json into net.minecraft.client.gui.screens.Screen
[12:26:22] [main/DEBUG] (FabricLoader/Mixin) infernum.mixins.json:MixinScreen from mod infernum->@Inject::frozen$onRenderPre(Lnet/minecraft/client/gui/GuiGraphics;IIFLorg/spongepowered/asm/mixin/injection/callback/CallbackInfo;)V doesn't use it's CallbackInfo
[12:26:22] [main/DEBUG] (FabricLoader/Mixin) infernum.mixins.json:MixinScreen from mod infernum->@Inject::frozen$onRenderPre(Lnet/minecraft/client/gui/GuiGraphics;IIFLorg/spongepowered/asm/mixin/injection/callback/CallbackInfo;)V has 0 override(s) in child classes
[12:26:22] [main/DEBUG] (FabricLoader/Mixin) infernum.mixins.json:MixinScreen from mod infernum->@Inject::frozen$onRenderPre(Lnet/minecraft/client/gui/GuiGraphics;IIFLorg/spongepowered/asm/mixin/injection/callback/CallbackInfo;)V won't be passed a CallbackInfo as a result
[12:26:22] [main/DEBUG] (FabricLoader/Mixin) infernum.mixins.json:MixinScreen from mod infernum->@Inject::frozen$onRenderPost(Lnet/minecraft/client/gui/GuiGraphics;IIFLorg/spongepowered/asm/mixin/injection/callback/CallbackInfo;)V doesn't use it's CallbackInfo
[12:26:22] [main/DEBUG] (FabricLoader/Mixin) infernum.mixins.json:MixinScreen from mod infernum->@Inject::frozen$onRenderPost(Lnet/minecraft/client/gui/GuiGraphics;IIFLorg/spongepowered/asm/mixin/injection/callback/CallbackInfo;)V has 0 override(s) in child classes
[12:26:22] [main/DEBUG] (FabricLoader/Mixin) infernum.mixins.json:MixinScreen from mod infernum->@Inject::frozen$onRenderPost(Lnet/minecraft/client/gui/GuiGraphics;IIFLorg/spongepowered/asm/mixin/injection/callback/CallbackInfo;)V won't be passed a CallbackInfo as a result
[12:26:22] [main/DEBUG] (FabricLoader/Mixin) fabric-screen-api-v1.mixins.json:ScreenMixin from mod fabric-screen-api-v1->@Inject::renderWithTooltip(Lnet/minecraft/client/gui/GuiGraphics;IIFLorg/spongepowered/asm/mixin/injection/callback/CallbackInfo;)V doesn't use it's CallbackInfo
[12:26:22] [main/DEBUG] (FabricLoader/Mixin) fabric-screen-api-v1.mixins.json:ScreenMixin from mod fabric-screen-api-v1->@Inject::beforeInitScreen(Lnet/minecraft/client/Minecraft;IILorg/spongepowered/asm/mixin/injection/callback/CallbackInfo;)V doesn't use it's CallbackInfo
[12:26:22] [main/DEBUG] (FabricLoader/Mixin) fabric-screen-api-v1.mixins.json:ScreenMixin from mod fabric-screen-api-v1->@Inject::beforeInitScreen(Lnet/minecraft/client/Minecraft;IILorg/spongepowered/asm/mixin/injection/callback/CallbackInfo;)V has 0 override(s) in child classes
[12:26:22] [main/DEBUG] (FabricLoader/Mixin) fabric-screen-api-v1.mixins.json:ScreenMixin from mod fabric-screen-api-v1->@Inject::beforeInitScreen(Lnet/minecraft/client/Minecraft;IILorg/spongepowered/asm/mixin/injection/callback/CallbackInfo;)V won't be passed a CallbackInfo as a result
[12:26:22] [main/DEBUG] (FabricLoader/Mixin) fabric-screen-api-v1.mixins.json:ScreenMixin from mod fabric-screen-api-v1->@Inject::afterInitScreen(Lnet/minecraft/client/Minecraft;IILorg/spongepowered/asm/mixin/injection/callback/CallbackInfo;)V doesn't use it's CallbackInfo
[12:26:22] [main/DEBUG] (FabricLoader/Mixin) fabric-screen-api-v1.mixins.json:ScreenMixin from mod fabric-screen-api-v1->@Inject::afterInitScreen(Lnet/minecraft/client/Minecraft;IILorg/spongepowered/asm/mixin/injection/callback/CallbackInfo;)V has 0 override(s) in child classes
[12:26:22] [main/DEBUG] (FabricLoader/Mixin) fabric-screen-api-v1.mixins.json:ScreenMixin from mod fabric-screen-api-v1->@Inject::afterInitScreen(Lnet/minecraft/client/Minecraft;IILorg/spongepowered/asm/mixin/injection/callback/CallbackInfo;)V won't be passed a CallbackInfo as a result
[12:26:22] [main/DEBUG] (FabricLoader/Mixin) fabric-screen-api-v1.mixins.json:ScreenMixin from mod fabric-screen-api-v1->@Inject::beforeResizeScreen(Lnet/minecraft/client/Minecraft;IILorg/spongepowered/asm/mixin/injection/callback/CallbackInfo;)V doesn't use it's CallbackInfo
[12:26:22] [main/DEBUG] (FabricLoader/Mixin) fabric-screen-api-v1.mixins.json:ScreenMixin from mod fabric-screen-api-v1->@Inject::beforeResizeScreen(Lnet/minecraft/client/Minecraft;IILorg/spongepowered/asm/mixin/injection/callback/CallbackInfo;)V has 0 override(s) in child classes
[12:26:22] [main/DEBUG] (FabricLoader/Mixin) fabric-screen-api-v1.mixins.json:ScreenMixin from mod fabric-screen-api-v1->@Inject::beforeResizeScreen(Lnet/minecraft/client/Minecraft;IILorg/spongepowered/asm/mixin/injection/callback/CallbackInfo;)V won't be passed a CallbackInfo as a result
[12:26:22] [main/DEBUG] (FabricLoader/Mixin) fabric-screen-api-v1.mixins.json:ScreenMixin from mod fabric-screen-api-v1->@Inject::afterResizeScreen(Lnet/minecraft/client/Minecraft;IILorg/spongepowered/asm/mixin/injection/callback/CallbackInfo;)V doesn't use it's CallbackInfo
[12:26:22] [main/DEBUG] (FabricLoader/Mixin) fabric-screen-api-v1.mixins.json:ScreenMixin from mod fabric-screen-api-v1->@Inject::afterResizeScreen(Lnet/minecraft/client/Minecraft;IILorg/spongepowered/asm/mixin/injection/callback/CallbackInfo;)V has 0 override(s) in child classes
[12:26:22] [main/DEBUG] (FabricLoader/Mixin) fabric-screen-api-v1.mixins.json:ScreenMixin from mod fabric-screen-api-v1->@Inject::afterResizeScreen(Lnet/minecraft/client/Minecraft;IILorg/spongepowered/asm/mixin/injection/callback/CallbackInfo;)V won't be passed a CallbackInfo as a result
[12:26:22] [main/DEBUG] (FabricLoader/Mixin) Mixing KeyBindingCategoryMixin from fabric-key-binding-api-v1.mixins.json into net.minecraft.client.KeyMapping$Category
[12:26:22] [main/DEBUG] (FabricLoader/Mixin) fabric-key-binding-api-v1.mixins.json:KeyBindingCategoryMixin from mod fabric-key-binding-api-v1->@Inject::onReturnRegister(Lnet/minecraft/resources/ResourceLocation;Lorg/spongepowered/asm/mixin/injection/callback/CallbackInfoReturnable;)V doesn't use it's CallbackInfoReturnable
[12:26:22] [main/DEBUG] (FabricLoader/Mixin) Mixing BootstrapMixin from fabric-registry-sync-v0.mixins.json into net.minecraft.server.Bootstrap
[12:26:22] [main/DEBUG] (FabricLoader/Mixin) Renaming synthetic method lambda$afterInitialize$1(Lnet/minecraft/world/level/material/Fluid;)Ljava/util/Collection; to mdab7149$fabric-registry-sync-v0$lambda$afterInitialize$1$0 in fabric-registry-sync-v0.mixins.json:BootstrapMixin from mod fabric-registry-sync-v0
[12:26:22] [main/DEBUG] (FabricLoader/Mixin) Renaming synthetic method lambda$afterInitialize$0(Lnet/minecraft/world/level/block/Block;)Ljava/util/Collection; to mdab7149$fabric-registry-sync-v0$lambda$afterInitialize$0$1 in fabric-registry-sync-v0.mixins.json:BootstrapMixin from mod fabric-registry-sync-v0
[12:26:22] [main/DEBUG] (FabricLoader/Mixin) fabric-registry-sync-v0.mixins.json:BootstrapMixin from mod fabric-registry-sync-v0->@Inject::afterInitialize(Lorg/spongepowered/asm/mixin/injection/callback/CallbackInfo;)V doesn't use it's CallbackInfo
[12:26:22] [main/DEBUG] (FabricLoader/Mixin) Mixing RegistryMixin from fabric-registry-sync-v0.mixins.json into net.minecraft.core.Registry
[12:26:22] [main/DEBUG] (FabricLoader/Mixin) Mixing RegistriesAccessor from fabric-registry-sync-v0.mixins.json into net.minecraft.core.registries.BuiltInRegistries
[12:26:22] [main/DEBUG] (FabricLoader/Mixin) Renaming @Accessor method getROOT()Lnet/minecraft/core/WritableRegistry; to getROOT$fabric-registry-sync-v0_$md$ab7149$0 in fabric-registry-sync-v0.mixins.json:RegistriesAccessor from mod fabric-registry-sync-v0
[12:26:22] [main/DEBUG] (FabricLoader/Mixin) Mixing RegistriesMixin from fabric-registry-sync-v0.mixins.json into net.minecraft.core.registries.BuiltInRegistries
[12:26:22] [main/DEBUG] (FabricLoader/Mixin) Mixing RegistriesMixin from fabric-item-api-v1.mixins.json into net.minecraft.core.registries.BuiltInRegistries
[12:26:22] [main/DEBUG] (FabricLoader/Mixin) fabric-registry-sync-v0.mixins.json:RegistriesMixin from mod fabric-registry-sync-v0->@Inject::init(Lorg/spongepowered/asm/mixin/injection/callback/CallbackInfo;)V does use it's CallbackInfo
[12:26:22] [main/DEBUG] (FabricLoader/Mixin) fabric-item-api-v1.mixins.json:RegistriesMixin from mod fabric-item-api-v1->@Inject::modifyDefaultItemComponents(Lorg/spongepowered/asm/mixin/injection/callback/CallbackInfo;)V doesn't use it's CallbackInfo
[12:26:22] [main/DEBUG] (FabricLoader/Mixin) Mixing SimpleRegistryMixin from fabric-tag-api-v1.mixins.json into net.minecraft.core.MappedRegistry
[12:26:22] [main/DEBUG] (FabricLoader/Mixin) Mixing SimpleRegistryAccessor from fabric-registry-sync-v0.mixins.json into net.minecraft.core.MappedRegistry
[12:26:22] [main/DEBUG] (FabricLoader/Mixin) Mixing SimpleRegistryMixin from fabric-registry-sync-v0.mixins.json into net.minecraft.core.MappedRegistry
[12:26:22] [main/DEBUG] (FabricLoader/Mixin) Renaming synthetic method lambda$init$4([Lnet/fabricmc/fabric/api/event/registry/RegistryIdRemapCallback;)Lnet/fabricmc/fabric/api/event/registry/RegistryIdRemapCallback; to mdab7149$fabric-registry-sync-v0$lambda$init$4$0 in fabric-registry-sync-v0.mixins.json:SimpleRegistryMixin from mod fabric-registry-sync-v0
[12:26:22] [main/DEBUG] (FabricLoader/Mixin) Renaming synthetic method lambda$init$3([Lnet/fabricmc/fabric/api/event/registry/RegistryIdRemapCallback;Lnet/fabricmc/fabric/api/event/registry/RegistryIdRemapCallback$RemapState;)V to mdab7149$fabric-registry-sync-v0$lambda$init$3$1 in fabric-registry-sync-v0.mixins.json:SimpleRegistryMixin from mod fabric-registry-sync-v0
[12:26:22] [main/DEBUG] (FabricLoader/Mixin) Renaming synthetic method lambda$init$2(ILnet/minecraft/resources/ResourceLocation;Ljava/lang/Object;)V to mdab7149$fabric-registry-sync-v0$lambda$init$2$2 in fabric-registry-sync-v0.mixins.json:SimpleRegistryMixin from mod fabric-registry-sync-v0
[12:26:22] [main/DEBUG] (FabricLoader/Mixin) Renaming synthetic method lambda$init$1([Lnet/fabricmc/fabric/api/event/registry/RegistryEntryAddedCallback;)Lnet/fabricmc/fabric/api/event/registry/RegistryEntryAddedCallback; to mdab7149$fabric-registry-sync-v0$lambda$init$1$3 in fabric-registry-sync-v0.mixins.json:SimpleRegistryMixin from mod fabric-registry-sync-v0
[12:26:22] [main/DEBUG] (FabricLoader/Mixin) Renaming synthetic method lambda$init$0([Lnet/fabricmc/fabric/api/event/registry/RegistryEntryAddedCallback;ILnet/minecraft/resources/ResourceLocation;Ljava/lang/Object;)V to mdab7149$fabric-registry-sync-v0$lambda$init$0$4 in fabric-registry-sync-v0.mixins.json:SimpleRegistryMixin from mod fabric-registry-sync-v0
[12:26:22] [main/DEBUG] (FabricLoader/Mixin) fabric-registry-sync-v0.mixins.json:SimpleRegistryMixin from mod fabric-registry-sync-v0->@Inject::init(Lnet/minecraft/resources/ResourceKey;Lcom/mojang/serialization/Lifecycle;ZLorg/spongepowered/asm/mixin/injection/callback/CallbackInfo;)V doesn't use it's CallbackInfo
[12:26:22] [main/DEBUG] (FabricLoader/Mixin) fabric-registry-sync-v0.mixins.json:SimpleRegistryMixin from mod fabric-registry-sync-v0->@Inject::init(Lnet/minecraft/resources/ResourceKey;Lcom/mojang/serialization/Lifecycle;ZLorg/spongepowered/asm/mixin/injection/callback/CallbackInfo;)V has 0 override(s) in child classes
[12:26:22] [main/DEBUG] (FabricLoader/Mixin) fabric-registry-sync-v0.mixins.json:SimpleRegistryMixin from mod fabric-registry-sync-v0->@Inject::init(Lnet/minecraft/resources/ResourceKey;Lcom/mojang/serialization/Lifecycle;ZLorg/spongepowered/asm/mixin/injection/callback/CallbackInfo;)V won't be passed a CallbackInfo as a result
[12:26:22] [main/DEBUG] (FabricLoader/Mixin) fabric-registry-sync-v0.mixins.json:SimpleRegistryMixin from mod fabric-registry-sync-v0->@Inject::set(Lnet/minecraft/resources/ResourceKey;Ljava/lang/Object;Lnet/minecraft/core/RegistrationInfo;Lorg/spongepowered/asm/mixin/injection/callback/CallbackInfoReturnable;)V does use it's CallbackInfoReturnable
[12:26:22] [main/DEBUG] (FabricLoader/Mixin) Mixing RegistryKeysMixin from fabric-registry-sync-v0.mixins.json into net.minecraft.core.registries.Registries
[12:26:22] [main/DEBUG] (FabricLoader/Mixin) Mixing ArgumentTypesAccessor from fabric-command-api-v2.mixins.json into net.minecraft.commands.synchronization.ArgumentTypeInfos
[12:26:22] [main/DEBUG] (FabricLoader/Mixin) Renaming @Accessor method fabric_getClassMap()Ljava/util/Map; to fabric_getClassMap$fabric-command-api-v2_$md$ab7149$0 in fabric-command-api-v2.mixins.json:ArgumentTypesAccessor from mod fabric-command-api-v2
[12:26:22] [main/DEBUG] (FabricLoader/Mixin) Mixing ItemGroupsMixin from fabric-item-group-api-v1.mixins.json into net.minecraft.world.item.CreativeModeTabs
[12:26:22] [main/DEBUG] (FabricLoader/Mixin) Renaming synthetic method lambda$paginateGroups$0(Lnet/minecraft/core/Holder$Reference;Lnet/minecraft/core/Holder$Reference;)I to mdab7149$fabric-item-group-api-v1$lambda$paginateGroups$0$0 in fabric-item-group-api-v1.mixins.json:ItemGroupsMixin from mod fabric-item-group-api-v1
[12:26:22] [main/DEBUG] (FabricLoader/Mixin) fabric-item-group-api-v1.mixins.json:ItemGroupsMixin from mod fabric-item-group-api-v1->@Inject::deferDuplicateCheck(Lorg/spongepowered/asm/mixin/injection/callback/CallbackInfo;)V does use it's CallbackInfo
[12:26:22] [main/DEBUG] (FabricLoader/Mixin) fabric-item-group-api-v1.mixins.json:ItemGroupsMixin from mod fabric-item-group-api-v1->@Inject::paginateGroups(Lorg/spongepowered/asm/mixin/injection/callback/CallbackInfo;)V doesn't use it's CallbackInfo
[12:26:22] [main/DEBUG] (FabricLoader/Mixin) Mixing ItemGroupAccessor from fabric-item-group-api-v1.mixins.json into net.minecraft.world.item.CreativeModeTab
[12:26:22] [main/DEBUG] (FabricLoader/Mixin) Mixing ItemGroupMixin from fabric-item-group-api-v1.mixins.json into net.minecraft.world.item.CreativeModeTab
[12:26:22] [main/DEBUG] (FabricLoader/Mixin) Renaming synthetic method lambda$getStacks$0(Lnet/minecraft/world/item/CreativeModeTab;)Ljava/lang/IllegalStateException; to mdab7149$fabric-item-group-api-v1$lambda$getStacks$0$0 in fabric-item-group-api-v1.mixins.json:ItemGroupMixin from mod fabric-item-group-api-v1
[12:26:22] [main/DEBUG] (FabricLoader/Mixin) fabric-item-group-api-v1.mixins.json:ItemGroupMixin from mod fabric-item-group-api-v1->@Inject::getStacks(Lnet/minecraft/world/item/CreativeModeTab$ItemDisplayParameters;Lorg/spongepowered/asm/mixin/injection/callback/CallbackInfo;)V doesn't use it's CallbackInfo
[12:26:22] [main/DEBUG] (FabricLoader/Mixin) fabric-item-group-api-v1.mixins.json:ItemGroupMixin from mod fabric-item-group-api-v1->@Inject::getStacks(Lnet/minecraft/world/item/CreativeModeTab$ItemDisplayParameters;Lorg/spongepowered/asm/mixin/injection/callback/CallbackInfo;)V has 0 override(s) in child classes
[12:26:22] [main/DEBUG] (FabricLoader/Mixin) fabric-item-group-api-v1.mixins.json:ItemGroupMixin from mod fabric-item-group-api-v1->@Inject::getStacks(Lnet/minecraft/world/item/CreativeModeTab$ItemDisplayParameters;Lorg/spongepowered/asm/mixin/injection/callback/CallbackInfo;)V won't be passed a CallbackInfo as a result
[12:26:22] [main/DEBUG] (FabricLoader/Mixin) Mixing FireBlockMixin from fabric-content-registries-v0.mixins.json into net.minecraft.world.level.block.FireBlock
[12:26:22] [main/DEBUG] (FabricLoader/Mixin) fabric-content-registries-v0.mixins.json:FireBlockMixin from mod fabric-content-registries-v0->@Inject::afterConstruct(Lnet/minecraft/world/level/block/state/BlockBehaviour$Properties;Lorg/spongepowered/asm/mixin/injection/callback/CallbackInfo;)V doesn't use it's CallbackInfo
[12:26:22] [main/DEBUG] (FabricLoader/Mixin) fabric-content-registries-v0.mixins.json:FireBlockMixin from mod fabric-content-registries-v0->@Inject::afterConstruct(Lnet/minecraft/world/level/block/state/BlockBehaviour$Properties;Lorg/spongepowered/asm/mixin/injection/callback/CallbackInfo;)V has 0 override(s) in child classes
[12:26:22] [main/DEBUG] (FabricLoader/Mixin) fabric-content-registries-v0.mixins.json:FireBlockMixin from mod fabric-content-registries-v0->@Inject::afterConstruct(Lnet/minecraft/world/level/block/state/BlockBehaviour$Properties;Lorg/spongepowered/asm/mixin/injection/callback/CallbackInfo;)V won't be passed a CallbackInfo as a result
[12:26:22] [main/DEBUG] (FabricLoader/Mixin) fabric-content-registries-v0.mixins.json:FireBlockMixin from mod fabric-content-registries-v0->@Inject::getFabricBurnChance(Lnet/minecraft/world/level/block/state/BlockState;Lorg/spongepowered/asm/mixin/injection/callback/CallbackInfoReturnable;)V does use it's CallbackInfoReturnable
[12:26:22] [main/DEBUG] (FabricLoader/Mixin) fabric-content-registries-v0.mixins.json:FireBlockMixin from mod fabric-content-registries-v0->@Inject::getFabricSpreadChance(Lnet/minecraft/world/level/block/state/BlockState;Lorg/spongepowered/asm/mixin/injection/callback/CallbackInfoReturnable;)V does use it's CallbackInfoReturnable
[12:26:22] [main/DEBUG] (FabricLoader/Mixin) Mixing BlockMixin from fabric-block-api-v1.mixins.json into net.minecraft.world.level.block.Block
[12:26:22] [main/DEBUG] (FabricLoader/Mixin) Mixing AbstractBlockAccessor from fabric-content-registries-v0.mixins.json into net.minecraft.world.level.block.state.BlockBehaviour
[12:26:22] [main/DEBUG] (FabricLoader/Mixin) Mixing BlockViewMixin from fabric-block-view-api-v2.mixins.json into net.minecraft.world.level.BlockGetter
[12:26:22] [main/DEBUG] (FabricLoader/Mixin) Mixing MixinEntity from infernum.mixins.json into net.minecraft.world.entity.Entity
[12:26:22] [main/DEBUG] (FabricLoader/Mixin) Mixing ExtensionMixin from transition.mixins.json into net.minecraft.world.entity.Entity
[12:26:22] [main/DEBUG] (FabricLoader/Mixin) Mixing EntityAccessor from transition.mixins.json into net.minecraft.world.entity.Entity
[12:26:22] [main/DEBUG] (FabricLoader/Mixin) Mixing EntityMixin from fabric-entity-events-v1.mixins.json into net.minecraft.world.entity.Entity
[12:26:22] [main/DEBUG] (FabricLoader/Mixin) Mixing AttachmentTargetsMixin from fabric-data-attachment-api-v1.mixins.json into net.minecraft.world.entity.Entity
[12:26:22] [main/DEBUG] (FabricLoader/Mixin) Renaming synthetic method lambda$fabric_readAttachmentsFromNbt$3(Lnet/minecraft/world/level/storage/ValueInput;Lnet/fabricmc/fabric/api/attachment/v1/AttachmentType;Ljava/lang/Object;)V to mdab7149$fabric-data-attachment-api-v1$lambda$fabric_readAttachmentsFromNbt$3$0 in fabric-data-attachment-api-v1.mixins.json:AttachmentTargetsMixin from mod fabric-data-attachment-api-v1
[12:26:22] [main/DEBUG] (FabricLoader/Mixin) Renaming synthetic method lambda$onAttachedSet$2(Lnet/fabricmc/fabric/api/attachment/v1/AttachmentType;)Lnet/fabricmc/fabric/api/event/Event; to mdab7149$fabric-data-attachment-api-v1$lambda$onAttachedSet$2$1 in fabric-data-attachment-api-v1.mixins.json:AttachmentTargetsMixin from mod fabric-data-attachment-api-v1
[12:26:22] [main/DEBUG] (FabricLoader/Mixin) Renaming synthetic method lambda$onAttachedSet$1([Lnet/fabricmc/fabric/api/attachment/v1/AttachmentTarget$OnAttachedSet;)Lnet/fabricmc/fabric/api/attachment/v1/AttachmentTarget$OnAttachedSet; to mdab7149$fabric-data-attachment-api-v1$lambda$onAttachedSet$1$2 in fabric-data-attachment-api-v1.mixins.json:AttachmentTargetsMixin from mod fabric-data-attachment-api-v1
[12:26:22] [main/DEBUG] (FabricLoader/Mixin) Renaming synthetic method lambda$onAttachedSet$0([Lnet/fabricmc/fabric/api/attachment/v1/AttachmentTarget$OnAttachedSet;Ljava/lang/Object;Ljava/lang/Object;)V to mdab7149$fabric-data-attachment-api-v1$lambda$onAttachedSet$0$3 in fabric-data-attachment-api-v1.mixins.json:AttachmentTargetsMixin from mod fabric-data-attachment-api-v1
[12:26:22] [main/DEBUG] (FabricLoader/Mixin) Mixing EntityMixin from fabric-data-attachment-api-v1.mixins.json into net.minecraft.world.entity.Entity
[12:26:22] [main/DEBUG] (FabricLoader/Mixin) Renaming synthetic method lambda$fabric_syncChange$0(Lnet/fabricmc/fabric/api/attachment/v1/AttachmentSyncPredicate;Lnet/fabricmc/fabric/impl/attachment/sync/AttachmentChange;Lnet/minecraft/server/level/ServerPlayer;)V to mdab7149$fabric-data-attachment-api-v1$lambda$fabric_syncChange$0$4 in fabric-data-attachment-api-v1.mixins.json:EntityMixin from mod fabric-data-attachment-api-v1
[12:26:22] [main/DEBUG] (FabricLoader/Mixin) Mixing EntityMixin from fabric-particles-v1.mixins.json into net.minecraft.world.entity.Entity
[12:26:22] [main/DEBUG] (FabricLoader/Mixin) Mixing CullableMixin from entityculling.mixins.json into net.minecraft.world.entity.Entity
[12:26:22] [main/DEBUG] (FabricLoader/Mixin) entityculling.mixins.json:CullableMixin from mod entityculling: Class version 65 required is higher than the class version supported by the current version of Mixin (JAVA_16 supports class version 60)
[12:26:22] [main/DEBUG] (FabricLoader/Mixin) Mixing renderer.entity.MixinEntity from fabric-badoptimizations.mixins.json into net.minecraft.world.entity.Entity
[12:26:22] [main/DEBUG] (FabricLoader/Mixin) fabric-badoptimizations.mixins.json:renderer.entity.MixinEntity from mod badoptimizations: Class version 65 required is higher than the class version supported by the current version of Mixin (JAVA_17 supports class version 61)
[12:26:22] [main/DEBUG] (FabricLoader/Mixin) infernum.mixins.json:MixinEntity from mod infernum->@Inject::frozen$onIsCurrentlyGlowing(Lorg/spongepowered/asm/mixin/injection/callback/CallbackInfoReturnable;)V does use it's CallbackInfoReturnable
[12:26:22] [main/DEBUG] (FabricLoader/Mixin) infernum.mixins.json:MixinEntity from mod infernum->@Inject::frozen$onGetTeamColor(Lorg/spongepowered/asm/mixin/injection/callback/CallbackInfoReturnable;)V does use it's CallbackInfoReturnable
[12:26:22] [main/DEBUG] (FabricLoader/Mixin) fabric-data-attachment-api-v1.mixins.json:EntityMixin from mod fabric-data-attachment-api-v1->@Inject::readEntityAttachments(Lnet/minecraft/world/level/storage/ValueInput;Lorg/spongepowered/asm/mixin/injection/callback/CallbackInfo;)V doesn't use it's CallbackInfo
[12:26:22] [main/DEBUG] (FabricLoader/Mixin) fabric-data-attachment-api-v1.mixins.json:EntityMixin from mod fabric-data-attachment-api-v1->@Inject::readEntityAttachments(Lnet/minecraft/world/level/storage/ValueInput;Lorg/spongepowered/asm/mixin/injection/callback/CallbackInfo;)V has 0 override(s) in child classes
[12:26:22] [main/DEBUG] (FabricLoader/Mixin) fabric-data-attachment-api-v1.mixins.json:EntityMixin from mod fabric-data-attachment-api-v1->@Inject::readEntityAttachments(Lnet/minecraft/world/level/storage/ValueInput;Lorg/spongepowered/asm/mixin/injection/callback/CallbackInfo;)V won't be passed a CallbackInfo as a result
[12:26:22] [main/DEBUG] (FabricLoader/Mixin) fabric-data-attachment-api-v1.mixins.json:EntityMixin from mod fabric-data-attachment-api-v1->@Inject::writeEntityAttachments(Lnet/minecraft/world/level/storage/ValueOutput;Lorg/spongepowered/asm/mixin/injection/callback/CallbackInfo;)V doesn't use it's CallbackInfo
[12:26:22] [main/DEBUG] (FabricLoader/Mixin) fabric-data-attachment-api-v1.mixins.json:EntityMixin from mod fabric-data-attachment-api-v1->@Inject::writeEntityAttachments(Lnet/minecraft/world/level/storage/ValueOutput;Lorg/spongepowered/asm/mixin/injection/callback/CallbackInfo;)V has 0 override(s) in child classes
[12:26:22] [main/DEBUG] (FabricLoader/Mixin) fabric-data-attachment-api-v1.mixins.json:EntityMixin from mod fabric-data-attachment-api-v1->@Inject::writeEntityAttachments(Lnet/minecraft/world/level/storage/ValueOutput;Lorg/spongepowered/asm/mixin/injection/callback/CallbackInfo;)V won't be passed a CallbackInfo as a result
[12:26:22] [main/DEBUG] (FabricLoader/Mixin) fabric-badoptimizations.mixins.json:renderer.entity.MixinEntity from mod badoptimizations->@Inject::afterInit(Lnet/minecraft/world/entity/EntityType;Lnet/minecraft/world/level/Level;Lorg/spongepowered/asm/mixin/injection/callback/CallbackInfo;)V doesn't use it's CallbackInfo
[12:26:22] [main/DEBUG] (FabricLoader/Mixin) fabric-badoptimizations.mixins.json:renderer.entity.MixinEntity from mod badoptimizations->@Inject::afterInit(Lnet/minecraft/world/entity/EntityType;Lnet/minecraft/world/level/Level;Lorg/spongepowered/asm/mixin/injection/callback/CallbackInfo;)V has 0 override(s) in child classes
[12:26:22] [main/DEBUG] (FabricLoader/Mixin) fabric-badoptimizations.mixins.json:renderer.entity.MixinEntity from mod badoptimizations->@Inject::afterInit(Lnet/minecraft/world/entity/EntityType;Lnet/minecraft/world/level/Level;Lorg/spongepowered/asm/mixin/injection/callback/CallbackInfo;)V won't be passed a CallbackInfo as a result
[12:26:22] [main/DEBUG] (FabricLoader/Mixin) Mixing PlayerEntityMixin from fabric-entity-events-v1.mixins.json into net.minecraft.world.entity.player.Player
[12:26:22] [main/DEBUG] (FabricLoader/Mixin) fabric-entity-events-v1.mixins.json:PlayerEntityMixin from mod fabric-entity-events-v1->@Inject::onTrySleep(Lnet/minecraft/core/BlockPos;Lorg/spongepowered/asm/mixin/injection/callback/CallbackInfoReturnable;)V does use it's CallbackInfoReturnable
[12:26:22] [main/DEBUG] (FabricLoader/Mixin) fabric-entity-events-v1.mixins.json:PlayerEntityMixin from mod fabric-entity-events-v1->@Inject::onIsSleepingLongEnough(Lorg/spongepowered/asm/mixin/injection/callback/CallbackInfoReturnable;)V does use it's CallbackInfoReturnable
[12:26:22] [main/DEBUG] (FabricLoader/Mixin) Mixing LivingEntityMixin from fabric-entity-events-v1.mixins.json into net.minecraft.world.entity.LivingEntity
[12:26:22] [main/DEBUG] (FabricLoader/Mixin) Mixing elytra.LivingEntityMixin from fabric-entity-events-v1.mixins.json into net.minecraft.world.entity.LivingEntity
[12:26:22] [main/DEBUG] (FabricLoader/Mixin) Mixing LivingEntityMixin from fabric-particles-v1.mixins.json into net.minecraft.world.entity.LivingEntity
[12:26:22] [main/DEBUG] (FabricLoader/Mixin) Mixing LivingEntityMixin from fabric-lifecycle-events-v1.mixins.json into net.minecraft.world.entity.LivingEntity
[12:26:22] [main/DEBUG] (FabricLoader/Mixin) Mixing LivingEntityMixin from fabric-block-api-v1.mixins.json into net.minecraft.world.entity.LivingEntity
[12:26:22] [main/DEBUG] (FabricLoader/Mixin) Mixing LivingEntityMixin from fabric-item-api-v1.mixins.json into net.minecraft.world.entity.LivingEntity
[12:26:22] [main/DEBUG] (FabricLoader/Mixin) fabric-entity-events-v1.mixins.json:LivingEntityMixin from mod fabric-entity-events-v1->@Inject::notifyDeath(Lnet/minecraft/world/damagesource/DamageSource;Lorg/spongepowered/asm/mixin/injection/callback/CallbackInfo;)V doesn't use it's CallbackInfo
[12:26:22] [main/DEBUG] (FabricLoader/Mixin) fabric-entity-events-v1.mixins.json:LivingEntityMixin from mod fabric-entity-events-v1->@Inject::notifyDeath(Lnet/minecraft/world/damagesource/DamageSource;Lorg/spongepowered/asm/mixin/injection/callback/CallbackInfo;)V has 0 override(s) in child classes
[12:26:22] [main/DEBUG] (FabricLoader/Mixin) fabric-entity-events-v1.mixins.json:LivingEntityMixin from mod fabric-entity-events-v1->@Inject::notifyDeath(Lnet/minecraft/world/damagesource/DamageSource;Lorg/spongepowered/asm/mixin/injection/callback/CallbackInfo;)V won't be passed a CallbackInfo as a result
[12:26:22] [main/DEBUG] (FabricLoader/Mixin) fabric-entity-events-v1.mixins.json:LivingEntityMixin from mod fabric-entity-events-v1->@Inject::beforeDamage(Lnet/minecraft/server/level/ServerLevel;Lnet/minecraft/world/damagesource/DamageSource;FLorg/spongepowered/asm/mixin/injection/callback/CallbackInfoReturnable;)V does use it's CallbackInfoReturnable
[12:26:22] [main/DEBUG] (FabricLoader/Mixin) fabric-entity-events-v1.mixins.json:LivingEntityMixin from mod fabric-entity-events-v1->@Inject::afterDamage(Lnet/minecraft/server/level/ServerLevel;Lnet/minecraft/world/damagesource/DamageSource;FLorg/spongepowered/asm/mixin/injection/callback/CallbackInfoReturnable;)V doesn't use it's CallbackInfoReturnable
[12:26:22] [main/DEBUG] (FabricLoader/Mixin) fabric-entity-events-v1.mixins.json:LivingEntityMixin from mod fabric-entity-events-v1->@Inject::afterDamage(Lnet/minecraft/server/level/ServerLevel;Lnet/minecraft/world/damagesource/DamageSource;FLorg/spongepowered/asm/mixin/injection/callback/CallbackInfoReturnable;)V has 0 override(s) in child classes
[12:26:22] [main/DEBUG] (FabricLoader/Mixin) fabric-entity-events-v1.mixins.json:LivingEntityMixin from mod fabric-entity-events-v1->@Inject::afterDamage(Lnet/minecraft/server/level/ServerLevel;Lnet/minecraft/world/damagesource/DamageSource;FLorg/spongepowered/asm/mixin/injection/callback/CallbackInfoReturnable;)V won't be passed a CallbackInfoReturnable as a result
[12:26:22] [main/DEBUG] (FabricLoader/Mixin) fabric-entity-events-v1.mixins.json:LivingEntityMixin from mod fabric-entity-events-v1->@Inject::onSleep(Lnet/minecraft/core/BlockPos;Lorg/spongepowered/asm/mixin/injection/callback/CallbackInfo;)V doesn't use it's CallbackInfo
[12:26:22] [main/DEBUG] (FabricLoader/Mixin) fabric-entity-events-v1.mixins.json:LivingEntityMixin from mod fabric-entity-events-v1->@Inject::onSleep(Lnet/minecraft/core/BlockPos;Lorg/spongepowered/asm/mixin/injection/callback/CallbackInfo;)V has 0 override(s) in child classes
[12:26:22] [main/DEBUG] (FabricLoader/Mixin) fabric-entity-events-v1.mixins.json:LivingEntityMixin from mod fabric-entity-events-v1->@Inject::onSleep(Lnet/minecraft/core/BlockPos;Lorg/spongepowered/asm/mixin/injection/callback/CallbackInfo;)V won't be passed a CallbackInfo as a result
[12:26:22] [main/DEBUG] (FabricLoader/Mixin) fabric-entity-events-v1.mixins.json:LivingEntityMixin from mod fabric-entity-events-v1->@Inject::onWakeUp(Lorg/spongepowered/asm/mixin/injection/callback/CallbackInfo;)V doesn't use it's CallbackInfo
[12:26:22] [main/DEBUG] (FabricLoader/Mixin) fabric-entity-events-v1.mixins.json:LivingEntityMixin from mod fabric-entity-events-v1->@Inject::onWakeUp(Lorg/spongepowered/asm/mixin/injection/callback/CallbackInfo;)V has 0 override(s) in child classes
[12:26:22] [main/DEBUG] (FabricLoader/Mixin) fabric-entity-events-v1.mixins.json:LivingEntityMixin from mod fabric-entity-events-v1->@Inject::onWakeUp(Lorg/spongepowered/asm/mixin/injection/callback/CallbackInfo;)V won't be passed a CallbackInfo as a result
[12:26:22] [main/DEBUG] (FabricLoader/Mixin) fabric-entity-events-v1.mixins.json:LivingEntityMixin from mod fabric-entity-events-v1->@Inject::onIsSleepingInBed(Lnet/minecraft/core/BlockPos;Lorg/spongepowered/asm/mixin/injection/callback/CallbackInfoReturnable;)V does use it's CallbackInfoReturnable
[12:26:22] [main/DEBUG] (FabricLoader/Mixin) fabric-entity-events-v1.mixins.json:elytra.LivingEntityMixin from mod fabric-entity-events-v1->@Inject::injectElytraTick(Lorg/spongepowered/asm/mixin/injection/callback/CallbackInfo;)V does use it's CallbackInfo
[12:26:22] [main/DEBUG] (FabricLoader/Mixin) fabric-entity-events-v1.mixins.json:elytra.LivingEntityMixin from mod fabric-entity-events-v1->@Inject::injectElytraCheck(Lorg/spongepowered/asm/mixin/injection/callback/CallbackInfoReturnable;)V does use it's CallbackInfoReturnable
[12:26:22] [main/DEBUG] (FabricLoader/Mixin) fabric-lifecycle-events-v1.mixins.json:LivingEntityMixin from mod fabric-lifecycle-events-v1->@Inject::getEquipmentChanges(Lorg/spongepowered/asm/mixin/injection/callback/CallbackInfoReturnable;)V doesn't use it's CallbackInfoReturnable
[12:26:22] [main/DEBUG] (FabricLoader/Mixin) fabric-lifecycle-events-v1.mixins.json:LivingEntityMixin from mod fabric-lifecycle-events-v1->@Inject::getEquipmentChanges(Lorg/spongepowered/asm/mixin/injection/callback/CallbackInfoReturnable;)V has 0 override(s) in child classes
[12:26:22] [main/DEBUG] (FabricLoader/Mixin) fabric-lifecycle-events-v1.mixins.json:LivingEntityMixin from mod fabric-lifecycle-events-v1->@Inject::getEquipmentChanges(Lorg/spongepowered/asm/mixin/injection/callback/CallbackInfoReturnable;)V won't be passed a CallbackInfoReturnable as a result
[12:26:22] [main/DEBUG] (FabricLoader/Mixin) fabric-block-api-v1.mixins.json:LivingEntityMixin from mod fabric-block-api-v1->@Inject::allowTaggedBlocksForTrapdoorClimbing(Lnet/minecraft/core/BlockPos;Lnet/minecraft/world/level/block/state/BlockState;Lorg/spongepowered/asm/mixin/injection/callback/CallbackInfoReturnable;)V does use it's CallbackInfoReturnable
[12:26:22] [main/DEBUG] (FabricLoader/Mixin) fabric-item-api-v1.mixins.json:LivingEntityMixin from mod fabric-item-api-v1->@Inject::onGetPreferredEquipmentSlot(Lnet/minecraft/world/item/ItemStack;Lorg/spongepowered/asm/mixin/injection/callback/CallbackInfoReturnable;)V does use it's CallbackInfoReturnable
[12:26:22] [main/DEBUG] (FabricLoader/Mixin) Mixing AttachmentTargetsMixin from fabric-data-attachment-api-v1.mixins.json into net.minecraft.world.level.Level
[12:26:22] [main/DEBUG] (FabricLoader/Mixin) Mixing WorldMixin from fabric-data-attachment-api-v1.mixins.json into net.minecraft.world.level.Level
[12:26:22] [main/DEBUG] (FabricLoader/Mixin) Mixing WorldMixin from fabric-lifecycle-events-v1.mixins.json into net.minecraft.world.level.Level
[12:26:22] [main/DEBUG] (FabricLoader/Mixin) Mixing WorldViewMixin from fabric-block-view-api-v2.mixins.json into net.minecraft.world.level.LevelReader
[12:26:22] [main/DEBUG] (FabricLoader/Mixin) Mixing ServerWorldMixin from fabric-data-attachment-api-v1.mixins.json into net.minecraft.server.level.ServerLevel
[12:26:22] [main/DEBUG] (FabricLoader/Mixin) Renaming synthetic method lambda$fabric_syncChange$1(Lnet/fabricmc/fabric/api/attachment/v1/AttachmentType;Lnet/fabricmc/fabric/impl/attachment/sync/AttachmentChange;Lnet/minecraft/server/level/ServerPlayer;)V to mdab7149$fabric-data-attachment-api-v1$lambda$fabric_syncChange$1$0 in fabric-data-attachment-api-v1.mixins.json:ServerWorldMixin from mod fabric-data-attachment-api-v1
[12:26:22] [main/DEBUG] (FabricLoader/Mixin) Renaming synthetic method lambda$createAttachmentsPersistentState$0(Lnet/minecraft/server/level/ServerLevel;)Lnet/fabricmc/fabric/impl/attachment/AttachmentPersistentState; to mdab7149$fabric-data-attachment-api-v1$lambda$createAttachmentsPersistentState$0$1 in fabric-data-attachment-api-v1.mixins.json:ServerWorldMixin from mod fabric-data-attachment-api-v1
[12:26:22] [main/DEBUG] (FabricLoader/Mixin) Mixing ServerWorldMixin from fabric-lifecycle-events-v1.mixins.json into net.minecraft.server.level.ServerLevel
[12:26:22] [main/DEBUG] (FabricLoader/Mixin) Mixing ServerWorldMixin from fabric-api-lookup-api-v1.mixins.json into net.minecraft.server.level.ServerLevel
[12:26:22] [main/DEBUG] (FabricLoader/Mixin) Renaming synthetic method lambda$fabric_invalidateCache$5(Ljava/util/Map$Entry;)Z to mdab7149$fabric-api-lookup-api-v1$lambda$fabric_invalidateCache$5$2 in fabric-api-lookup-api-v1.mixins.json:ServerWorldMixin from mod fabric-api-lookup-api-v1
[12:26:22] [main/DEBUG] (FabricLoader/Mixin) Renaming synthetic method lambda$fabric_invalidateCache$4(Ljava/lang/ref/WeakReference;)Z to mdab7149$fabric-api-lookup-api-v1$lambda$fabric_invalidateCache$4$3 in fabric-api-lookup-api-v1.mixins.json:ServerWorldMixin from mod fabric-api-lookup-api-v1
[12:26:22] [main/DEBUG] (FabricLoader/Mixin) Renaming synthetic method lambda$fabric_invalidateCache$3(Ljava/lang/ref/WeakReference;)V to mdab7149$fabric-api-lookup-api-v1$lambda$fabric_invalidateCache$3$4 in fabric-api-lookup-api-v1.mixins.json:ServerWorldMixin from mod fabric-api-lookup-api-v1
[12:26:22] [main/DEBUG] (FabricLoader/Mixin) Renaming synthetic method lambda$fabric_invalidateCache$2(Ljava/lang/ref/WeakReference;)Z to mdab7149$fabric-api-lookup-api-v1$lambda$fabric_invalidateCache$2$5 in fabric-api-lookup-api-v1.mixins.json:ServerWorldMixin from mod fabric-api-lookup-api-v1
[12:26:22] [main/DEBUG] (FabricLoader/Mixin) Renaming synthetic method lambda$fabric_registerCache$1(Ljava/lang/ref/WeakReference;)Z to mdab7149$fabric-api-lookup-api-v1$lambda$fabric_registerCache$1$6 in fabric-api-lookup-api-v1.mixins.json:ServerWorldMixin from mod fabric-api-lookup-api-v1
[12:26:22] [main/DEBUG] (FabricLoader/Mixin) Renaming synthetic method lambda$fabric_registerCache$0(Lnet/minecraft/core/BlockPos;)Ljava/util/List; to mdab7149$fabric-api-lookup-api-v1$lambda$fabric_registerCache$0$7 in fabric-api-lookup-api-v1.mixins.json:ServerWorldMixin from mod fabric-api-lookup-api-v1
[12:26:22] [main/DEBUG] (FabricLoader/Mixin) fabric-data-attachment-api-v1.mixins.json:ServerWorldMixin from mod fabric-data-attachment-api-v1->@Inject::createAttachmentsPersistentState(Lorg/spongepowered/asm/mixin/injection/callback/CallbackInfo;)V doesn't use it's CallbackInfo
[12:26:22] [main/DEBUG] (FabricLoader/Mixin) fabric-data-attachment-api-v1.mixins.json:ServerWorldMixin from mod fabric-data-attachment-api-v1->@Inject::createAttachmentsPersistentState(Lorg/spongepowered/asm/mixin/injection/callback/CallbackInfo;)V has 0 override(s) in child classes
[12:26:22] [main/DEBUG] (FabricLoader/Mixin) fabric-data-attachment-api-v1.mixins.json:ServerWorldMixin from mod fabric-data-attachment-api-v1->@Inject::createAttachmentsPersistentState(Lorg/spongepowered/asm/mixin/injection/callback/CallbackInfo;)V won't be passed a CallbackInfo as a result
[12:26:22] [main/DEBUG] (FabricLoader/Mixin) fabric-lifecycle-events-v1.mixins.json:ServerWorldMixin from mod fabric-lifecycle-events-v1->@Inject::startWorldTick(Ljava/util/function/BooleanSupplier;Lorg/spongepowered/asm/mixin/injection/callback/CallbackInfo;)V doesn't use it's CallbackInfo
[12:26:22] [main/DEBUG] (FabricLoader/Mixin) fabric-lifecycle-events-v1.mixins.json:ServerWorldMixin from mod fabric-lifecycle-events-v1->@Inject::startWorldTick(Ljava/util/function/BooleanSupplier;Lorg/spongepowered/asm/mixin/injection/callback/CallbackInfo;)V has 0 override(s) in child classes
[12:26:22] [main/DEBUG] (FabricLoader/Mixin) fabric-lifecycle-events-v1.mixins.json:ServerWorldMixin from mod fabric-lifecycle-events-v1->@Inject::startWorldTick(Ljava/util/function/BooleanSupplier;Lorg/spongepowered/asm/mixin/injection/callback/CallbackInfo;)V won't be passed a CallbackInfo as a result
[12:26:22] [main/DEBUG] (FabricLoader/Mixin) fabric-lifecycle-events-v1.mixins.json:ServerWorldMixin from mod fabric-lifecycle-events-v1->@Inject::endWorldTick(Ljava/util/function/BooleanSupplier;Lorg/spongepowered/asm/mixin/injection/callback/CallbackInfo;)V doesn't use it's CallbackInfo
[12:26:22] [main/DEBUG] (FabricLoader/Mixin) fabric-lifecycle-events-v1.mixins.json:ServerWorldMixin from mod fabric-lifecycle-events-v1->@Inject::endWorldTick(Ljava/util/function/BooleanSupplier;Lorg/spongepowered/asm/mixin/injection/callback/CallbackInfo;)V has 0 override(s) in child classes
[12:26:22] [main/DEBUG] (FabricLoader/Mixin) fabric-lifecycle-events-v1.mixins.json:ServerWorldMixin from mod fabric-lifecycle-events-v1->@Inject::endWorldTick(Ljava/util/function/BooleanSupplier;Lorg/spongepowered/asm/mixin/injection/callback/CallbackInfo;)V won't be passed a CallbackInfo as a result
[12:26:22] [main/DEBUG] (FabricLoader/Mixin) Mixing FastMapStateHolderMixin from ferritecore.fastmap.mixin.json into net.minecraft.world.level.block.state.StateHolder
[12:26:22] [main/DEBUG] (FabricLoader/Mixin) ferritecore.fastmap.mixin.json:FastMapStateHolderMixin from mod ferritecore: Class version 65 required is higher than the class version supported by the current version of Mixin (JAVA_17 supports class version 61)
[12:26:22] [main/DEBUG] (FabricLoader/Mixin) Mixing BlockStateMixin from fabric-block-api-v1.mixins.json into net.minecraft.world.level.block.state.BlockState
[12:26:22] [main/DEBUG] (FabricLoader/Mixin) Mixing MixinBlockStateBehavior from mixins.iris.json into net.minecraft.world.level.block.state.BlockBehaviour$BlockStateBase
[12:26:22] [main/DEBUG] (FabricLoader/Mixin) mixins.iris.json:MixinBlockStateBehavior from mod iris: Class version 65 required is higher than the class version supported by the current version of Mixin (JAVA_8 supports class version 52)
[12:26:22] [main/DEBUG] (FabricLoader/Mixin) Mixing AbstractBlockAbstractBlockStateMixin from fabric-content-registries-v0.mixins.json into net.minecraft.world.level.block.state.BlockBehaviour$BlockStateBase
[12:26:22] [main/DEBUG] (FabricLoader/Mixin) Mixing BlockStateBaseMixin from ferritecore.blockstatecache.mixin.json into net.minecraft.world.level.block.state.BlockBehaviour$BlockStateBase
[12:26:22] [main/DEBUG] (FabricLoader/Mixin) ferritecore.blockstatecache.mixin.json:BlockStateBaseMixin from mod ferritecore: Class version 65 required is higher than the class version supported by the current version of Mixin (JAVA_17 supports class version 61)
[12:26:22] [main/DEBUG] (FabricLoader/Mixin) mixins.iris.json:MixinBlockStateBehavior from mod iris->@Inject::getShadeBrightness(Lnet/minecraft/world/level/BlockGetter;Lnet/minecraft/core/BlockPos;Lorg/spongepowered/asm/mixin/injection/callback/CallbackInfoReturnable;)V does use it's CallbackInfoReturnable
[12:26:22] [main/DEBUG] (FabricLoader/Mixin) ferritecore.blockstatecache.mixin.json:BlockStateBaseMixin from mod ferritecore->@Inject::cacheStateHead(Lorg/spongepowered/asm/mixin/injection/callback/CallbackInfo;)V doesn't use it's CallbackInfo
[12:26:22] [main/DEBUG] (FabricLoader/Mixin) ferritecore.blockstatecache.mixin.json:BlockStateBaseMixin from mod ferritecore->@Inject::cacheStateHead(Lorg/spongepowered/asm/mixin/injection/callback/CallbackInfo;)V has 0 override(s) in child classes
[12:26:22] [main/DEBUG] (FabricLoader/Mixin) ferritecore.blockstatecache.mixin.json:BlockStateBaseMixin from mod ferritecore->@Inject::cacheStateHead(Lorg/spongepowered/asm/mixin/injection/callback/CallbackInfo;)V won't be passed a CallbackInfo as a result
[12:26:22] [main/DEBUG] (FabricLoader/Mixin) ferritecore.blockstatecache.mixin.json:BlockStateBaseMixin from mod ferritecore->@Inject::cacheStateTail(Lorg/spongepowered/asm/mixin/injection/callback/CallbackInfo;)V doesn't use it's CallbackInfo
[12:26:22] [main/DEBUG] (FabricLoader/Mixin) ferritecore.blockstatecache.mixin.json:BlockStateBaseMixin from mod ferritecore->@Inject::cacheStateTail(Lorg/spongepowered/asm/mixin/injection/callback/CallbackInfo;)V has 0 override(s) in child classes
[12:26:22] [main/DEBUG] (FabricLoader/Mixin) ferritecore.blockstatecache.mixin.json:BlockStateBaseMixin from mod ferritecore->@Inject::cacheStateTail(Lorg/spongepowered/asm/mixin/injection/callback/CallbackInfo;)V won't be passed a CallbackInfo as a result
[12:26:22] [main/DEBUG] (FabricLoader/Mixin) Mixing features.render.immediate.DirectionMixin from sodium-common.mixins.json into net.minecraft.core.Direction
[12:26:22] [main/DEBUG] (FabricLoader/Mixin) sodium-common.mixins.json:features.render.immediate.DirectionMixin from mod sodium: Class version 65 required is higher than the class version supported by the current version of Mixin (JAVA_17 supports class version 61)
[12:26:22] [main/DEBUG] (FabricLoader/Mixin) Mixing IdListMixin from fabric-registry-sync-v0.mixins.json into net.minecraft.core.IdMapper
[12:26:22] [main/DEBUG] (FabricLoader/Mixin) Renaming synthetic method lambda$fabric_remapIds$0(Lit/unimi/dsi/fastutil/ints/Int2IntMap;Ljava/lang/Object;Ljava/lang/Integer;)Ljava/lang/Integer; to mdab7149$fabric-registry-sync-v0$lambda$fabric_remapIds$0$0 in fabric-registry-sync-v0.mixins.json:IdListMixin from mod fabric-registry-sync-v0
[12:26:22] [main/DEBUG] (FabricLoader/Mixin) Mixing DiscreteVSAccess from ferritecore.accessors.mixin.json into net.minecraft.world.phys.shapes.DiscreteVoxelShape
[12:26:22] [main/DEBUG] (FabricLoader/Mixin) ferritecore.accessors.mixin.json:DiscreteVSAccess from mod ferritecore: Class version 65 required is higher than the class version supported by the current version of Mixin (JAVA_17 supports class version 61)
[12:26:22] [main/DEBUG] (FabricLoader/Mixin) Mixing BitSetDVSAccess from ferritecore.accessors.mixin.json into net.minecraft.world.phys.shapes.BitSetDiscreteVoxelShape
[12:26:22] [main/DEBUG] (FabricLoader/Mixin) ferritecore.accessors.mixin.json:BitSetDVSAccess from mod ferritecore: Class version 65 required is higher than the class version supported by the current version of Mixin (JAVA_17 supports class version 61)
[12:26:22] [main/DEBUG] (FabricLoader/Mixin) Mixing VoxelShapeAccess from ferritecore.accessors.mixin.json into net.minecraft.world.phys.shapes.VoxelShape
[12:26:22] [main/DEBUG] (FabricLoader/Mixin) ferritecore.accessors.mixin.json:VoxelShapeAccess from mod ferritecore: Class version 65 required is higher than the class version supported by the current version of Mixin (JAVA_17 supports class version 61)
[12:26:22] [main/DEBUG] (FabricLoader/Mixin) Mixing ArrayVSAccess from ferritecore.accessors.mixin.json into net.minecraft.world.phys.shapes.ArrayVoxelShape
[12:26:22] [main/DEBUG] (FabricLoader/Mixin) ferritecore.accessors.mixin.json:ArrayVSAccess from mod ferritecore: Class version 65 required is higher than the class version supported by the current version of Mixin (JAVA_17 supports class version 61)
[12:26:22] [main/DEBUG] (FabricLoader/Mixin) Mixing SliceShapeAccess from ferritecore.accessors.mixin.json into net.minecraft.world.phys.shapes.SliceShape
[12:26:22] [main/DEBUG] (FabricLoader/Mixin) ferritecore.accessors.mixin.json:SliceShapeAccess from mod ferritecore: Class version 65 required is higher than the class version supported by the current version of Mixin (JAVA_17 supports class version 61)
[12:26:22] [main/DEBUG] (FabricLoader/Mixin) Mixing RegistryByteBufMixin from fabric-networking-api-v1.mixins.json into net.minecraft.network.RegistryFriendlyByteBuf
[12:26:23] [main/DEBUG] (FabricLoader/Mixin) Mixing BlocksMixin from fabric-registry-sync-v0.mixins.json into net.minecraft.world.level.block.Blocks
[12:26:23] [main/DEBUG] (FabricLoader/Mixin) Renaming synthetic method lambda$initShapeCache$0(ILnet/minecraft/resources/ResourceLocation;Lnet/minecraft/world/level/block/Block;)V to mdab7149$fabric-registry-sync-v0$lambda$initShapeCache$0$0 in fabric-registry-sync-v0.mixins.json:BlocksMixin from mod fabric-registry-sync-v0
[12:26:23] [main/DEBUG] (FabricLoader/Mixin) fabric-registry-sync-v0.mixins.json:BlocksMixin from mod fabric-registry-sync-v0->@Inject::initShapeCache(Lorg/spongepowered/asm/mixin/injection/callback/CallbackInfo;)V doesn't use it's CallbackInfo
[12:26:23] [main/DEBUG] (FabricLoader/Mixin) Mixing features.options.render_layers.LeavesBlockMixin from sodium-common.mixins.json into net.minecraft.world.level.block.LeavesBlock
[12:26:23] [main/DEBUG] (FabricLoader/Mixin) sodium-common.mixins.json:features.options.render_layers.LeavesBlockMixin from mod sodium: Class version 65 required is higher than the class version supported by the current version of Mixin (JAVA_17 supports class version 61)
[12:26:23] [main/DEBUG] (FabricLoader/Mixin) Mixing OxidizableMixin from fabric-content-registries-v0.mixins.json into net.minecraft.world.level.block.WeatheringCopper
[12:26:23] [main/DEBUG] (FabricLoader/Mixin) fabric-content-registries-v0.mixins.json:OxidizableMixin from mod fabric-content-registries-v0->@Inject::createOxidationLevelIncreasesMap(Lorg/spongepowered/asm/mixin/injection/callback/CallbackInfoReturnable;)V does use it's CallbackInfoReturnable
[12:26:23] [main/DEBUG] (FabricLoader/Mixin) Mixing EntityTypeMixin from fabric-object-builder-v1.mixins.json into net.minecraft.world.entity.EntityType
[12:26:23] [main/DEBUG] (FabricLoader/Mixin) Mixing renderer.entity.MixinEntityType from fabric-badoptimizations.mixins.json into net.minecraft.world.entity.EntityType
[12:26:23] [main/DEBUG] (FabricLoader/Mixin) fabric-badoptimizations.mixins.json:renderer.entity.MixinEntityType from mod badoptimizations: Class version 65 required is higher than the class version supported by the current version of Mixin (JAVA_17 supports class version 61)
[12:26:23] [main/DEBUG] (FabricLoader/Mixin) fabric-object-builder-v1.mixins.json:EntityTypeMixin from mod fabric-object-builder-api-v1->@Inject::onAlwaysUpdateVelocity(Lorg/spongepowered/asm/mixin/injection/callback/CallbackInfoReturnable;)V does use it's CallbackInfoReturnable
[12:26:23] [main/DEBUG] (FabricLoader/Mixin) fabric-object-builder-v1.mixins.json:EntityTypeMixin from mod fabric-object-builder-api-v1->@Inject::onCanPotentiallyExecuteCommands(Lorg/spongepowered/asm/mixin/injection/callback/CallbackInfoReturnable;)V does use it's CallbackInfoReturnable
[12:26:23] [main/DEBUG] (FabricLoader/Mixin) Mixing FluidMixin from fabric-transfer-api-v1.mixins.json into net.minecraft.world.level.material.Fluid
[12:26:23] [main/DEBUG] (FabricLoader/Mixin) fabric-transfer-api-v1.mixins.json:FluidMixin from mod fabric-transfer-api-v1->@Inject::hookGetBucketFillSound(Lorg/spongepowered/asm/mixin/injection/callback/CallbackInfoReturnable;)V does use it's CallbackInfoReturnable
[12:26:23] [main/DEBUG] (FabricLoader/Mixin) Mixing ComponentMapBuilderMixin from fabric-item-api-v1.mixins.json into net.minecraft.core.component.DataComponentMap$Builder
[12:26:23] [main/DEBUG] (FabricLoader/Mixin) Mixing AttachmentTargetsMixin from fabric-data-attachment-api-v1.mixins.json into net.minecraft.world.level.block.entity.BlockEntity
[12:26:23] [main/DEBUG] (FabricLoader/Mixin) Mixing BlockEntityMixin from fabric-data-attachment-api-v1.mixins.json into net.minecraft.world.level.block.entity.BlockEntity
[12:26:23] [main/DEBUG] (FabricLoader/Mixin) Renaming synthetic method lambda$fabric_syncChange$0(Lnet/fabricmc/fabric/api/attachment/v1/AttachmentType;Lnet/fabricmc/fabric/impl/attachment/sync/AttachmentChange;Lnet/minecraft/server/level/ServerPlayer;)V to mdab7149$fabric-data-attachment-api-v1$lambda$fabric_syncChange$0$0 in fabric-data-attachment-api-v1.mixins.json:BlockEntityMixin from mod fabric-data-attachment-api-v1
[12:26:23] [main/DEBUG] (FabricLoader/Mixin) Mixing BlockEntityMixin from fabric-block-view-api-v2.mixins.json into net.minecraft.world.level.block.entity.BlockEntity
[12:26:23] [main/DEBUG] (FabricLoader/Mixin) Mixing CullableMixin from entityculling.mixins.json into net.minecraft.world.level.block.entity.BlockEntity
[12:26:23] [main/DEBUG] (FabricLoader/Mixin) entityculling.mixins.json:CullableMixin from mod entityculling: Class version 65 required is higher than the class version supported by the current version of Mixin (JAVA_16 supports class version 60)
[12:26:23] [main/DEBUG] (FabricLoader/Mixin) fabric-data-attachment-api-v1.mixins.json:BlockEntityMixin from mod fabric-data-attachment-api-v1->@Inject::readBlockEntityAttachments(Lnet/minecraft/world/level/storage/ValueInput;Lorg/spongepowered/asm/mixin/injection/callback/CallbackInfo;)V doesn't use it's CallbackInfo
[12:26:23] [main/DEBUG] (FabricLoader/Mixin) fabric-data-attachment-api-v1.mixins.json:BlockEntityMixin from mod fabric-data-attachment-api-v1->@Inject::readBlockEntityAttachments(Lnet/minecraft/world/level/storage/ValueInput;Lorg/spongepowered/asm/mixin/injection/callback/CallbackInfo;)V has 0 override(s) in child classes
[12:26:23] [main/DEBUG] (FabricLoader/Mixin) fabric-data-attachment-api-v1.mixins.json:BlockEntityMixin from mod fabric-data-attachment-api-v1->@Inject::readBlockEntityAttachments(Lnet/minecraft/world/level/storage/ValueInput;Lorg/spongepowered/asm/mixin/injection/callback/CallbackInfo;)V won't be passed a CallbackInfo as a result
[12:26:23] [main/DEBUG] (FabricLoader/Mixin) fabric-data-attachment-api-v1.mixins.json:BlockEntityMixin from mod fabric-data-attachment-api-v1->@Inject::writeBlockEntityAttachments(Lnet/minecraft/world/level/storage/ValueOutput;Lorg/spongepowered/asm/mixin/injection/callback/CallbackInfo;)V doesn't use it's CallbackInfo
[12:26:23] [main/DEBUG] (FabricLoader/Mixin) fabric-data-attachment-api-v1.mixins.json:BlockEntityMixin from mod fabric-data-attachment-api-v1->@Inject::writeBlockEntityAttachments(Lnet/minecraft/world/level/storage/ValueOutput;Lorg/spongepowered/asm/mixin/injection/callback/CallbackInfo;)V has 0 override(s) in child classes
[12:26:23] [main/DEBUG] (FabricLoader/Mixin) fabric-data-attachment-api-v1.mixins.json:BlockEntityMixin from mod fabric-data-attachment-api-v1->@Inject::writeBlockEntityAttachments(Lnet/minecraft/world/level/storage/ValueOutput;Lorg/spongepowered/asm/mixin/injection/callback/CallbackInfo;)V won't be passed a CallbackInfo as a result
[12:26:23] [main/DEBUG] (FabricLoader/Mixin) Mixing BlockStateParticleEffectMixin from fabric-particles-v1.mixins.json into net.minecraft.core.particles.BlockParticleOption
[12:26:23] [main/DEBUG] (FabricLoader/Mixin) Mixing NamedScreenHandlerFactoryMixin from fabric-screen-handler-api-v1.mixins.json into net.minecraft.world.MenuProvider
[12:26:23] [main/DEBUG] (FabricLoader/Mixin) Mixing LockableContainerBlockEntityMixin from fabric-transfer-api-v1.mixins.json into net.minecraft.world.level.block.entity.BaseContainerBlockEntity
[12:26:23] [main/DEBUG] (FabricLoader/Mixin) Mixing DetectorRailBlockMixin from fabric-object-builder-v1.mixins.json into net.minecraft.world.level.block.DetectorRailBlock
[12:26:23] [main/DEBUG] (FabricLoader/Mixin) Renaming synthetic method lambda$getCustomComparatorOutput$0(Lnet/minecraft/world/entity/Entity;)Z to mdab7149$fabric-object-builder-api-v1$lambda$getCustomComparatorOutput$0$0 in fabric-object-builder-v1.mixins.json:DetectorRailBlockMixin from mod fabric-object-builder-api-v1
[12:26:23] [main/DEBUG] (FabricLoader/Mixin) fabric-object-builder-v1.mixins.json:DetectorRailBlockMixin from mod fabric-object-builder-api-v1->@Inject::getCustomComparatorOutput(Lnet/minecraft/world/level/block/state/BlockState;Lnet/minecraft/world/level/Level;Lnet/minecraft/core/BlockPos;Lnet/minecraft/core/Direction;Lorg/spongepowered/asm/mixin/injection/callback/CallbackInfoReturnable;)V does use it's CallbackInfoReturnable
[12:26:23] [main/DEBUG] (FabricLoader/Mixin) Mixing MixinMobEffectInstance from infernum.mixins.json into net.minecraft.world.effect.MobEffectInstance
[12:26:23] [main/DEBUG] (FabricLoader/Mixin) infernum.mixins.json:MixinMobEffectInstance from mod infernum->@Inject::frozen$onShowIcon(Lorg/spongepowered/asm/mixin/injection/callback/CallbackInfoReturnable;)V does use it's CallbackInfoReturnable
[12:26:23] [main/DEBUG] (FabricLoader/Mixin) Mixing MobEntityMixin from fabric-entity-events-v1.mixins.json into net.minecraft.world.entity.Mob
[12:26:23] [main/DEBUG] (FabricLoader/Mixin) Mixing ChiseledBookshelfBlockEntityMixin from fabric-transfer-api-v1.mixins.json into net.minecraft.world.level.block.entity.ChiseledBookShelfBlockEntity
[12:26:23] [main/DEBUG] (FabricLoader/Mixin) fabric-transfer-api-v1.mixins.json:ChiseledBookshelfBlockEntityMixin from mod fabric-transfer-api-v1->@Inject::setStackBypass(ILnet/minecraft/world/item/ItemStack;Lorg/spongepowered/asm/mixin/injection/callback/CallbackInfo;)V does use it's CallbackInfo
[12:26:23] [main/DEBUG] (FabricLoader/Mixin) Mixing ListInventoryMixin from fabric-transfer-api-v1.mixins.json into net.minecraft.world.level.block.entity.ListBackedContainer
[12:26:23] [main/DEBUG] (FabricLoader/Mixin) Mixing ShelfBlockEntityMixin from fabric-transfer-api-v1.mixins.json into net.minecraft.world.level.block.entity.ShelfBlockEntity
[12:26:23] [main/DEBUG] (FabricLoader/Mixin) Mixing BlockEntityTypeMixin from fabric-object-builder-v1.mixins.json into net.minecraft.world.level.block.entity.BlockEntityType
[12:26:23] [main/DEBUG] (FabricLoader/Mixin) Mixing core.render.BlockEntityTypeMixin from sodium-common.mixins.json into net.minecraft.world.level.block.entity.BlockEntityType
[12:26:23] [main/DEBUG] (FabricLoader/Mixin) sodium-common.mixins.json:core.render.BlockEntityTypeMixin from mod sodium: Class version 65 required is higher than the class version supported by the current version of Mixin (JAVA_17 supports class version 61)
[12:26:23] [main/DEBUG] (FabricLoader/Mixin) Mixing BlockEntityTypeAccessor from fabric-api-lookup-api-v1.mixins.json into net.minecraft.world.level.block.entity.BlockEntityType
[12:26:23] [main/DEBUG] (FabricLoader/Mixin) Mixing renderer.blockentity.MixinBlockEntityType from fabric-badoptimizations.mixins.json into net.minecraft.world.level.block.entity.BlockEntityType
[12:26:23] [main/DEBUG] (FabricLoader/Mixin) fabric-badoptimizations.mixins.json:renderer.blockentity.MixinBlockEntityType from mod badoptimizations: Class version 65 required is higher than the class version supported by the current version of Mixin (JAVA_17 supports class version 61)
[12:26:23] [main/DEBUG] (FabricLoader/Mixin) fabric-object-builder-v1.mixins.json:BlockEntityTypeMixin from mod fabric-object-builder-api-v1->@Inject::mutableBlocks(Lnet/minecraft/world/level/block/entity/BlockEntityType$BlockEntitySupplier;Ljava/util/Set;Lorg/spongepowered/asm/mixin/injection/callback/CallbackInfo;)V doesn't use it's CallbackInfo
[12:26:23] [main/DEBUG] (FabricLoader/Mixin) fabric-object-builder-v1.mixins.json:BlockEntityTypeMixin from mod fabric-object-builder-api-v1->@Inject::mutableBlocks(Lnet/minecraft/world/level/block/entity/BlockEntityType$BlockEntitySupplier;Ljava/util/Set;Lorg/spongepowered/asm/mixin/injection/callback/CallbackInfo;)V has 0 override(s) in child classes
[12:26:23] [main/DEBUG] (FabricLoader/Mixin) fabric-object-builder-v1.mixins.json:BlockEntityTypeMixin from mod fabric-object-builder-api-v1->@Inject::mutableBlocks(Lnet/minecraft/world/level/block/entity/BlockEntityType$BlockEntitySupplier;Ljava/util/Set;Lorg/spongepowered/asm/mixin/injection/callback/CallbackInfo;)V won't be passed a CallbackInfo as a result
[12:26:23] [main/DEBUG] (FabricLoader/Mixin) Mixing AbstractFurnaceBlockEntityMixin from fabric-transfer-api-v1.mixins.json into net.minecraft.world.level.block.entity.AbstractFurnaceBlockEntity
[12:26:23] [main/DEBUG] (FabricLoader/Mixin) Mixing AbstractFurnaceBlockEntityMixin from fabric-item-api-v1.mixins.json into net.minecraft.world.level.block.entity.AbstractFurnaceBlockEntity
[12:26:23] [main/DEBUG] (FabricLoader/Mixin) fabric-transfer-api-v1.mixins.json:AbstractFurnaceBlockEntityMixin from mod fabric-transfer-api-v1->@Inject::setStackSuppressUpdate(ILnet/minecraft/world/item/ItemStack;Lorg/spongepowered/asm/mixin/injection/callback/CallbackInfo;)V does use it's CallbackInfo
[12:26:23] [main/DEBUG] (FabricLoader/Mixin) fabric-item-api-v1.mixins.json:AbstractFurnaceBlockEntityMixin from mod fabric-item-api-v1->@Inject::getStackRemainder(Lnet/minecraft/server/level/ServerLevel;Lnet/minecraft/core/BlockPos;Lnet/minecraft/world/level/block/state/BlockState;Lnet/minecraft/world/level/block/entity/AbstractFurnaceBlockEntity;Lorg/spongepowered/asm/mixin/injection/callback/CallbackInfo;)V doesn't use it's CallbackInfo
[12:26:23] [main/DEBUG] (FabricLoader/Mixin) Mixing WoodTypeMixin from fabric-object-builder-v1.client.mixins.json into net.minecraft.world.level.block.state.properties.WoodType
[12:26:23] [main/DEBUG] (FabricLoader/Mixin) fabric-object-builder-v1.client.mixins.json:WoodTypeMixin from mod fabric-object-builder-api-v1->@Inject::onReturnRegister(Lnet/minecraft/world/level/block/state/properties/WoodType;Lorg/spongepowered/asm/mixin/injection/callback/CallbackInfoReturnable;)V doesn't use it's CallbackInfoReturnable
[12:26:23] [main/DEBUG] (FabricLoader/Mixin) Mixing JukeboxBlockEntityMixin from fabric-transfer-api-v1.mixins.json into net.minecraft.world.level.block.entity.JukeboxBlockEntity
[12:26:23] [main/DEBUG] (FabricLoader/Mixin) fabric-transfer-api-v1.mixins.json:JukeboxBlockEntityMixin from mod fabric-transfer-api-v1->@Inject::setStackBypass(Lnet/minecraft/world/item/ItemStack;Lorg/spongepowered/asm/mixin/injection/callback/CallbackInfo;)V does use it's CallbackInfo
[12:26:23] [main/DEBUG] (FabricLoader/Mixin) Mixing BrewingStandBlockEntityMixin from fabric-item-api-v1.mixins.json into net.minecraft.world.level.block.entity.BrewingStandBlockEntity
[12:26:23] [main/DEBUG] (FabricLoader/Mixin) fabric-item-api-v1.mixins.json:BrewingStandBlockEntityMixin from mod fabric-item-api-v1->@Inject::captureItemStack(Lnet/minecraft/world/level/Level;Lnet/minecraft/core/BlockPos;Lnet/minecraft/core/NonNullList;Lorg/spongepowered/asm/mixin/injection/callback/CallbackInfo;)V doesn't use it's CallbackInfo
[12:26:23] [main/DEBUG] (FabricLoader/Mixin) Mixing ItemStackMixin from fabric-item-api-v1.mixins.json into net.minecraft.world.item.ItemStack
[12:26:23] [main/DEBUG] (FabricLoader/Mixin) Renaming synthetic method lambda$hookDamage$0(Lorg/apache/commons/lang3/mutable/MutableBoolean;Ljava/util/function/Consumer;)V to mdab7149$fabric-item-api-v1$lambda$hookDamage$0$0 in fabric-item-api-v1.mixins.json:ItemStackMixin from mod fabric-item-api-v1
[12:26:23] [main/DEBUG] (FabricLoader/Mixin) Mixing ItemStackMixin from fabric-item-api-v1.client.mixins.json into net.minecraft.world.item.ItemStack
[12:26:23] [main/DEBUG] (FabricLoader/Mixin) fabric-item-api-v1.mixins.json:ItemStackMixin from mod fabric-item-api-v1->@Inject::preAttributeModifiers(Lnet/minecraft/world/item/Item$TooltipContext;Lnet/minecraft/world/item/component/TooltipDisplay;Lnet/minecraft/world/entity/player/Player;Lnet/minecraft/world/item/TooltipFlag;Ljava/util/function/Consumer;Lorg/spongepowered/asm/mixin/injection/callback/CallbackInfo;)V doesn't use it's CallbackInfo
[12:26:23] [main/DEBUG] (FabricLoader/Mixin) fabric-item-api-v1.mixins.json:ItemStackMixin from mod fabric-item-api-v1->@Inject::postTooltipsAdvanced(Lnet/minecraft/world/item/Item$TooltipContext;Lnet/minecraft/world/item/component/TooltipDisplay;Lnet/minecraft/world/entity/player/Player;Lnet/minecraft/world/item/TooltipFlag;Ljava/util/function/Consumer;Lorg/spongepowered/asm/mixin/injection/callback/CallbackInfo;)V doesn't use it's CallbackInfo
[12:26:23] [main/DEBUG] (FabricLoader/Mixin) fabric-item-api-v1.client.mixins.json:ItemStackMixin from mod fabric-item-api-v1->@Inject::getTooltip(Lnet/minecraft/world/item/Item$TooltipContext;Lnet/minecraft/world/entity/player/Player;Lnet/minecraft/world/item/TooltipFlag;Lorg/spongepowered/asm/mixin/injection/callback/CallbackInfoReturnable;)V does use it's CallbackInfoReturnable
[12:26:23] [main/DEBUG] (FabricLoader/Mixin) Mixing MixinBiome from mixins.iris.json into net.minecraft.world.level.biome.Biome
[12:26:23] [main/DEBUG] (FabricLoader/Mixin) mixins.iris.json:MixinBiome from mod iris: Class version 65 required is higher than the class version supported by the current version of Mixin (JAVA_8 supports class version 52)
[12:26:23] [main/DEBUG] (FabricLoader/Mixin) Mixing features.world.biome.BiomeMixin from sodium-fabric.mixins.json into net.minecraft.world.level.biome.Biome
[12:26:23] [main/DEBUG] (FabricLoader/Mixin) sodium-fabric.mixins.json:features.world.biome.BiomeMixin from mod sodium: Class version 65 required is higher than the class version supported by the current version of Mixin (JAVA_17 supports class version 61)
[12:26:23] [main/DEBUG] (FabricLoader/Mixin) sodium-fabric.mixins.json:features.world.biome.BiomeMixin from mod sodium->@Inject::onInit(Lorg/spongepowered/asm/mixin/injection/callback/CallbackInfo;)V doesn't use it's CallbackInfo
[12:26:23] [main/DEBUG] (FabricLoader/Mixin) Mixing AnvilScreenHandlerMixin from fabric-item-api-v1.mixins.json into net.minecraft.world.inventory.AnvilMenu
[12:26:23] [main/DEBUG] (FabricLoader/Mixin) Mixing HopperBlockEntityMixin from fabric-transfer-api-v1.mixins.json into net.minecraft.world.level.block.entity.HopperBlockEntity
[12:26:23] [main/DEBUG] (FabricLoader/Mixin) Renaming synthetic method lambda$hookExtract$1(Lnet/fabricmc/fabric/api/transfer/v1/item/ItemVariant;)Z to mdab7149$fabric-transfer-api-v1$lambda$hookExtract$1$0 in fabric-transfer-api-v1.mixins.json:HopperBlockEntityMixin from mod fabric-transfer-api-v1
[12:26:23] [main/DEBUG] (FabricLoader/Mixin) Renaming synthetic method lambda$hookInsert$0(Lnet/fabricmc/fabric/api/transfer/v1/item/ItemVariant;)Z to mdab7149$fabric-transfer-api-v1$lambda$hookInsert$0$1 in fabric-transfer-api-v1.mixins.json:HopperBlockEntityMixin from mod fabric-transfer-api-v1
[12:26:23] [main/DEBUG] (FabricLoader/Mixin) fabric-transfer-api-v1.mixins.json:HopperBlockEntityMixin from mod fabric-transfer-api-v1->@Inject::hookInsert(Lnet/minecraft/world/level/Level;Lnet/minecraft/core/BlockPos;Lnet/minecraft/world/level/block/entity/HopperBlockEntity;Lorg/spongepowered/asm/mixin/injection/callback/CallbackInfoReturnable;)V does use it's CallbackInfoReturnable
[12:26:23] [main/DEBUG] (FabricLoader/Mixin) fabric-transfer-api-v1.mixins.json:HopperBlockEntityMixin from mod fabric-transfer-api-v1->@Inject::hookExtract(Lnet/minecraft/world/level/Level;Lnet/minecraft/world/level/block/entity/Hopper;Lorg/spongepowered/asm/mixin/injection/callback/CallbackInfoReturnable;)V does use it's CallbackInfoReturnable
[12:26:23] [main/DEBUG] (FabricLoader/Mixin) Mixing DropperBlockMixin from fabric-transfer-api-v1.mixins.json into net.minecraft.world.level.block.DropperBlock
[12:26:23] [main/DEBUG] (FabricLoader/Mixin) Renaming synthetic method lambda$hookDispense$0(Lnet/fabricmc/fabric/api/transfer/v1/item/ItemVariant;)Z to mdab7149$fabric-transfer-api-v1$lambda$hookDispense$0$0 in fabric-transfer-api-v1.mixins.json:DropperBlockMixin from mod fabric-transfer-api-v1
[12:26:23] [main/DEBUG] (FabricLoader/Mixin) fabric-transfer-api-v1.mixins.json:DropperBlockMixin from mod fabric-transfer-api-v1->@Inject::hookDispense(Lnet/minecraft/server/level/ServerLevel;Lnet/minecraft/world/level/block/state/BlockState;Lnet/minecraft/core/BlockPos;Lorg/spongepowered/asm/mixin/injection/callback/CallbackInfo;)V does use it's CallbackInfo
[12:26:23] [main/DEBUG] (FabricLoader/Mixin) Mixing BannerBlockEntityMixin from fabric-data-attachment-api-v1.mixins.json into net.minecraft.world.level.block.entity.BannerBlockEntity
[12:26:24] [main/DEBUG] (FabricLoader/Mixin) Mixing CrafterBlockMixin from fabric-transfer-api-v1.mixins.json into net.minecraft.world.level.block.CrafterBlock
[12:26:24] [main/DEBUG] (FabricLoader/Mixin) fabric-transfer-api-v1.mixins.json:CrafterBlockMixin from mod fabric-transfer-api-v1->@Inject::transferOrSpawnStack(Lnet/minecraft/server/level/ServerLevel;Lnet/minecraft/core/BlockPos;Lnet/minecraft/world/level/block/entity/CrafterBlockEntity;Lnet/minecraft/world/item/ItemStack;Lnet/minecraft/world/level/block/state/BlockState;Lnet/minecraft/world/item/crafting/RecipeHolder;Lorg/spongepowered/asm/mixin/injection/callback/CallbackInfo;)V doesn't use it's CallbackInfo
[12:26:24] [main/DEBUG] (FabricLoader/Mixin) fabric-transfer-api-v1.mixins.json:CrafterBlockMixin from mod fabric-transfer-api-v1->@Inject::transferOrSpawnStack(Lnet/minecraft/server/level/ServerLevel;Lnet/minecraft/core/BlockPos;Lnet/minecraft/world/level/block/entity/CrafterBlockEntity;Lnet/minecraft/world/item/ItemStack;Lnet/minecraft/world/level/block/state/BlockState;Lnet/minecraft/world/item/crafting/RecipeHolder;Lorg/spongepowered/asm/mixin/injection/callback/CallbackInfo;)V has 0 override(s) in child classes
[12:26:24] [main/DEBUG] (FabricLoader/Mixin) fabric-transfer-api-v1.mixins.json:CrafterBlockMixin from mod fabric-transfer-api-v1->@Inject::transferOrSpawnStack(Lnet/minecraft/server/level/ServerLevel;Lnet/minecraft/core/BlockPos;Lnet/minecraft/world/level/block/entity/CrafterBlockEntity;Lnet/minecraft/world/item/ItemStack;Lnet/minecraft/world/level/block/state/BlockState;Lnet/minecraft/world/item/crafting/RecipeHolder;Lorg/spongepowered/asm/mixin/injection/callback/CallbackInfo;)V won't be passed a CallbackInfo as a result
[12:26:24] [main/DEBUG] (FabricLoader/Mixin) fabric-transfer-api-v1.mixins.json:CrafterBlockMixin from mod fabric-transfer-api-v1->@Inject::transferOrSpawnStack(Lnet/minecraft/server/level/ServerLevel;Lnet/minecraft/core/BlockPos;Lnet/minecraft/world/level/block/entity/CrafterBlockEntity;Lnet/minecraft/world/item/ItemStack;Lnet/minecraft/world/level/block/state/BlockState;Lnet/minecraft/world/item/crafting/RecipeHolder;Lorg/spongepowered/asm/mixin/injection/callback/CallbackInfo;)V doesn't use it's CallbackInfo
[12:26:24] [main/DEBUG] (FabricLoader/Mixin) fabric-transfer-api-v1.mixins.json:CrafterBlockMixin from mod fabric-transfer-api-v1->@Inject::transferOrSpawnStack(Lnet/minecraft/server/level/ServerLevel;Lnet/minecraft/core/BlockPos;Lnet/minecraft/world/level/block/entity/CrafterBlockEntity;Lnet/minecraft/world/item/ItemStack;Lnet/minecraft/world/level/block/state/BlockState;Lnet/minecraft/world/item/crafting/RecipeHolder;Lorg/spongepowered/asm/mixin/injection/callback/CallbackInfo;)V has 0 override(s) in child classes
[12:26:24] [main/DEBUG] (FabricLoader/Mixin) fabric-transfer-api-v1.mixins.json:CrafterBlockMixin from mod fabric-transfer-api-v1->@Inject::transferOrSpawnStack(Lnet/minecraft/server/level/ServerLevel;Lnet/minecraft/core/BlockPos;Lnet/minecraft/world/level/block/entity/CrafterBlockEntity;Lnet/minecraft/world/item/ItemStack;Lnet/minecraft/world/level/block/state/BlockState;Lnet/minecraft/world/item/crafting/RecipeHolder;Lorg/spongepowered/asm/mixin/injection/callback/CallbackInfo;)V won't be passed a CallbackInfo as a result
[12:26:24] [main/DEBUG] (FabricLoader/Mixin) fabric-transfer-api-v1.mixins.json:CrafterBlockMixin from mod fabric-transfer-api-v1->@Inject::transferOrSpawnStack(Lnet/minecraft/server/level/ServerLevel;Lnet/minecraft/core/BlockPos;Lnet/minecraft/world/level/block/entity/CrafterBlockEntity;Lnet/minecraft/world/item/ItemStack;Lnet/minecraft/world/level/block/state/BlockState;Lnet/minecraft/world/item/crafting/RecipeHolder;Lorg/spongepowered/asm/mixin/injection/callback/CallbackInfo;)V doesn't use it's CallbackInfo
[12:26:24] [main/DEBUG] (FabricLoader/Mixin) fabric-transfer-api-v1.mixins.json:CrafterBlockMixin from mod fabric-transfer-api-v1->@Inject::transferOrSpawnStack(Lnet/minecraft/server/level/ServerLevel;Lnet/minecraft/core/BlockPos;Lnet/minecraft/world/level/block/entity/CrafterBlockEntity;Lnet/minecraft/world/item/ItemStack;Lnet/minecraft/world/level/block/state/BlockState;Lnet/minecraft/world/item/crafting/RecipeHolder;Lorg/spongepowered/asm/mixin/injection/callback/CallbackInfo;)V has 0 override(s) in child classes
[12:26:24] [main/DEBUG] (FabricLoader/Mixin) fabric-transfer-api-v1.mixins.json:CrafterBlockMixin from mod fabric-transfer-api-v1->@Inject::transferOrSpawnStack(Lnet/minecraft/server/level/ServerLevel;Lnet/minecraft/core/BlockPos;Lnet/minecraft/world/level/block/entity/CrafterBlockEntity;Lnet/minecraft/world/item/ItemStack;Lnet/minecraft/world/level/block/state/BlockState;Lnet/minecraft/world/item/crafting/RecipeHolder;Lorg/spongepowered/asm/mixin/injection/callback/CallbackInfo;)V won't be passed a CallbackInfo as a result
[12:26:24] [main/DEBUG] (FabricLoader/Mixin) fabric-transfer-api-v1.mixins.json:CrafterBlockMixin from mod fabric-transfer-api-v1->@Inject::transferOrSpawnStack(Lnet/minecraft/server/level/ServerLevel;Lnet/minecraft/core/BlockPos;Lnet/minecraft/world/level/block/entity/CrafterBlockEntity;Lnet/minecraft/world/item/ItemStack;Lnet/minecraft/world/level/block/state/BlockState;Lnet/minecraft/world/item/crafting/RecipeHolder;Lorg/spongepowered/asm/mixin/injection/callback/CallbackInfo;)V doesn't use it's CallbackInfo
[12:26:24] [main/DEBUG] (FabricLoader/Mixin) fabric-transfer-api-v1.mixins.json:CrafterBlockMixin from mod fabric-transfer-api-v1->@Inject::transferOrSpawnStack(Lnet/minecraft/server/level/ServerLevel;Lnet/minecraft/core/BlockPos;Lnet/minecraft/world/level/block/entity/CrafterBlockEntity;Lnet/minecraft/world/item/ItemStack;Lnet/minecraft/world/level/block/state/BlockState;Lnet/minecraft/world/item/crafting/RecipeHolder;Lorg/spongepowered/asm/mixin/injection/callback/CallbackInfo;)V has 0 override(s) in child classes
[12:26:24] [main/DEBUG] (FabricLoader/Mixin) fabric-transfer-api-v1.mixins.json:CrafterBlockMixin from mod fabric-transfer-api-v1->@Inject::transferOrSpawnStack(Lnet/minecraft/server/level/ServerLevel;Lnet/minecraft/core/BlockPos;Lnet/minecraft/world/level/block/entity/CrafterBlockEntity;Lnet/minecraft/world/item/ItemStack;Lnet/minecraft/world/level/block/state/BlockState;Lnet/minecraft/world/item/crafting/RecipeHolder;Lorg/spongepowered/asm/mixin/injection/callback/CallbackInfo;)V won't be passed a CallbackInfo as a result
[12:26:24] [main/DEBUG] (FabricLoader/Mixin) Mixing BlockStateCacheMixin from ferritecore.blockstatecache.mixin.json into net.minecraft.world.level.block.state.BlockBehaviour$BlockStateBase$Cache
[12:26:24] [main/DEBUG] (FabricLoader/Mixin) ferritecore.blockstatecache.mixin.json:BlockStateCacheMixin from mod ferritecore: Class version 65 required is higher than the class version supported by the current version of Mixin (JAVA_17 supports class version 61)
[12:26:24] [main/DEBUG] (FabricLoader/Mixin) Mixing MixinItem from mixins.iris.json into net.minecraft.world.item.Item
[12:26:24] [main/DEBUG] (FabricLoader/Mixin) mixins.iris.json:MixinItem from mod iris: Class version 65 required is higher than the class version supported by the current version of Mixin (JAVA_8 supports class version 52)
[12:26:24] [main/DEBUG] (FabricLoader/Mixin) Mixing ItemMixin from fabric-transfer-api-v1.mixins.json into net.minecraft.world.item.Item
[12:26:24] [main/DEBUG] (FabricLoader/Mixin) Mixing ItemAccessor from fabric-item-api-v1.mixins.json into net.minecraft.world.item.Item
[12:26:24] [main/DEBUG] (FabricLoader/Mixin) Mixing ItemMixin from fabric-item-api-v1.mixins.json into net.minecraft.world.item.Item
[12:26:24] [main/DEBUG] (FabricLoader/Mixin) fabric-item-api-v1.mixins.json:ItemMixin from mod fabric-item-api-v1->@Inject::onConstruct(Lnet/minecraft/world/item/Item$Properties;Lorg/spongepowered/asm/mixin/injection/callback/CallbackInfo;)V doesn't use it's CallbackInfo
[12:26:24] [main/DEBUG] (FabricLoader/Mixin) fabric-item-api-v1.mixins.json:ItemMixin from mod fabric-item-api-v1->@Inject::onConstruct(Lnet/minecraft/world/item/Item$Properties;Lorg/spongepowered/asm/mixin/injection/callback/CallbackInfo;)V has 0 override(s) in child classes
[12:26:24] [main/DEBUG] (FabricLoader/Mixin) fabric-item-api-v1.mixins.json:ItemMixin from mod fabric-item-api-v1->@Inject::onConstruct(Lnet/minecraft/world/item/Item$Properties;Lorg/spongepowered/asm/mixin/injection/callback/CallbackInfo;)V won't be passed a CallbackInfo as a result
[12:26:24] [main/DEBUG] (FabricLoader/Mixin) Mixing SubShapeAccess from ferritecore.accessors.mixin.json into net.minecraft.world.phys.shapes.SubShape
[12:26:24] [main/DEBUG] (FabricLoader/Mixin) ferritecore.accessors.mixin.json:SubShapeAccess from mod ferritecore: Class version 65 required is higher than the class version supported by the current version of Mixin (JAVA_17 supports class version 61)
[12:26:24] [main/DEBUG] (FabricLoader/Mixin) Mixing BucketItemAccessor from fabric-transfer-api-v1.mixins.json into net.minecraft.world.item.BucketItem
[12:26:24] [main/DEBUG] (FabricLoader/Mixin) Mixing BucketItemMixin from fabric-transfer-api-v1.mixins.json into net.minecraft.world.item.BucketItem
[12:26:24] [main/DEBUG] (FabricLoader/Mixin) Mixing AxeItemAccessor from fabric-content-registries-v0.mixins.json into net.minecraft.world.item.AxeItem
[12:26:24] [main/DEBUG] (FabricLoader/Mixin) Renaming @Accessor method getStrippedBlocks()Ljava/util/Map; to getStrippedBlocks$fabric-content-registries-v0_$md$ab7149$0 in fabric-content-registries-v0.mixins.json:AxeItemAccessor from mod fabric-content-registries-v0
[12:26:24] [main/DEBUG] (FabricLoader/Mixin) Renaming @Accessor method setStrippedBlocks(Ljava/util/Map;)V to setStrippedBlocks$fabric-content-registries-v0_$md$ab7149$1 in fabric-content-registries-v0.mixins.json:AxeItemAccessor from mod fabric-content-registries-v0
[12:26:24] [main/DEBUG] (FabricLoader/Mixin) Mixing AxeItemMixin from fabric-content-registries-v0.mixins.json into net.minecraft.world.item.AxeItem
[12:26:24] [main/DEBUG] (FabricLoader/Mixin) Renaming synthetic method lambda$handleCustomStrippingBehavior$0(Lnet/fabricmc/fabric/api/registry/StrippableBlockRegistry$StrippingTransformer;Lnet/minecraft/world/level/block/state/BlockState;Lnet/minecraft/world/level/block/Block;)Lnet/minecraft/world/level/block/state/BlockState; to mdab7149$fabric-content-registries-v0$lambda$handleCustomStrippingBehavior$0$2 in fabric-content-registries-v0.mixins.json:AxeItemMixin from mod fabric-content-registries-v0
[12:26:24] [main/DEBUG] (FabricLoader/Mixin) Mixing MixinShovelItem from infernum.mixins.json into net.minecraft.world.item.ShovelItem
[12:26:24] [main/DEBUG] (FabricLoader/Mixin) Mixing ShovelItemAccessor from fabric-content-registries-v0.mixins.json into net.minecraft.world.item.ShovelItem
[12:26:24] [main/DEBUG] (FabricLoader/Mixin) Renaming @Accessor method getPathStates()Ljava/util/Map; to getPathStates$fabric-content-registries-v0_$md$ab7149$0 in fabric-content-registries-v0.mixins.json:ShovelItemAccessor from mod fabric-content-registries-v0
[12:26:24] [main/DEBUG] (FabricLoader/Mixin) infernum.mixins.json:MixinShovelItem from mod infernum->@Inject::frozen$onUseOn(Lnet/minecraft/world/item/context/UseOnContext;Lorg/spongepowered/asm/mixin/injection/callback/CallbackInfoReturnable;)V does use it's CallbackInfoReturnable
[12:26:24] [main/DEBUG] (FabricLoader/Mixin) Mixing HoeItemAccessor from fabric-content-registries-v0.mixins.json into net.minecraft.world.item.HoeItem
[12:26:24] [main/DEBUG] (FabricLoader/Mixin) Renaming @Accessor method getTillingActions()Ljava/util/Map; to getTillingActions$fabric-content-registries-v0_$md$ab7149$0 in fabric-content-registries-v0.mixins.json:HoeItemAccessor from mod fabric-content-registries-v0
[12:26:24] [main/DEBUG] (FabricLoader/Mixin) Mixing ItemSettingsMixin from fabric-item-api-v1.mixins.json into net.minecraft.world.item.Item$Properties
[12:26:24] [main/DEBUG] (FabricLoader/Mixin) Mixing TagKeyMixin from fabric-convention-tags-api-v2.mixins.json into net.minecraft.tags.TagKey
[12:26:24] [main/DEBUG] (FabricLoader/Mixin) Mixing WriteViewMixin from fabric-serialization-api-v1.mixins.json into net.minecraft.world.level.storage.ValueOutput
[12:26:24] [main/DEBUG] (FabricLoader/Mixin) Mixing BundleContentsComponentAccessor from fabric-transfer-api-v1.mixins.json into net.minecraft.world.item.component.BundleContents
[12:26:24] [main/DEBUG] (FabricLoader/Mixin) Renaming @Invoker method getOccupancy(Lnet/minecraft/world/item/ItemStack;)Lorg/apache/commons/lang3/math/Fraction; to getOccupancy$fabric-transfer-api-v1_$md$ab7149$0 in fabric-transfer-api-v1.mixins.json:BundleContentsComponentAccessor from mod fabric-transfer-api-v1
[12:26:24] [main/DEBUG] (FabricLoader/Mixin) Mixing EntityTypeBuilderMixin from fabric-object-builder-v1.mixins.json into net.minecraft.world.entity.EntityType$Builder
[12:26:24] [main/DEBUG] (FabricLoader/Mixin) fabric-object-builder-v1.mixins.json:EntityTypeBuilderMixin from mod fabric-object-builder-api-v1->@Inject::applyChildBuilders(Lnet/minecraft/resources/ResourceKey;Lorg/spongepowered/asm/mixin/injection/callback/CallbackInfoReturnable;)V does use it's CallbackInfoReturnable
[12:26:24] [main/DEBUG] (FabricLoader/Mixin) Mixing ServerPlayerEntityMixin from fabric-screen-handler-api-v1.mixins.json into net.minecraft.server.level.ServerPlayer
[12:26:24] [main/DEBUG] (FabricLoader/Mixin) Mixing ServerPlayerEntityMixin from fabric-entity-events-v1.mixins.json into net.minecraft.server.level.ServerPlayer
[12:26:24] [main/DEBUG] (FabricLoader/Mixin) Mixing ServerPlayerEntityMixin from fabric-particles-v1.mixins.json into net.minecraft.server.level.ServerPlayer
[12:26:24] [main/DEBUG] (FabricLoader/Mixin) Mixing ServerPlayerEntityMixin from fabric-events-interaction-v0.mixins.json into net.minecraft.server.level.ServerPlayer
[12:26:24] [main/DEBUG] (FabricLoader/Mixin) fabric-screen-handler-api-v1.mixins.json:ServerPlayerEntityMixin from mod fabric-screen-handler-api-v1->@Inject::fabric_storeOpenedScreenHandler(Lnet/minecraft/world/MenuProvider;Lorg/spongepowered/asm/mixin/injection/callback/CallbackInfoReturnable;)V doesn't use it's CallbackInfoReturnable
[12:26:24] [main/DEBUG] (FabricLoader/Mixin) fabric-screen-handler-api-v1.mixins.json:ServerPlayerEntityMixin from mod fabric-screen-handler-api-v1->@Inject::fabric_storeOpenedScreenHandler(Lnet/minecraft/world/MenuProvider;Lorg/spongepowered/asm/mixin/injection/callback/CallbackInfoReturnable;)V has 0 override(s) in child classes
[12:26:24] [main/DEBUG] (FabricLoader/Mixin) fabric-screen-handler-api-v1.mixins.json:ServerPlayerEntityMixin from mod fabric-screen-handler-api-v1->@Inject::fabric_storeOpenedScreenHandler(Lnet/minecraft/world/MenuProvider;Lorg/spongepowered/asm/mixin/injection/callback/CallbackInfoReturnable;)V won't be passed a CallbackInfoReturnable as a result
[12:26:24] [main/DEBUG] (FabricLoader/Mixin) fabric-entity-events-v1.mixins.json:ServerPlayerEntityMixin from mod fabric-entity-events-v1->@Inject::callOnKillForPlayer(Lnet/minecraft/world/damagesource/DamageSource;Lorg/spongepowered/asm/mixin/injection/callback/CallbackInfo;)V doesn't use it's CallbackInfo
[12:26:24] [main/DEBUG] (FabricLoader/Mixin) fabric-entity-events-v1.mixins.json:ServerPlayerEntityMixin from mod fabric-entity-events-v1->@Inject::callOnKillForPlayer(Lnet/minecraft/world/damagesource/DamageSource;Lorg/spongepowered/asm/mixin/injection/callback/CallbackInfo;)V has 0 override(s) in child classes
[12:26:24] [main/DEBUG] (FabricLoader/Mixin) fabric-entity-events-v1.mixins.json:ServerPlayerEntityMixin from mod fabric-entity-events-v1->@Inject::callOnKillForPlayer(Lnet/minecraft/world/damagesource/DamageSource;Lorg/spongepowered/asm/mixin/injection/callback/CallbackInfo;)V won't be passed a CallbackInfo as a result
[12:26:24] [main/DEBUG] (FabricLoader/Mixin) fabric-entity-events-v1.mixins.json:ServerPlayerEntityMixin from mod fabric-entity-events-v1->@Inject::notifyDeath(Lnet/minecraft/world/damagesource/DamageSource;Lorg/spongepowered/asm/mixin/injection/callback/CallbackInfo;)V doesn't use it's CallbackInfo
[12:26:24] [main/DEBUG] (FabricLoader/Mixin) fabric-entity-events-v1.mixins.json:ServerPlayerEntityMixin from mod fabric-entity-events-v1->@Inject::notifyDeath(Lnet/minecraft/world/damagesource/DamageSource;Lorg/spongepowered/asm/mixin/injection/callback/CallbackInfo;)V has 0 override(s) in child classes
[12:26:24] [main/DEBUG] (FabricLoader/Mixin) fabric-entity-events-v1.mixins.json:ServerPlayerEntityMixin from mod fabric-entity-events-v1->@Inject::notifyDeath(Lnet/minecraft/world/damagesource/DamageSource;Lorg/spongepowered/asm/mixin/injection/callback/CallbackInfo;)V won't be passed a CallbackInfo as a result
[12:26:24] [main/DEBUG] (FabricLoader/Mixin) fabric-entity-events-v1.mixins.json:ServerPlayerEntityMixin from mod fabric-entity-events-v1->@Inject::afterWorldChanged(Lnet/minecraft/server/level/ServerLevel;Lorg/spongepowered/asm/mixin/injection/callback/CallbackInfo;)V doesn't use it's CallbackInfo
[12:26:24] [main/DEBUG] (FabricLoader/Mixin) fabric-entity-events-v1.mixins.json:ServerPlayerEntityMixin from mod fabric-entity-events-v1->@Inject::afterWorldChanged(Lnet/minecraft/server/level/ServerLevel;Lorg/spongepowered/asm/mixin/injection/callback/CallbackInfo;)V has 0 override(s) in child classes
[12:26:24] [main/DEBUG] (FabricLoader/Mixin) fabric-entity-events-v1.mixins.json:ServerPlayerEntityMixin from mod fabric-entity-events-v1->@Inject::afterWorldChanged(Lnet/minecraft/server/level/ServerLevel;Lorg/spongepowered/asm/mixin/injection/callback/CallbackInfo;)V won't be passed a CallbackInfo as a result
[12:26:24] [main/DEBUG] (FabricLoader/Mixin) fabric-entity-events-v1.mixins.json:ServerPlayerEntityMixin from mod fabric-entity-events-v1->@Inject::onCopyFrom(Lnet/minecraft/server/level/ServerPlayer;ZLorg/spongepowered/asm/mixin/injection/callback/CallbackInfo;)V doesn't use it's CallbackInfo
[12:26:24] [main/DEBUG] (FabricLoader/Mixin) fabric-entity-events-v1.mixins.json:ServerPlayerEntityMixin from mod fabric-entity-events-v1->@Inject::onCopyFrom(Lnet/minecraft/server/level/ServerPlayer;ZLorg/spongepowered/asm/mixin/injection/callback/CallbackInfo;)V has 0 override(s) in child classes
[12:26:24] [main/DEBUG] (FabricLoader/Mixin) fabric-entity-events-v1.mixins.json:ServerPlayerEntityMixin from mod fabric-entity-events-v1->@Inject::onCopyFrom(Lnet/minecraft/server/level/ServerPlayer;ZLorg/spongepowered/asm/mixin/injection/callback/CallbackInfo;)V won't be passed a CallbackInfo as a result
[12:26:24] [main/DEBUG] (FabricLoader/Mixin) fabric-events-interaction-v0.mixins.json:ServerPlayerEntityMixin from mod fabric-events-interaction-v0->@Inject::onPlayerInteractEntity(Lnet/minecraft/world/entity/Entity;Lorg/spongepowered/asm/mixin/injection/callback/CallbackInfo;)V does use it's CallbackInfo
[12:26:24] [main/DEBUG] (FabricLoader/Mixin) fabric-events-interaction-v0.mixins.json:ServerPlayerEntityMixin from mod fabric-events-interaction-v0->@Inject::fakePlayerGameMode(Lnet/minecraft/world/level/GameType;Lorg/spongepowered/asm/mixin/injection/callback/CallbackInfoReturnable;)V does use it's CallbackInfoReturnable
[12:26:25] [main/DEBUG] (FabricLoader/Mixin) Mixing DisplayAccessor from entityculling.mixins.json into net.minecraft.world.entity.Display
[12:26:25] [main/DEBUG] (FabricLoader/Mixin) entityculling.mixins.json:DisplayAccessor from mod entityculling: Class version 65 required is higher than the class version supported by the current version of Mixin (JAVA_16 supports class version 60)
[12:26:25] [main/DEBUG] (FabricLoader/Mixin) Mixing BreezeEntityMixin from fabric-particles-v1.mixins.json into net.minecraft.world.entity.monster.breeze.Breeze
[12:26:25] [main/DEBUG] (FabricLoader/Mixin) Mixing VillagerEntityAccessor from fabric-content-registries-v0.mixins.json into net.minecraft.world.entity.npc.Villager
[12:26:25] [main/DEBUG] (FabricLoader/Mixin) Renaming @Accessor method fabric_setItemFoodValues(Ljava/util/Map;)V to fabric_setItemFoodValues$fabric-content-registries-v0_$md$ab7149$0 in fabric-content-registries-v0.mixins.json:VillagerEntityAccessor from mod fabric-content-registries-v0
[12:26:25] [main/DEBUG] (FabricLoader/Mixin) Mixing VillagerEntityMixin from fabric-content-registries-v0.mixins.json into net.minecraft.world.entity.npc.Villager
[12:26:25] [main/DEBUG] (FabricLoader/Mixin) Mixing TrackedDataHandlerRegistryAccessor from fabric-object-builder-v1.mixins.json into net.minecraft.network.syncher.EntityDataSerializers
[12:26:25] [main/DEBUG] (FabricLoader/Mixin) Renaming @Accessor method fabric_getDataHandlers()Lnet/minecraft/util/CrudeIncrementalIntIdentityHashBiMap; to fabric_getDataHandlers$fabric-object-builder-api-v1_$md$ab7149$0 in fabric-object-builder-v1.mixins.json:TrackedDataHandlerRegistryAccessor from mod fabric-object-builder-api-v1
[12:26:25] [main/DEBUG] (FabricLoader/Mixin) Mixing TrackedDataHandlerRegistryMixin from fabric-object-builder-v1.mixins.json into net.minecraft.network.syncher.EntityDataSerializers
[12:26:25] [main/DEBUG] (FabricLoader/Mixin) fabric-object-builder-v1.mixins.json:TrackedDataHandlerRegistryMixin from mod fabric-object-builder-api-v1->@Inject::storeVanillaHandlers(Lorg/spongepowered/asm/mixin/injection/callback/CallbackInfo;)V doesn't use it's CallbackInfo
[12:26:25] [main/DEBUG] (FabricLoader/Mixin) fabric-object-builder-v1.mixins.json:TrackedDataHandlerRegistryMixin from mod fabric-object-builder-api-v1->@Inject::onHeadRegister(Lnet/minecraft/network/syncher/EntityDataSerializer;Lorg/spongepowered/asm/mixin/injection/callback/CallbackInfo;)V doesn't use it's CallbackInfo
[12:26:25] [main/DEBUG] (FabricLoader/Mixin) Mixing AttachmentTargetsMixin from fabric-data-attachment-api-v1.mixins.json into net.minecraft.world.level.chunk.ChunkAccess
[12:26:25] [main/DEBUG] (FabricLoader/Mixin) Mixing ChunkMixin from fabric-data-attachment-api-v1.mixins.json into net.minecraft.world.level.chunk.ChunkAccess
[12:26:25] [main/DEBUG] (FabricLoader/Mixin) Mixing WorldChunkMixin from fabric-data-attachment-api-v1.mixins.json into net.minecraft.world.level.chunk.LevelChunk
[12:26:25] [main/DEBUG] (FabricLoader/Mixin) Renaming synthetic method lambda$fabric_syncChange$0(Lnet/fabricmc/fabric/api/attachment/v1/AttachmentType;Lnet/fabricmc/fabric/impl/attachment/sync/AttachmentChange;Lnet/minecraft/server/level/ServerPlayer;)V to mdab7149$fabric-data-attachment-api-v1$lambda$fabric_syncChange$0$0 in fabric-data-attachment-api-v1.mixins.json:WorldChunkMixin from mod fabric-data-attachment-api-v1
[12:26:25] [main/DEBUG] (FabricLoader/Mixin) Mixing WorldChunkMixin from fabric-lifecycle-events-v1.client.mixins.json into net.minecraft.world.level.chunk.LevelChunk
[12:26:25] [main/DEBUG] (FabricLoader/Mixin) fabric-data-attachment-api-v1.mixins.json:WorldChunkMixin from mod fabric-data-attachment-api-v1->@Inject::transferProtoChunkAttachment(Lnet/minecraft/server/level/ServerLevel;Lnet/minecraft/world/level/chunk/ProtoChunk;Lnet/minecraft/world/level/chunk/LevelChunk$PostLoadProcessor;Lorg/spongepowered/asm/mixin/injection/callback/CallbackInfo;)V doesn't use it's CallbackInfo
[12:26:25] [main/DEBUG] (FabricLoader/Mixin) fabric-data-attachment-api-v1.mixins.json:WorldChunkMixin from mod fabric-data-attachment-api-v1->@Inject::transferProtoChunkAttachment(Lnet/minecraft/server/level/ServerLevel;Lnet/minecraft/world/level/chunk/ProtoChunk;Lnet/minecraft/world/level/chunk/LevelChunk$PostLoadProcessor;Lorg/spongepowered/asm/mixin/injection/callback/CallbackInfo;)V has 0 override(s) in child classes
[12:26:25] [main/DEBUG] (FabricLoader/Mixin) fabric-data-attachment-api-v1.mixins.json:WorldChunkMixin from mod fabric-data-attachment-api-v1->@Inject::transferProtoChunkAttachment(Lnet/minecraft/server/level/ServerLevel;Lnet/minecraft/world/level/chunk/ProtoChunk;Lnet/minecraft/world/level/chunk/LevelChunk$PostLoadProcessor;Lorg/spongepowered/asm/mixin/injection/callback/CallbackInfo;)V won't be passed a CallbackInfo as a result
[12:26:25] [main/DEBUG] (FabricLoader/Mixin) fabric-lifecycle-events-v1.client.mixins.json:WorldChunkMixin from mod fabric-lifecycle-events-v1->@Inject::onRemoveBlockEntity(Lnet/minecraft/world/level/block/entity/BlockEntity;Lorg/spongepowered/asm/mixin/injection/callback/CallbackInfo;)V doesn't use it's CallbackInfo
[12:26:25] [main/DEBUG] (FabricLoader/Mixin) fabric-lifecycle-events-v1.client.mixins.json:WorldChunkMixin from mod fabric-lifecycle-events-v1->@Inject::onRemoveBlockEntity(Lnet/minecraft/world/level/block/entity/BlockEntity;Lorg/spongepowered/asm/mixin/injection/callback/CallbackInfo;)V has 0 override(s) in child classes
[12:26:25] [main/DEBUG] (FabricLoader/Mixin) fabric-lifecycle-events-v1.client.mixins.json:WorldChunkMixin from mod fabric-lifecycle-events-v1->@Inject::onRemoveBlockEntity(Lnet/minecraft/world/level/block/entity/BlockEntity;Lorg/spongepowered/asm/mixin/injection/callback/CallbackInfo;)V won't be passed a CallbackInfo as a result
[12:26:25] [main/DEBUG] (FabricLoader/Mixin) fabric-lifecycle-events-v1.client.mixins.json:WorldChunkMixin from mod fabric-lifecycle-events-v1->@Inject::onRemoveBlockEntity(Lnet/minecraft/core/BlockPos;Lorg/spongepowered/asm/mixin/injection/callback/CallbackInfo;)V doesn't use it's CallbackInfo
[12:26:25] [main/DEBUG] (FabricLoader/Mixin) fabric-lifecycle-events-v1.client.mixins.json:WorldChunkMixin from mod fabric-lifecycle-events-v1->@Inject::onRemoveBlockEntity(Lnet/minecraft/core/BlockPos;Lorg/spongepowered/asm/mixin/injection/callback/CallbackInfo;)V has 0 override(s) in child classes
[12:26:25] [main/DEBUG] (FabricLoader/Mixin) fabric-lifecycle-events-v1.client.mixins.json:WorldChunkMixin from mod fabric-lifecycle-events-v1->@Inject::onRemoveBlockEntity(Lnet/minecraft/core/BlockPos;Lorg/spongepowered/asm/mixin/injection/callback/CallbackInfo;)V won't be passed a CallbackInfo as a result
[12:26:25] [main/DEBUG] (net.fabricmc.fabric.impl.object.builder.FabricTrackedDataRegistryImpl) Stored 37 vanilla handlers
[12:26:25] [main/DEBUG] (FabricLoader/Mixin) Mixing WardenEntityMixin from fabric-particles-v1.mixins.json into net.minecraft.world.entity.monster.warden.Warden
[12:26:25] [main/DEBUG] (FabricLoader/Mixin) Mixing ContainerComponentAccessor from fabric-transfer-api-v1.mixins.json into net.minecraft.world.item.component.ItemContainerContents
[12:26:25] [main/DEBUG] (FabricLoader/Mixin) Mixing LootTableAccessor from fabric-loot-api-v3.mixins.json into net.minecraft.world.level.storage.loot.LootTable
[12:26:25] [main/DEBUG] (FabricLoader/Mixin) Mixing LootTableMixin from fabric-loot-api-v3.mixins.json into net.minecraft.world.level.storage.loot.LootTable
[12:26:25] [main/DEBUG] (FabricLoader/Mixin) Mixing EnchantRandomlyLootFunctionMixin from fabric-item-api-v1.mixins.json into net.minecraft.world.level.storage.loot.functions.EnchantRandomlyFunction
[12:26:25] [main/DEBUG] (FabricLoader/Mixin) Mixing MixinBiomes from mixins.iris.json into net.minecraft.world.level.biome.Biomes
[12:26:25] [main/DEBUG] (FabricLoader/Mixin) mixins.iris.json:MixinBiomes from mod iris: Class version 65 required is higher than the class version supported by the current version of Mixin (JAVA_8 supports class version 52)
[12:26:25] [main/DEBUG] (FabricLoader/Mixin) mixins.iris.json:MixinBiomes from mod iris->@Inject::iris$registerBiome(Ljava/lang/String;Lorg/spongepowered/asm/mixin/injection/callback/CallbackInfoReturnable;)V does use it's CallbackInfoReturnable
[12:26:25] [main/DEBUG] (FabricLoader/Mixin) Mixing HoneycombItemMixin from fabric-content-registries-v0.mixins.json into net.minecraft.world.item.HoneycombItem
[12:26:25] [main/DEBUG] (FabricLoader/Mixin) fabric-content-registries-v0.mixins.json:HoneycombItemMixin from mod fabric-content-registries-v0->@Inject::createUnwaxedToWaxedMap(Lorg/spongepowered/asm/mixin/injection/callback/CallbackInfoReturnable;)V does use it's CallbackInfoReturnable
[12:26:25] [main/DEBUG] (FabricLoader/Mixin) Mixing BrushItemMixin from fabric-particles-v1.mixins.json into net.minecraft.world.item.BrushItem
[12:26:26] [main/DEBUG] (FabricLoader/Mixin) Mixing EntitySelectorOptionsAccessor from fabric-command-api-v2.mixins.json into net.minecraft.commands.arguments.selector.options.EntitySelectorOptions
[12:26:26] [main/DEBUG] (FabricLoader/Mixin) Renaming @Invoker method callPutOption(Ljava/lang/String;Lnet/minecraft/commands/arguments/selector/options/EntitySelectorOptions$Modifier;Ljava/util/function/Predicate;Lnet/minecraft/network/chat/Component;)V to callPutOption$fabric-command-api-v2_$md$ab7149$0 in fabric-command-api-v2.mixins.json:EntitySelectorOptionsAccessor from mod fabric-command-api-v2
[12:26:26] [main/DEBUG] (FabricLoader/Mixin) Mixing EntitySelectorReaderMixin from fabric-command-api-v2.mixins.json into net.minecraft.commands.arguments.selector.EntitySelectorParser
[12:26:26] [main/DEBUG] (FabricLoader/Mixin) Generating mapped inner class net/minecraft/world/level/block/entity/ChiseledBookShelfBlockEntity$Anonymous$a3c54b52df5c46dab797ac8159c07ad9 (originally net/fabricmc/fabric/mixin/transfer/ChiseledBookshelfBlockEntityMixin$1)
[12:26:26] [main/DEBUG] (FabricLoader/Mixin) Mixing SimpleInventoryMixin from fabric-transfer-api-v1.mixins.json into net.minecraft.world.SimpleContainer
[12:26:26] [main/DEBUG] (FabricLoader/Mixin) Mixing CraftingRecipeMixin from fabric-item-api-v1.mixins.json into net.minecraft.world.item.crafting.CraftingRecipe
[12:26:26] [main/DEBUG] (FabricLoader/Mixin) Mixing ingredient.IngredientMixin from fabric-recipe-api-v1.mixins.json into net.minecraft.world.item.crafting.Ingredient
[12:26:26] [main/DEBUG] (FabricLoader/Mixin) Renaming synthetic method lambda$injectCodec$2(Lnet/minecraft/world/item/crafting/Ingredient;)Lcom/mojang/datafixers/util/Either; to mdab7149$fabric-recipe-api-v1$lambda$injectCodec$2$0 in fabric-recipe-api-v1.mixins.json:ingredient.IngredientMixin from mod fabric-recipe-api-v1
[12:26:26] [main/DEBUG] (FabricLoader/Mixin) Renaming synthetic method lambda$injectCodec$1(Lcom/mojang/datafixers/util/Either;)Lnet/minecraft/world/item/crafting/Ingredient; to mdab7149$fabric-recipe-api-v1$lambda$injectCodec$1$1 in fabric-recipe-api-v1.mixins.json:ingredient.IngredientMixin from mod fabric-recipe-api-v1
[12:26:26] [main/DEBUG] (FabricLoader/Mixin) Renaming synthetic method lambda$injectCodec$0(Lnet/minecraft/world/item/crafting/Ingredient;)Lnet/minecraft/world/item/crafting/Ingredient; to mdab7149$fabric-recipe-api-v1$lambda$injectCodec$0$2 in fabric-recipe-api-v1.mixins.json:ingredient.IngredientMixin from mod fabric-recipe-api-v1
[12:26:26] [main/DEBUG] (FabricLoader/Mixin) fabric-recipe-api-v1.mixins.json:ingredient.IngredientMixin from mod fabric-recipe-api-v1->@Inject::injectCodec(Lorg/spongepowered/asm/mixin/injection/callback/CallbackInfo;)V doesn't use it's CallbackInfo
[12:26:26] [main/DEBUG] (FabricLoader/Mixin) fabric-recipe-api-v1.mixins.json:ingredient.IngredientMixin from mod fabric-recipe-api-v1->@Inject::onGetEntries(Lnet/minecraft/world/item/crafting/Ingredient;Lorg/spongepowered/asm/mixin/injection/callback/CallbackInfoReturnable;)V does use it's CallbackInfoReturnable
[12:26:26] [main/DEBUG] (FabricLoader/Mixin) fabric-recipe-api-v1.mixins.json:ingredient.IngredientMixin from mod fabric-recipe-api-v1->@Inject::onGetEntries(Lnet/minecraft/world/item/crafting/Ingredient;Lorg/spongepowered/asm/mixin/injection/callback/CallbackInfoReturnable;)V does use it's CallbackInfoReturnable
[12:26:26] [main/DEBUG] (FabricLoader/Mixin) fabric-recipe-api-v1.mixins.json:ingredient.IngredientMixin from mod fabric-recipe-api-v1->@Inject::onGetEntries(Lnet/minecraft/world/item/crafting/Ingredient;Lorg/spongepowered/asm/mixin/injection/callback/CallbackInfoReturnable;)V does use it's CallbackInfoReturnable
[12:26:26] [main/DEBUG] (FabricLoader/Mixin) fabric-recipe-api-v1.mixins.json:ingredient.IngredientMixin from mod fabric-recipe-api-v1->@Inject::onHeadEquals(Ljava/lang/Object;Lorg/spongepowered/asm/mixin/injection/callback/CallbackInfoReturnable;)V does use it's CallbackInfoReturnable
[12:26:26] [main/DEBUG] (FabricLoader/Mixin) Mixing ingredient.ShapelessRecipeMixin from fabric-recipe-api-v1.mixins.json into net.minecraft.world.item.crafting.ShapelessRecipe
[12:26:26] [main/DEBUG] (FabricLoader/Mixin) fabric-recipe-api-v1.mixins.json:ingredient.ShapelessRecipeMixin from mod fabric-recipe-api-v1->@Inject::cacheRequiresTesting(Ljava/lang/String;Lnet/minecraft/world/item/crafting/CraftingBookCategory;Lnet/minecraft/world/item/ItemStack;Ljava/util/List;Lorg/spongepowered/asm/mixin/injection/callback/CallbackInfo;)V doesn't use it's CallbackInfo
[12:26:26] [main/DEBUG] (FabricLoader/Mixin) fabric-recipe-api-v1.mixins.json:ingredient.ShapelessRecipeMixin from mod fabric-recipe-api-v1->@Inject::cacheRequiresTesting(Ljava/lang/String;Lnet/minecraft/world/item/crafting/CraftingBookCategory;Lnet/minecraft/world/item/ItemStack;Ljava/util/List;Lorg/spongepowered/asm/mixin/injection/callback/CallbackInfo;)V has 0 override(s) in child classes
[12:26:26] [main/DEBUG] (FabricLoader/Mixin) fabric-recipe-api-v1.mixins.json:ingredient.ShapelessRecipeMixin from mod fabric-recipe-api-v1->@Inject::cacheRequiresTesting(Ljava/lang/String;Lnet/minecraft/world/item/crafting/CraftingBookCategory;Lnet/minecraft/world/item/ItemStack;Ljava/util/List;Lorg/spongepowered/asm/mixin/injection/callback/CallbackInfo;)V won't be passed a CallbackInfo as a result
[12:26:26] [main/DEBUG] (FabricLoader/Mixin) fabric-recipe-api-v1.mixins.json:ingredient.ShapelessRecipeMixin from mod fabric-recipe-api-v1->@Inject::customIngredientMatch(Lnet/minecraft/world/item/crafting/CraftingInput;Lnet/minecraft/world/level/Level;Lorg/spongepowered/asm/mixin/injection/callback/CallbackInfoReturnable;)V does use it's CallbackInfoReturnable
[12:26:26] [main/DEBUG] (FabricLoader/Mixin) Mixing DimensionTypeAccessor from mixins.iris.json into net.minecraft.world.level.dimension.DimensionType
[12:26:26] [main/DEBUG] (FabricLoader/Mixin) mixins.iris.json:DimensionTypeAccessor from mod iris: Class version 65 required is higher than the class version supported by the current version of Mixin (JAVA_8 supports class version 52)
[12:26:26] [main/DEBUG] (FabricLoader/Mixin) Mixing ChunkGeneratingMixin from fabric-lifecycle-events-v1.mixins.json into net.minecraft.world.level.chunk.status.ChunkStatusTasks
[12:26:26] [main/DEBUG] (FabricLoader/Mixin) fabric-lifecycle-events-v1.mixins.json:ChunkGeneratingMixin from mod fabric-lifecycle-events-v1->@Inject::onChunkLoad(Lnet/minecraft/world/level/chunk/ChunkAccess;Lnet/minecraft/world/level/chunk/status/WorldGenContext;Lnet/minecraft/server/level/GenerationChunkHolder;Lorg/spongepowered/asm/mixin/injection/callback/CallbackInfoReturnable;)V does use it's CallbackInfoReturnable
[12:26:26] [main/DEBUG] (FabricLoader/Mixin) Mixing StructureTemplateManagerMixin from fabric-gametest-api-v1.mixins.json into net.minecraft.world.level.levelgen.structure.templatesystem.StructureTemplateManager
[12:26:26] [main/DEBUG] (FabricLoader/Mixin) fabric-gametest-api-v1.mixins.json:StructureTemplateManagerMixin from mod fabric-gametest-api-v1->@Inject::addFabricTemplateProvider(Lnet/minecraft/server/packs/resources/ResourceManager;Lnet/minecraft/world/level/storage/LevelStorageSource$LevelStorageAccess;Lcom/mojang/datafixers/DataFixer;Lnet/minecraft/core/HolderGetter;Lorg/spongepowered/asm/mixin/injection/callback/CallbackInfo;)V doesn't use it's CallbackInfo
[12:26:26] [main/DEBUG] (FabricLoader/Mixin) fabric-gametest-api-v1.mixins.json:StructureTemplateManagerMixin from mod fabric-gametest-api-v1->@Inject::addFabricTemplateProvider(Lnet/minecraft/server/packs/resources/ResourceManager;Lnet/minecraft/world/level/storage/LevelStorageSource$LevelStorageAccess;Lcom/mojang/datafixers/DataFixer;Lnet/minecraft/core/HolderGetter;Lorg/spongepowered/asm/mixin/injection/callback/CallbackInfo;)V has 0 override(s) in child classes
[12:26:26] [main/DEBUG] (FabricLoader/Mixin) fabric-gametest-api-v1.mixins.json:StructureTemplateManagerMixin from mod fabric-gametest-api-v1->@Inject::addFabricTemplateProvider(Lnet/minecraft/server/packs/resources/ResourceManager;Lnet/minecraft/world/level/storage/LevelStorageSource$LevelStorageAccess;Lcom/mojang/datafixers/DataFixer;Lnet/minecraft/core/HolderGetter;Lorg/spongepowered/asm/mixin/injection/callback/CallbackInfo;)V won't be passed a CallbackInfo as a result
[12:26:26] [main/DEBUG] (FabricLoader/Mixin) Mixing BiomeSourceMixin from fabric-biome-api-v1.mixins.json into net.minecraft.world.level.biome.BiomeSource
[12:26:26] [main/DEBUG] (FabricLoader/Mixin) Mixing MultiNoiseBiomeSourceMixin from fabric-biome-api-v1.mixins.json into net.minecraft.world.level.biome.MultiNoiseBiomeSource
[12:26:26] [main/DEBUG] (FabricLoader/Mixin) Mixing NetherBiomePresetMixin from fabric-biome-api-v1.mixins.json into net.minecraft.world.level.biome.MultiNoiseBiomeSourceParameterList$Preset$1
[12:26:26] [main/DEBUG] (FabricLoader/Mixin) fabric-biome-api-v1.mixins.json:NetherBiomePresetMixin from mod fabric-biome-api-v1->@Inject::apply(Ljava/util/function/Function;Lorg/spongepowered/asm/mixin/injection/callback/CallbackInfoReturnable;)V does use it's CallbackInfoReturnable
[12:26:26] [main/DEBUG] (FabricLoader/Mixin) Mixing RegistryOpsAccessor from fabric-resource-conditions-api-v1.mixins.json into net.minecraft.resources.RegistryOps
[12:26:26] [main/DEBUG] (FabricLoader/Mixin) Mixing TheEndBiomeSourceMixin from fabric-biome-api-v1.mixins.json into net.minecraft.world.level.biome.TheEndBiomeSource
[12:26:26] [main/DEBUG] (FabricLoader/Mixin) Renaming synthetic method lambda$init$1(Lnet/minecraft/core/HolderGetter;)Lnet/fabricmc/fabric/impl/biome/TheEndBiomeData$Overrides; to mdab7149$fabric-biome-api-v1$lambda$init$1$0 in fabric-biome-api-v1.mixins.json:TheEndBiomeSourceMixin from mod fabric-biome-api-v1
[12:26:26] [main/DEBUG] (FabricLoader/Mixin) Renaming synthetic method lambda$modifyCodec$0(Lcom/mojang/serialization/codecs/RecordCodecBuilder$Instance;)Lcom/mojang/datafixers/kinds/App; to mdab7149$fabric-biome-api-v1$lambda$modifyCodec$0$1 in fabric-biome-api-v1.mixins.json:TheEndBiomeSourceMixin from mod fabric-biome-api-v1
[12:26:26] [main/DEBUG] (FabricLoader/Mixin) fabric-biome-api-v1.mixins.json:TheEndBiomeSourceMixin from mod fabric-biome-api-v1->@Inject::modifyCodec(Lorg/spongepowered/asm/mixin/injection/callback/CallbackInfo;)V doesn't use it's CallbackInfo
[12:26:26] [main/DEBUG] (FabricLoader/Mixin) fabric-biome-api-v1.mixins.json:TheEndBiomeSourceMixin from mod fabric-biome-api-v1->@Inject::rememberLookup(Lnet/minecraft/core/HolderGetter;Lorg/spongepowered/asm/mixin/injection/callback/CallbackInfoReturnable;)V doesn't use it's CallbackInfoReturnable
[12:26:26] [main/DEBUG] (FabricLoader/Mixin) fabric-biome-api-v1.mixins.json:TheEndBiomeSourceMixin from mod fabric-biome-api-v1->@Inject::clearLookup(Lnet/minecraft/core/HolderGetter;Lorg/spongepowered/asm/mixin/injection/callback/CallbackInfoReturnable;)V doesn't use it's CallbackInfoReturnable
[12:26:26] [main/DEBUG] (FabricLoader/Mixin) fabric-biome-api-v1.mixins.json:TheEndBiomeSourceMixin from mod fabric-biome-api-v1->@Inject::init(Lnet/minecraft/core/Holder;Lnet/minecraft/core/Holder;Lnet/minecraft/core/Holder;Lnet/minecraft/core/Holder;Lnet/minecraft/core/Holder;Lorg/spongepowered/asm/mixin/injection/callback/CallbackInfo;)V doesn't use it's CallbackInfo
[12:26:26] [main/DEBUG] (FabricLoader/Mixin) fabric-biome-api-v1.mixins.json:TheEndBiomeSourceMixin from mod fabric-biome-api-v1->@Inject::init(Lnet/minecraft/core/Holder;Lnet/minecraft/core/Holder;Lnet/minecraft/core/Holder;Lnet/minecraft/core/Holder;Lnet/minecraft/core/Holder;Lorg/spongepowered/asm/mixin/injection/callback/CallbackInfo;)V has 0 override(s) in child classes
[12:26:26] [main/DEBUG] (FabricLoader/Mixin) fabric-biome-api-v1.mixins.json:TheEndBiomeSourceMixin from mod fabric-biome-api-v1->@Inject::init(Lnet/minecraft/core/Holder;Lnet/minecraft/core/Holder;Lnet/minecraft/core/Holder;Lnet/minecraft/core/Holder;Lnet/minecraft/core/Holder;Lorg/spongepowered/asm/mixin/injection/callback/CallbackInfo;)V won't be passed a CallbackInfo as a result
[12:26:26] [main/DEBUG] (FabricLoader/Mixin) fabric-biome-api-v1.mixins.json:TheEndBiomeSourceMixin from mod fabric-biome-api-v1->@Inject::getWeightedEndBiome(IIILnet/minecraft/world/level/biome/Climate$Sampler;Lorg/spongepowered/asm/mixin/injection/callback/CallbackInfoReturnable;)V does use it's CallbackInfoReturnable
[12:26:26] [main/DEBUG] (FabricLoader/Mixin) fabric-biome-api-v1.mixins.json:TheEndBiomeSourceMixin from mod fabric-biome-api-v1->@Inject::getWeightedEndBiome(IIILnet/minecraft/world/level/biome/Climate$Sampler;Lorg/spongepowered/asm/mixin/injection/callback/CallbackInfoReturnable;)V does use it's CallbackInfoReturnable
[12:26:26] [main/DEBUG] (FabricLoader/Mixin) fabric-biome-api-v1.mixins.json:TheEndBiomeSourceMixin from mod fabric-biome-api-v1->@Inject::getWeightedEndBiome(IIILnet/minecraft/world/level/biome/Climate$Sampler;Lorg/spongepowered/asm/mixin/injection/callback/CallbackInfoReturnable;)V does use it's CallbackInfoReturnable
[12:26:26] [main/DEBUG] (FabricLoader/Mixin) fabric-biome-api-v1.mixins.json:TheEndBiomeSourceMixin from mod fabric-biome-api-v1->@Inject::getWeightedEndBiome(IIILnet/minecraft/world/level/biome/Climate$Sampler;Lorg/spongepowered/asm/mixin/injection/callback/CallbackInfoReturnable;)V does use it's CallbackInfoReturnable
[12:26:26] [main/DEBUG] (FabricLoader/Mixin) fabric-biome-api-v1.mixins.json:TheEndBiomeSourceMixin from mod fabric-biome-api-v1->@Inject::getWeightedEndBiome(IIILnet/minecraft/world/level/biome/Climate$Sampler;Lorg/spongepowered/asm/mixin/injection/callback/CallbackInfoReturnable;)V does use it's CallbackInfoReturnable
[12:26:26] [main/DEBUG] (FabricLoader/Mixin) Mixing DebugChunkGeneratorAccessor from fabric-registry-sync-v0.mixins.json into net.minecraft.world.level.levelgen.DebugLevelSource
[12:26:26] [main/DEBUG] (FabricLoader/Mixin) Renaming @Accessor method setBLOCK_STATES(Ljava/util/List;)V to setBLOCK_STATES$fabric-registry-sync-v0_$md$ab7149$0 in fabric-registry-sync-v0.mixins.json:DebugChunkGeneratorAccessor from mod fabric-registry-sync-v0
[12:26:26] [main/DEBUG] (FabricLoader/Mixin) Renaming @Accessor method setX_SIDE_LENGTH(I)V to setX_SIDE_LENGTH$fabric-registry-sync-v0_$md$ab7149$1 in fabric-registry-sync-v0.mixins.json:DebugChunkGeneratorAccessor from mod fabric-registry-sync-v0
[12:26:26] [main/DEBUG] (FabricLoader/Mixin) Renaming @Accessor method setZ_SIDE_LENGTH(I)V to setZ_SIDE_LENGTH$fabric-registry-sync-v0_$md$ab7149$2 in fabric-registry-sync-v0.mixins.json:DebugChunkGeneratorAccessor from mod fabric-registry-sync-v0
[12:26:27] [main/DEBUG] (FabricLoader/Mixin) Mixing GameRuleRpcDispatcherTypedRuleMixin from fabric-game-rule-api-v1.mixins.json into net.minecraft.server.jsonrpc.methods.GameRulesService$TypedRule
[12:26:27] [main/DEBUG] (FabricLoader/Mixin) Renaming synthetic method lambda$static$3(Lnet/minecraft/server/jsonrpc/methods/GameRulesService$TypedRule;)Lcom/mojang/datafixers/util/Either; to mdab7149$fabric-game-rule-api-v1$lambda$static$3$0 in fabric-game-rule-api-v1.mixins.json:GameRuleRpcDispatcherTypedRuleMixin from mod fabric-game-rule-api-v1
[12:26:27] [main/DEBUG] (FabricLoader/Mixin) Renaming synthetic method lambda$static$2(Lcom/mojang/datafixers/util/Either;)Lnet/minecraft/server/jsonrpc/methods/GameRulesService$TypedRule; to mdab7149$fabric-game-rule-api-v1$lambda$static$2$1 in fabric-game-rule-api-v1.mixins.json:GameRuleRpcDispatcherTypedRuleMixin from mod fabric-game-rule-api-v1
[12:26:27] [main/DEBUG] (FabricLoader/Mixin) Renaming synthetic method lambda$static$1(Lcom/mojang/serialization/codecs/RecordCodecBuilder$Instance;)Lcom/mojang/datafixers/kinds/App; to mdab7149$fabric-game-rule-api-v1$lambda$static$1$2 in fabric-game-rule-api-v1.mixins.json:GameRuleRpcDispatcherTypedRuleMixin from mod fabric-game-rule-api-v1
[12:26:27] [main/DEBUG] (FabricLoader/Mixin) Renaming synthetic method lambda$static$0(Lnet/minecraft/server/jsonrpc/methods/GameRulesService$TypedRule;)Lnet/fabricmc/fabric/impl/gamerule/rpc/FabricGameRuleType; to mdab7149$fabric-game-rule-api-v1$lambda$static$0$3 in fabric-game-rule-api-v1.mixins.json:GameRuleRpcDispatcherTypedRuleMixin from mod fabric-game-rule-api-v1
[12:26:27] [main/DEBUG] (FabricLoader/Mixin) Mixing GameRulesBooleanRuleAccessor from fabric-game-rule-api-v1.mixins.json into net.minecraft.world.level.GameRules$BooleanValue
[12:26:27] [main/DEBUG] (FabricLoader/Mixin) Renaming @Invoker method invokeCreate(ZLjava/util/function/BiConsumer;)Lnet/minecraft/world/level/GameRules$Type; to invokeCreate$fabric-game-rule-api-v1_$md$ab7149$0 in fabric-game-rule-api-v1.mixins.json:GameRulesBooleanRuleAccessor from mod fabric-game-rule-api-v1
[12:26:27] [main/DEBUG] (FabricLoader/Mixin) Mixing GameRulesAccessor from fabric-game-rule-api-v1.mixins.json into net.minecraft.world.level.GameRules
[12:26:27] [main/DEBUG] (FabricLoader/Mixin) Renaming @Invoker method callRegister(Ljava/lang/String;Lnet/minecraft/world/level/GameRules$Category;Lnet/minecraft/world/level/GameRules$Type;)Lnet/minecraft/world/level/GameRules$Key; to callRegister$fabric-game-rule-api-v1_$md$ab7149$0 in fabric-game-rule-api-v1.mixins.json:GameRulesAccessor from mod fabric-game-rule-api-v1
[12:26:27] [main/DEBUG] (FabricLoader/Mixin) Renaming @Accessor method getRuleTypes()Ljava/util/Map; to getRuleTypes$fabric-game-rule-api-v1_$md$ab7149$1 in fabric-game-rule-api-v1.mixins.json:GameRulesAccessor from mod fabric-game-rule-api-v1
[12:26:27] [main/DEBUG] (FabricLoader/Mixin) Mixing GameRulesKeyMixin from fabric-game-rule-api-v1.mixins.json into net.minecraft.world.level.GameRules$Key
[12:26:27] [main/DEBUG] (FabricLoader/Mixin) Mixing MinecraftServerMixin from fabric-resource-loader-v0.mixins.json into net.minecraft.server.MinecraftServer
[12:26:27] [main/DEBUG] (FabricLoader/Mixin) Renaming synthetic method lambda$init$0(Lnet/minecraft/server/packs/PackResources;)Ljava/util/stream/Stream; to mdab7149$fabric-resource-loader-v0$lambda$init$0$0 in fabric-resource-loader-v0.mixins.json:MinecraftServerMixin from mod fabric-resource-loader-v0
[12:26:27] [main/DEBUG] (FabricLoader/Mixin) Mixing modification.MinecraftServerMixin from fabric-biome-api-v1.mixins.json into net.minecraft.server.MinecraftServer
[12:26:27] [main/DEBUG] (FabricLoader/Mixin) Mixing MinecraftServerMixin from fabric-lifecycle-events-v1.mixins.json into net.minecraft.server.MinecraftServer
[12:26:27] [main/DEBUG] (FabricLoader/Mixin) Renaming synthetic method lambda$endResourceReload$0(Ljava/lang/Void;Ljava/lang/Throwable;)Ljava/lang/Void; to mdab7149$fabric-lifecycle-events-v1$lambda$endResourceReload$0$1 in fabric-lifecycle-events-v1.mixins.json:MinecraftServerMixin from mod fabric-lifecycle-events-v1
[12:26:27] [main/DEBUG] (FabricLoader/Mixin) Mixing MinecraftServerMixin from fabric-message-api-v1.mixins.json into net.minecraft.server.MinecraftServer
[12:26:27] [main/DEBUG] (FabricLoader/Mixin) Renaming synthetic method lambda$onGetChatDecorator$0(Lnet/minecraft/server/level/ServerPlayer;Lnet/minecraft/network/chat/Component;)Lnet/minecraft/network/chat/Component; to mdab7149$fabric-message-api-v1$lambda$onGetChatDecorator$0$2 in fabric-message-api-v1.mixins.json:MinecraftServerMixin from mod fabric-message-api-v1
[12:26:27] [main/DEBUG] (FabricLoader/Mixin) Mixing MinecraftServerMixin from fabric-resource-loader-v1.mixins.json into net.minecraft.server.MinecraftServer
[12:26:27] [main/DEBUG] (FabricLoader/Mixin) fabric-resource-loader-v0.mixins.json:MinecraftServerMixin from mod fabric-resource-loader-v0->@Inject::init(Ljava/lang/Thread;Lnet/minecraft/world/level/storage/LevelStorageSource$LevelStorageAccess;Lnet/minecraft/server/packs/repository/PackRepository;Lnet/minecraft/server/WorldStem;Ljava/net/Proxy;Lcom/mojang/datafixers/DataFixer;Lnet/minecraft/server/Services;Lnet/minecraft/server/level/progress/LevelLoadListener;Lorg/spongepowered/asm/mixin/injection/callback/CallbackInfo;)V doesn't use it's CallbackInfo
[12:26:27] [main/DEBUG] (FabricLoader/Mixin) fabric-resource-loader-v0.mixins.json:MinecraftServerMixin from mod fabric-resource-loader-v0->@Inject::init(Ljava/lang/Thread;Lnet/minecraft/world/level/storage/LevelStorageSource$LevelStorageAccess;Lnet/minecraft/server/packs/repository/PackRepository;Lnet/minecraft/server/WorldStem;Ljava/net/Proxy;Lcom/mojang/datafixers/DataFixer;Lnet/minecraft/server/Services;Lnet/minecraft/server/level/progress/LevelLoadListener;Lorg/spongepowered/asm/mixin/injection/callback/CallbackInfo;)V has 0 override(s) in child classes
[12:26:27] [main/DEBUG] (FabricLoader/Mixin) fabric-resource-loader-v0.mixins.json:MinecraftServerMixin from mod fabric-resource-loader-v0->@Inject::init(Ljava/lang/Thread;Lnet/minecraft/world/level/storage/LevelStorageSource$LevelStorageAccess;Lnet/minecraft/server/packs/repository/PackRepository;Lnet/minecraft/server/WorldStem;Ljava/net/Proxy;Lcom/mojang/datafixers/DataFixer;Lnet/minecraft/server/Services;Lnet/minecraft/server/level/progress/LevelLoadListener;Lorg/spongepowered/asm/mixin/injection/callback/CallbackInfo;)V won't be passed a CallbackInfo as a result
[12:26:27] [main/DEBUG] (FabricLoader/Mixin) fabric-biome-api-v1.mixins.json:modification.MinecraftServerMixin from mod fabric-biome-api-v1->@Inject::finalizeWorldGen(Lorg/spongepowered/asm/mixin/injection/callback/CallbackInfo;)V doesn't use it's CallbackInfo
[12:26:27] [main/DEBUG] (FabricLoader/Mixin) fabric-biome-api-v1.mixins.json:modification.MinecraftServerMixin from mod fabric-biome-api-v1->@Inject::finalizeWorldGen(Lorg/spongepowered/asm/mixin/injection/callback/CallbackInfo;)V has 0 override(s) in child classes
[12:26:27] [main/DEBUG] (FabricLoader/Mixin) fabric-biome-api-v1.mixins.json:modification.MinecraftServerMixin from mod fabric-biome-api-v1->@Inject::finalizeWorldGen(Lorg/spongepowered/asm/mixin/injection/callback/CallbackInfo;)V won't be passed a CallbackInfo as a result
[12:26:27] [main/DEBUG] (FabricLoader/Mixin) fabric-lifecycle-events-v1.mixins.json:MinecraftServerMixin from mod fabric-lifecycle-events-v1->@Inject::beforeSetupServer(Lorg/spongepowered/asm/mixin/injection/callback/CallbackInfo;)V doesn't use it's CallbackInfo
[12:26:27] [main/DEBUG] (FabricLoader/Mixin) fabric-lifecycle-events-v1.mixins.json:MinecraftServerMixin from mod fabric-lifecycle-events-v1->@Inject::beforeSetupServer(Lorg/spongepowered/asm/mixin/injection/callback/CallbackInfo;)V has 0 override(s) in child classes
[12:26:27] [main/DEBUG] (FabricLoader/Mixin) fabric-lifecycle-events-v1.mixins.json:MinecraftServerMixin from mod fabric-lifecycle-events-v1->@Inject::beforeSetupServer(Lorg/spongepowered/asm/mixin/injection/callback/CallbackInfo;)V won't be passed a CallbackInfo as a result
[12:26:27] [main/DEBUG] (FabricLoader/Mixin) fabric-lifecycle-events-v1.mixins.json:MinecraftServerMixin from mod fabric-lifecycle-events-v1->@Inject::afterSetupServer(Lorg/spongepowered/asm/mixin/injection/callback/CallbackInfo;)V doesn't use it's CallbackInfo
[12:26:27] [main/DEBUG] (FabricLoader/Mixin) fabric-lifecycle-events-v1.mixins.json:MinecraftServerMixin from mod fabric-lifecycle-events-v1->@Inject::afterSetupServer(Lorg/spongepowered/asm/mixin/injection/callback/CallbackInfo;)V has 0 override(s) in child classes
[12:26:27] [main/DEBUG] (FabricLoader/Mixin) fabric-lifecycle-events-v1.mixins.json:MinecraftServerMixin from mod fabric-lifecycle-events-v1->@Inject::afterSetupServer(Lorg/spongepowered/asm/mixin/injection/callback/CallbackInfo;)V won't be passed a CallbackInfo as a result
[12:26:27] [main/DEBUG] (FabricLoader/Mixin) fabric-lifecycle-events-v1.mixins.json:MinecraftServerMixin from mod fabric-lifecycle-events-v1->@Inject::beforeShutdownServer(Lorg/spongepowered/asm/mixin/injection/callback/CallbackInfo;)V doesn't use it's CallbackInfo
[12:26:27] [main/DEBUG] (FabricLoader/Mixin) fabric-lifecycle-events-v1.mixins.json:MinecraftServerMixin from mod fabric-lifecycle-events-v1->@Inject::beforeShutdownServer(Lorg/spongepowered/asm/mixin/injection/callback/CallbackInfo;)V has 0 override(s) in child classes
[12:26:27] [main/DEBUG] (FabricLoader/Mixin) fabric-lifecycle-events-v1.mixins.json:MinecraftServerMixin from mod fabric-lifecycle-events-v1->@Inject::beforeShutdownServer(Lorg/spongepowered/asm/mixin/injection/callback/CallbackInfo;)V won't be passed a CallbackInfo as a result
[12:26:27] [main/DEBUG] (FabricLoader/Mixin) fabric-lifecycle-events-v1.mixins.json:MinecraftServerMixin from mod fabric-lifecycle-events-v1->@Inject::afterShutdownServer(Lorg/spongepowered/asm/mixin/injection/callback/CallbackInfo;)V doesn't use it's CallbackInfo
[12:26:27] [main/DEBUG] (FabricLoader/Mixin) fabric-lifecycle-events-v1.mixins.json:MinecraftServerMixin from mod fabric-lifecycle-events-v1->@Inject::afterShutdownServer(Lorg/spongepowered/asm/mixin/injection/callback/CallbackInfo;)V has 0 override(s) in child classes
[12:26:27] [main/DEBUG] (FabricLoader/Mixin) fabric-lifecycle-events-v1.mixins.json:MinecraftServerMixin from mod fabric-lifecycle-events-v1->@Inject::afterShutdownServer(Lorg/spongepowered/asm/mixin/injection/callback/CallbackInfo;)V won't be passed a CallbackInfo as a result
[12:26:27] [main/DEBUG] (FabricLoader/Mixin) fabric-lifecycle-events-v1.mixins.json:MinecraftServerMixin from mod fabric-lifecycle-events-v1->@Inject::onStartTick(Ljava/util/function/BooleanSupplier;Lorg/spongepowered/asm/mixin/injection/callback/CallbackInfo;)V doesn't use it's CallbackInfo
[12:26:27] [main/DEBUG] (FabricLoader/Mixin) fabric-lifecycle-events-v1.mixins.json:MinecraftServerMixin from mod fabric-lifecycle-events-v1->@Inject::onStartTick(Ljava/util/function/BooleanSupplier;Lorg/spongepowered/asm/mixin/injection/callback/CallbackInfo;)V has 0 override(s) in child classes
[12:26:27] [main/DEBUG] (FabricLoader/Mixin) fabric-lifecycle-events-v1.mixins.json:MinecraftServerMixin from mod fabric-lifecycle-events-v1->@Inject::onStartTick(Ljava/util/function/BooleanSupplier;Lorg/spongepowered/asm/mixin/injection/callback/CallbackInfo;)V won't be passed a CallbackInfo as a result
[12:26:27] [main/DEBUG] (FabricLoader/Mixin) fabric-lifecycle-events-v1.mixins.json:MinecraftServerMixin from mod fabric-lifecycle-events-v1->@Inject::onEndTick(Ljava/util/function/BooleanSupplier;Lorg/spongepowered/asm/mixin/injection/callback/CallbackInfo;)V doesn't use it's CallbackInfo
[12:26:27] [main/DEBUG] (FabricLoader/Mixin) fabric-lifecycle-events-v1.mixins.json:MinecraftServerMixin from mod fabric-lifecycle-events-v1->@Inject::onEndTick(Ljava/util/function/BooleanSupplier;Lorg/spongepowered/asm/mixin/injection/callback/CallbackInfo;)V has 0 override(s) in child classes
[12:26:27] [main/DEBUG] (FabricLoader/Mixin) fabric-lifecycle-events-v1.mixins.json:MinecraftServerMixin from mod fabric-lifecycle-events-v1->@Inject::onEndTick(Ljava/util/function/BooleanSupplier;Lorg/spongepowered/asm/mixin/injection/callback/CallbackInfo;)V won't be passed a CallbackInfo as a result
[12:26:27] [main/DEBUG] (FabricLoader/Mixin) fabric-lifecycle-events-v1.mixins.json:MinecraftServerMixin from mod fabric-lifecycle-events-v1->@Inject::onUnloadWorldAtShutdown(Lorg/spongepowered/asm/mixin/injection/callback/CallbackInfo;)V doesn't use it's CallbackInfo
[12:26:27] [main/DEBUG] (FabricLoader/Mixin) fabric-lifecycle-events-v1.mixins.json:MinecraftServerMixin from mod fabric-lifecycle-events-v1->@Inject::onUnloadWorldAtShutdown(Lorg/spongepowered/asm/mixin/injection/callback/CallbackInfo;)V has 0 override(s) in child classes
[12:26:27] [main/DEBUG] (FabricLoader/Mixin) fabric-lifecycle-events-v1.mixins.json:MinecraftServerMixin from mod fabric-lifecycle-events-v1->@Inject::onUnloadWorldAtShutdown(Lorg/spongepowered/asm/mixin/injection/callback/CallbackInfo;)V won't be passed a CallbackInfo as a result
[12:26:27] [main/DEBUG] (FabricLoader/Mixin) fabric-lifecycle-events-v1.mixins.json:MinecraftServerMixin from mod fabric-lifecycle-events-v1->@Inject::startResourceReload(Ljava/util/Collection;Lorg/spongepowered/asm/mixin/injection/callback/CallbackInfoReturnable;)V doesn't use it's CallbackInfoReturnable
[12:26:27] [main/DEBUG] (FabricLoader/Mixin) fabric-lifecycle-events-v1.mixins.json:MinecraftServerMixin from mod fabric-lifecycle-events-v1->@Inject::startResourceReload(Ljava/util/Collection;Lorg/spongepowered/asm/mixin/injection/callback/CallbackInfoReturnable;)V has 0 override(s) in child classes
[12:26:27] [main/DEBUG] (FabricLoader/Mixin) fabric-lifecycle-events-v1.mixins.json:MinecraftServerMixin from mod fabric-lifecycle-events-v1->@Inject::startResourceReload(Ljava/util/Collection;Lorg/spongepowered/asm/mixin/injection/callback/CallbackInfoReturnable;)V won't be passed a CallbackInfoReturnable as a result
[12:26:27] [main/DEBUG] (FabricLoader/Mixin) fabric-lifecycle-events-v1.mixins.json:MinecraftServerMixin from mod fabric-lifecycle-events-v1->@Inject::endResourceReload(Ljava/util/Collection;Lorg/spongepowered/asm/mixin/injection/callback/CallbackInfoReturnable;)V does use it's CallbackInfoReturnable
[12:26:27] [main/DEBUG] (FabricLoader/Mixin) fabric-lifecycle-events-v1.mixins.json:MinecraftServerMixin from mod fabric-lifecycle-events-v1->@Inject::startSave(ZZZLorg/spongepowered/asm/mixin/injection/callback/CallbackInfoReturnable;)V doesn't use it's CallbackInfoReturnable
[12:26:27] [main/DEBUG] (FabricLoader/Mixin) fabric-lifecycle-events-v1.mixins.json:MinecraftServerMixin from mod fabric-lifecycle-events-v1->@Inject::startSave(ZZZLorg/spongepowered/asm/mixin/injection/callback/CallbackInfoReturnable;)V has 0 override(s) in child classes
[12:26:27] [main/DEBUG] (FabricLoader/Mixin) fabric-lifecycle-events-v1.mixins.json:MinecraftServerMixin from mod fabric-lifecycle-events-v1->@Inject::startSave(ZZZLorg/spongepowered/asm/mixin/injection/callback/CallbackInfoReturnable;)V won't be passed a CallbackInfoReturnable as a result
[12:26:27] [main/DEBUG] (FabricLoader/Mixin) fabric-lifecycle-events-v1.mixins.json:MinecraftServerMixin from mod fabric-lifecycle-events-v1->@Inject::endSave(ZZZLorg/spongepowered/asm/mixin/injection/callback/CallbackInfoReturnable;)V doesn't use it's CallbackInfoReturnable
[12:26:27] [main/DEBUG] (FabricLoader/Mixin) fabric-lifecycle-events-v1.mixins.json:MinecraftServerMixin from mod fabric-lifecycle-events-v1->@Inject::endSave(ZZZLorg/spongepowered/asm/mixin/injection/callback/CallbackInfoReturnable;)V has 0 override(s) in child classes
[12:26:27] [main/DEBUG] (FabricLoader/Mixin) fabric-lifecycle-events-v1.mixins.json:MinecraftServerMixin from mod fabric-lifecycle-events-v1->@Inject::endSave(ZZZLorg/spongepowered/asm/mixin/injection/callback/CallbackInfoReturnable;)V won't be passed a CallbackInfoReturnable as a result
[12:26:27] [main/DEBUG] (FabricLoader/Mixin) fabric-message-api-v1.mixins.json:MinecraftServerMixin from mod fabric-message-api-v1->@Inject::onGetChatDecorator(Lorg/spongepowered/asm/mixin/injection/callback/CallbackInfoReturnable;)V does use it's CallbackInfoReturnable
[12:26:27] [main/DEBUG] (FabricLoader/Mixin) Mixing client.item.BasicItemModelUnbakedMixin from fabric-renderer-api-v1.mixins.json into net.minecraft.client.renderer.item.BlockModelWrapper$Unbaked
[12:26:27] [main/DEBUG] (FabricLoader/Mixin) Mixing client.item.BasicItemModelMixin from fabric-renderer-api-v1.mixins.json into net.minecraft.client.renderer.item.BlockModelWrapper
[12:26:27] [main/DEBUG] (FabricLoader/Mixin) Renaming synthetic method lambda$fabric_setMesh$0(Lnet/fabricmc/fabric/api/renderer/v1/model/SpriteFinder;Lnet/fabricmc/fabric/api/renderer/v1/mesh/QuadView;)V to mdab7149$fabric-renderer-api-v1$lambda$fabric_setMesh$0$0 in fabric-renderer-api-v1.mixins.json:client.item.BasicItemModelMixin from mod fabric-renderer-api-v1
[12:26:27] [main/DEBUG] (FabricLoader/Mixin) fabric-renderer-api-v1.mixins.json:client.item.BasicItemModelMixin from mod fabric-renderer-api-v1->@Inject::onReturnUpdate(Lorg/spongepowered/asm/mixin/injection/callback/CallbackInfo;)V doesn't use it's CallbackInfo
[12:26:27] [main/DEBUG] (FabricLoader/Mixin) fabric-renderer-api-v1.mixins.json:client.item.BasicItemModelMixin from mod fabric-renderer-api-v1->@Inject::onReturnUpdate(Lorg/spongepowered/asm/mixin/injection/callback/CallbackInfo;)V has 0 override(s) in child classes
[12:26:27] [main/DEBUG] (FabricLoader/Mixin) fabric-renderer-api-v1.mixins.json:client.item.BasicItemModelMixin from mod fabric-renderer-api-v1->@Inject::onReturnUpdate(Lorg/spongepowered/asm/mixin/injection/callback/CallbackInfo;)V won't be passed a CallbackInfo as a result
[12:26:27] [main/DEBUG] (FabricLoader/Mixin) Mixing SpecialModelTypesMixin from fabric-rendering-v1.mixins.json into net.minecraft.client.renderer.special.SpecialModelRenderers
[12:26:27] [main/DEBUG] (FabricLoader/Mixin) fabric-rendering-v1.mixins.json:SpecialModelTypesMixin from mod fabric-rendering-v1->@Inject::onReturnClinit(Lorg/spongepowered/asm/mixin/injection/callback/CallbackInfo;)V doesn't use it's CallbackInfo
[12:26:27] [main/DEBUG] (FabricLoader/Mixin) Mixing TexturedRenderLayersMixin from fabric-object-builder-v1.client.mixins.json into net.minecraft.client.renderer.Sheets
[12:26:27] [main/DEBUG] (FabricLoader/Mixin) fabric-object-builder-v1.client.mixins.json:TexturedRenderLayersMixin from mod fabric-object-builder-api-v1->@Inject::onReturnClinit(Lorg/spongepowered/asm/mixin/injection/callback/CallbackInfo;)V doesn't use it's CallbackInfo
[12:26:27] [main/DEBUG] (FabricLoader/Mixin) Mixing skip_text_translucency_sorting.MixinRenderLayer from immediatelyfast-common.mixins.json into net.minecraft.client.renderer.RenderType
[12:26:27] [main/DEBUG] (FabricLoader/Mixin) Mixing MixinRenderType2 from mixins.iris.json into net.minecraft.client.renderer.RenderType
[12:26:27] [main/DEBUG] (FabricLoader/Mixin) mixins.iris.json:MixinRenderType2 from mod iris: Class version 65 required is higher than the class version supported by the current version of Mixin (JAVA_8 supports class version 52)
[12:26:27] [main/DEBUG] (FabricLoader/Mixin) Mixing rendertype.RenderTypeAccessor from mixins.iris.json into net.minecraft.client.renderer.RenderType
[12:26:27] [main/DEBUG] (FabricLoader/Mixin) mixins.iris.json:rendertype.RenderTypeAccessor from mod iris: Class version 65 required is higher than the class version supported by the current version of Mixin (JAVA_8 supports class version 52)
[12:26:27] [main/DEBUG] (FabricLoader/Mixin) mixins.iris.json:MixinRenderType2 from mod iris->@Inject::iris$writeRainAndSnowToDepthBuffer(Lnet/minecraft/resources/ResourceLocation;ZLorg/spongepowered/asm/mixin/injection/callback/CallbackInfoReturnable;)V does use it's CallbackInfoReturnable
[12:26:27] [main/DEBUG] (FabricLoader/Mixin) Mixing rendertype.RenderStateShardAccessor from mixins.iris.json into net.minecraft.client.renderer.RenderStateShard
[12:26:27] [main/DEBUG] (FabricLoader/Mixin) mixins.iris.json:rendertype.RenderStateShardAccessor from mod iris: Class version 65 required is higher than the class version supported by the current version of Mixin (JAVA_8 supports class version 52)
[12:26:27] [main/DEBUG] (FabricLoader/Mixin) Mixing MixinRenderType from mixins.iris.json into net.minecraft.client.renderer.RenderType$CompositeRenderType
[12:26:27] [main/DEBUG] (FabricLoader/Mixin) mixins.iris.json:MixinRenderType from mod iris: Class version 65 required is higher than the class version supported by the current version of Mixin (JAVA_8 supports class version 52)
[12:26:27] [main/DEBUG] (FabricLoader/Mixin) Mixing texture.TextureAtlasAccessor from mixins.iris.json into net.minecraft.client.renderer.texture.TextureAtlas
[12:26:27] [main/DEBUG] (FabricLoader/Mixin) mixins.iris.json:texture.TextureAtlasAccessor from mod iris: Class version 65 required is higher than the class version supported by the current version of Mixin (JAVA_8 supports class version 52)
[12:26:27] [main/DEBUG] (FabricLoader/Mixin) Mixing texture.pbr.MixinTextureAtlas from mixins.iris.json into net.minecraft.client.renderer.texture.TextureAtlas
[12:26:27] [main/DEBUG] (FabricLoader/Mixin) mixins.iris.json:texture.pbr.MixinTextureAtlas from mod iris: Class version 65 required is higher than the class version supported by the current version of Mixin (JAVA_8 supports class version 52)
[12:26:27] [main/DEBUG] (FabricLoader/Mixin) Mixing SpriteAtlasHolderInvoker from gammautils.mixins.json into net.minecraft.client.renderer.texture.TextureAtlas
[12:26:27] [main/DEBUG] (FabricLoader/Mixin) Mixing core.render.TextureAtlasMixin from sodium-common.mixins.json into net.minecraft.client.renderer.texture.TextureAtlas
[12:26:27] [main/DEBUG] (FabricLoader/Mixin) sodium-common.mixins.json:core.render.TextureAtlasMixin from mod sodium: Class version 65 required is higher than the class version supported by the current version of Mixin (JAVA_17 supports class version 61)
[12:26:27] [main/DEBUG] (FabricLoader/Mixin) Mixing core.render.texture.TextureAtlasAccessor from sodium-common.mixins.json into net.minecraft.client.renderer.texture.TextureAtlas
[12:26:27] [main/DEBUG] (FabricLoader/Mixin) sodium-common.mixins.json:core.render.texture.TextureAtlasAccessor from mod sodium: Class version 65 required is higher than the class version supported by the current version of Mixin (JAVA_17 supports class version 61)
[12:26:27] [main/DEBUG] (FabricLoader/Mixin) Mixing features.textures.animations.tracking.TextureAtlasMixin from sodium-common.mixins.json into net.minecraft.client.renderer.texture.TextureAtlas
[12:26:27] [main/DEBUG] (FabricLoader/Mixin) sodium-common.mixins.json:features.textures.animations.tracking.TextureAtlasMixin from mod sodium: Class version 65 required is higher than the class version supported by the current version of Mixin (JAVA_17 supports class version 61)
[12:26:27] [main/DEBUG] (FabricLoader/Mixin) Mixing client.sprite.SpriteAtlasTextureMixin from fabric-renderer-api-v1.mixins.json into net.minecraft.client.renderer.texture.TextureAtlas
[12:26:27] [main/DEBUG] (FabricLoader/Mixin) mixins.iris.json:texture.pbr.MixinTextureAtlas from mod iris->@Inject::iris$onTailCycleAnimationFrames(Lorg/spongepowered/asm/mixin/injection/callback/CallbackInfo;)V doesn't use it's CallbackInfo
[12:26:27] [main/DEBUG] (FabricLoader/Mixin) mixins.iris.json:texture.pbr.MixinTextureAtlas from mod iris->@Inject::iris$onTailCycleAnimationFrames(Lorg/spongepowered/asm/mixin/injection/callback/CallbackInfo;)V has 0 override(s) in child classes
[12:26:27] [main/DEBUG] (FabricLoader/Mixin) mixins.iris.json:texture.pbr.MixinTextureAtlas from mod iris->@Inject::iris$onTailCycleAnimationFrames(Lorg/spongepowered/asm/mixin/injection/callback/CallbackInfo;)V won't be passed a CallbackInfo as a result
[12:26:27] [main/DEBUG] (FabricLoader/Mixin) mixins.iris.json:texture.pbr.MixinTextureAtlas from mod iris->@Inject::iris$onUpload(Lorg/spongepowered/asm/mixin/injection/callback/CallbackInfo;)V doesn't use it's CallbackInfo
[12:26:27] [main/DEBUG] (FabricLoader/Mixin) mixins.iris.json:texture.pbr.MixinTextureAtlas from mod iris->@Inject::iris$onUpload(Lorg/spongepowered/asm/mixin/injection/callback/CallbackInfo;)V has 0 override(s) in child classes
[12:26:27] [main/DEBUG] (FabricLoader/Mixin) mixins.iris.json:texture.pbr.MixinTextureAtlas from mod iris->@Inject::iris$onUpload(Lorg/spongepowered/asm/mixin/injection/callback/CallbackInfo;)V won't be passed a CallbackInfo as a result
[12:26:27] [main/DEBUG] (FabricLoader/Mixin) sodium-common.mixins.json:core.render.TextureAtlasMixin from mod sodium->@Inject::sodium$deleteSpriteFinder(Lnet/minecraft/client/renderer/texture/SpriteLoader$Preparations;Lorg/spongepowered/asm/mixin/injection/callback/CallbackInfo;)V doesn't use it's CallbackInfo
[12:26:27] [main/DEBUG] (FabricLoader/Mixin) sodium-common.mixins.json:core.render.TextureAtlasMixin from mod sodium->@Inject::sodium$deleteSpriteFinder(Lnet/minecraft/client/renderer/texture/SpriteLoader$Preparations;Lorg/spongepowered/asm/mixin/injection/callback/CallbackInfo;)V has 0 override(s) in child classes
[12:26:27] [main/DEBUG] (FabricLoader/Mixin) sodium-common.mixins.json:core.render.TextureAtlasMixin from mod sodium->@Inject::sodium$deleteSpriteFinder(Lnet/minecraft/client/renderer/texture/SpriteLoader$Preparations;Lorg/spongepowered/asm/mixin/injection/callback/CallbackInfo;)V won't be passed a CallbackInfo as a result
[12:26:27] [main/DEBUG] (FabricLoader/Mixin) sodium-common.mixins.json:features.textures.animations.tracking.TextureAtlasMixin from mod sodium->@Inject::preReturnSprite(Lorg/spongepowered/asm/mixin/injection/callback/CallbackInfoReturnable;)V does use it's CallbackInfoReturnable
[12:26:27] [main/DEBUG] (FabricLoader/Mixin) fabric-renderer-api-v1.mixins.json:client.sprite.SpriteAtlasTextureMixin from mod fabric-renderer-api-v1->@Inject::uploadHook(Lnet/minecraft/client/renderer/texture/SpriteLoader$Preparations;Lorg/spongepowered/asm/mixin/injection/callback/CallbackInfo;)V doesn't use it's CallbackInfo
[12:26:27] [main/DEBUG] (FabricLoader/Mixin) fabric-renderer-api-v1.mixins.json:client.sprite.SpriteAtlasTextureMixin from mod fabric-renderer-api-v1->@Inject::uploadHook(Lnet/minecraft/client/renderer/texture/SpriteLoader$Preparations;Lorg/spongepowered/asm/mixin/injection/callback/CallbackInfo;)V has 0 override(s) in child classes
[12:26:27] [main/DEBUG] (FabricLoader/Mixin) fabric-renderer-api-v1.mixins.json:client.sprite.SpriteAtlasTextureMixin from mod fabric-renderer-api-v1->@Inject::uploadHook(Lnet/minecraft/client/renderer/texture/SpriteLoader$Preparations;Lorg/spongepowered/asm/mixin/injection/callback/CallbackInfo;)V won't be passed a CallbackInfo as a result
[12:26:27] [main/DEBUG] (FabricLoader/Mixin) Mixing texture.MixinAbstractTexture from mixins.iris.json into net.minecraft.client.renderer.texture.AbstractTexture
[12:26:27] [main/DEBUG] (FabricLoader/Mixin) mixins.iris.json:texture.MixinAbstractTexture from mod iris: Class version 65 required is higher than the class version supported by the current version of Mixin (JAVA_8 supports class version 52)
[12:26:27] [main/DEBUG] (FabricLoader/Mixin) mixins.iris.json:texture.MixinAbstractTexture from mod iris->@Inject::iris$afterGenerateId(Lorg/spongepowered/asm/mixin/injection/callback/CallbackInfoReturnable;)V does use it's CallbackInfoReturnable
[12:26:27] [main/DEBUG] (FabricLoader/Mixin) Mixing MixinGlStateManager from mixins.iris.json into com.mojang.blaze3d.systems.RenderSystem
[12:26:27] [main/DEBUG] (FabricLoader/Mixin) mixins.iris.json:MixinGlStateManager from mod iris: Class version 65 required is higher than the class version supported by the current version of Mixin (JAVA_8 supports class version 52)
[12:26:27] [main/DEBUG] (FabricLoader/Mixin) Mixing MixinRenderSystem from mixins.iris.json into com.mojang.blaze3d.systems.RenderSystem
[12:26:27] [main/DEBUG] (FabricLoader/Mixin) mixins.iris.json:MixinRenderSystem from mod iris: Class version 65 required is higher than the class version supported by the current version of Mixin (JAVA_8 supports class version 52)
[12:26:27] [main/DEBUG] (FabricLoader/Mixin) Mixing statelisteners.MixinRenderSystem from mixins.iris.json into com.mojang.blaze3d.systems.RenderSystem
[12:26:27] [main/DEBUG] (FabricLoader/Mixin) mixins.iris.json:statelisteners.MixinRenderSystem from mod iris: Class version 65 required is higher than the class version supported by the current version of Mixin (JAVA_8 supports class version 52)
[12:26:27] [main/DEBUG] (FabricLoader/Mixin) Renaming synthetic method lambda$static$1(Ljava/lang/Runnable;)V to mdab7149$iris$lambda$static$1$0 in mixins.iris.json:statelisteners.MixinRenderSystem from mod iris
[12:26:27] [main/DEBUG] (FabricLoader/Mixin) Renaming synthetic method lambda$static$0(Ljava/lang/Runnable;)V to mdab7149$iris$lambda$static$0$1 in mixins.iris.json:statelisteners.MixinRenderSystem from mod iris
[12:26:27] [main/DEBUG] (FabricLoader/Mixin) Mixing avoid_redundant_framebuffer_switching.MixinRenderSystem from immediatelyfast-common.mixins.json into com.mojang.blaze3d.systems.RenderSystem
[12:26:27] [main/DEBUG] (FabricLoader/Mixin) Mixing core.MixinRenderSystem from immediatelyfast-common.mixins.json into com.mojang.blaze3d.systems.RenderSystem
[12:26:27] [main/DEBUG] (FabricLoader/Mixin) Mixing workarounds.context_creation.RenderSystemMixin from sodium-common.mixins.json into com.mojang.blaze3d.systems.RenderSystem
[12:26:27] [main/DEBUG] (FabricLoader/Mixin) sodium-common.mixins.json:workarounds.context_creation.RenderSystemMixin from mod sodium: Class version 65 required is higher than the class version supported by the current version of Mixin (JAVA_17 supports class version 61)
[12:26:27] [main/DEBUG] (FabricLoader/Mixin) Renaming synthetic method lambda$preSwapBuffers$1(Lcom/mojang/blaze3d/platform/Window;)J to mdab7149$sodium$lambda$preSwapBuffers$1$2 in sodium-common.mixins.json:workarounds.context_creation.RenderSystemMixin from mod sodium
[12:26:27] [main/DEBUG] (FabricLoader/Mixin) Renaming synthetic method lambda$postContextReady$0(J)J to mdab7149$sodium$lambda$postContextReady$0$3 in sodium-common.mixins.json:workarounds.context_creation.RenderSystemMixin from mod sodium
[12:26:27] [main/DEBUG] (FabricLoader/Mixin) Mixing workarounds.event_loop.RenderSystemMixin from sodium-common.mixins.json into com.mojang.blaze3d.systems.RenderSystem
[12:26:27] [main/DEBUG] (FabricLoader/Mixin) sodium-common.mixins.json:workarounds.event_loop.RenderSystemMixin from mod sodium: Class version 65 required is higher than the class version supported by the current version of Mixin (JAVA_17 supports class version 61)
[12:26:27] [main/DEBUG] (FabricLoader/Mixin) mixins.iris.json:MixinRenderSystem from mod iris->@Inject::iris$onRendererInit(JIZLjava/util/function/BiFunction;ZLorg/spongepowered/asm/mixin/injection/callback/CallbackInfo;)V doesn't use it's CallbackInfo
[12:26:27] [main/DEBUG] (FabricLoader/Mixin) mixins.iris.json:MixinRenderSystem from mod iris->@Inject::_setShaderTexture(ILcom/mojang/blaze3d/textures/GpuTextureView;Lorg/spongepowered/asm/mixin/injection/callback/CallbackInfo;)V doesn't use it's CallbackInfo
[12:26:27] [main/DEBUG] (FabricLoader/Mixin) mixins.iris.json:statelisteners.MixinRenderSystem from mod iris->@Inject::iris$onFogStart(Lcom/mojang/blaze3d/buffers/GpuBufferSlice;Lorg/spongepowered/asm/mixin/injection/callback/CallbackInfo;)V doesn't use it's CallbackInfo
[12:26:27] [main/DEBUG] (FabricLoader/Mixin) immediatelyfast-common.mixins.json:avoid_redundant_framebuffer_switching.MixinRenderSystem from mod immediatelyfast->@Inject::unbindFramebufferBeforeSwappingBuffers(Lorg/spongepowered/asm/mixin/injection/callback/CallbackInfo;)V doesn't use it's CallbackInfo
[12:26:27] [main/DEBUG] (FabricLoader/Mixin) immediatelyfast-common.mixins.json:core.MixinRenderSystem from mod immediatelyfast->@Inject::initImmediatelyFast(Lorg/spongepowered/asm/mixin/injection/callback/CallbackInfo;)V doesn't use it's CallbackInfo
[12:26:27] [main/DEBUG] (FabricLoader/Mixin) immediatelyfast-common.mixins.json:core.MixinRenderSystem from mod immediatelyfast->@Inject::endFrame(Lorg/spongepowered/asm/mixin/injection/callback/CallbackInfo;)V doesn't use it's CallbackInfo
[12:26:27] [main/DEBUG] (FabricLoader/Mixin) sodium-common.mixins.json:workarounds.context_creation.RenderSystemMixin from mod sodium->@Inject::postContextReady(JIZLjava/util/function/BiFunction;ZLorg/spongepowered/asm/mixin/injection/callback/CallbackInfo;)V doesn't use it's CallbackInfo
[12:26:27] [main/DEBUG] (FabricLoader/Mixin) sodium-common.mixins.json:workarounds.context_creation.RenderSystemMixin from mod sodium->@Inject::preSwapBuffers(Lcom/mojang/blaze3d/platform/Window;Lcom/mojang/blaze3d/TracyFrameCapture;Lorg/spongepowered/asm/mixin/injection/callback/CallbackInfo;)V doesn't use it's CallbackInfo
[12:26:27] [main/DEBUG] (FabricLoader/Mixin) Mixing FramebufferMixin from cubes-without-borders.mixins.json into com.mojang.blaze3d.pipeline.RenderTarget
[12:26:27] [main/DEBUG] (FabricLoader/Mixin) Mixing MixinRenderTarget from mixins.iris.json into com.mojang.blaze3d.pipeline.RenderTarget
[12:26:27] [main/DEBUG] (FabricLoader/Mixin) mixins.iris.json:MixinRenderTarget from mod iris: Class version 65 required is higher than the class version supported by the current version of Mixin (JAVA_8 supports class version 52)
[12:26:27] [main/DEBUG] (FabricLoader/Mixin) Mixing state_tracking.MixinRenderTarget from mixins.iris.json into com.mojang.blaze3d.pipeline.RenderTarget
[12:26:27] [main/DEBUG] (FabricLoader/Mixin) mixins.iris.json:state_tracking.MixinRenderTarget from mod iris: Class version 65 required is higher than the class version supported by the current version of Mixin (JAVA_8 supports class version 52)
[12:26:27] [main/DEBUG] (FabricLoader/Mixin) Renaming synthetic method lambda$iris$onBindFramebuffer$0(ZLnet/irisshaders/iris/pipeline/WorldRenderingPipeline;)V to mdab7149$iris$lambda$iris$onBindFramebuffer$0$0 in mixins.iris.json:state_tracking.MixinRenderTarget from mod iris
[12:26:27] [main/DEBUG] (FabricLoader/Mixin) mixins.iris.json:MixinRenderTarget from mod iris->@Inject::iris$onDestroyBuffers(Lorg/spongepowered/asm/mixin/injection/callback/CallbackInfo;)V doesn't use it's CallbackInfo
[12:26:27] [main/DEBUG] (FabricLoader/Mixin) mixins.iris.json:MixinRenderTarget from mod iris->@Inject::iris$onDestroyBuffers(Lorg/spongepowered/asm/mixin/injection/callback/CallbackInfo;)V has 0 override(s) in child classes
[12:26:27] [main/DEBUG] (FabricLoader/Mixin) mixins.iris.json:MixinRenderTarget from mod iris->@Inject::iris$onDestroyBuffers(Lorg/spongepowered/asm/mixin/injection/callback/CallbackInfo;)V won't be passed a CallbackInfo as a result
[12:26:27] [main/DEBUG] (FabricLoader/Mixin) Mixing RenderPipelineSnippetMixin from fabric-rendering-v1.mixins.json into com.mojang.blaze3d.pipeline.RenderPipeline$Snippet
[12:26:27] [main/DEBUG] (FabricLoader/Mixin) Mixing MixinRenderPipeline from mixins.iris.json into com.mojang.blaze3d.pipeline.RenderPipeline
[12:26:27] [main/DEBUG] (FabricLoader/Mixin) mixins.iris.json:MixinRenderPipeline from mod iris: Class version 65 required is higher than the class version supported by the current version of Mixin (JAVA_8 supports class version 52)
[12:26:27] [main/DEBUG] (FabricLoader/Mixin) Mixing RenderPipelineMixin from fabric-rendering-v1.mixins.json into com.mojang.blaze3d.pipeline.RenderPipeline
[12:26:27] [main/DEBUG] (FabricLoader/Mixin) mixins.iris.json:MixinRenderPipeline from mod iris->@Inject::iris$change(Lorg/spongepowered/asm/mixin/injection/callback/CallbackInfoReturnable;)V does use it's CallbackInfoReturnable
[12:26:27] [main/DEBUG] (FabricLoader/Mixin) Mixing RenderPipelineBuilderMixin from fabric-rendering-v1.mixins.json into com.mojang.blaze3d.pipeline.RenderPipeline$Builder
[12:26:27] [main/DEBUG] (FabricLoader/Mixin) Renaming synthetic method lambda$copyUsePipelineDrawModeForGuiToSnippet$1(Lcom/llamalad7/mixinextras/injector/wrapoperation/Operation;Ljava/util/Optional;Ljava/util/Optional;Ljava/util/Optional;Ljava/util/Optional;Ljava/util/Optional;Ljava/util/Optional;Ljava/util/Optional;Ljava/util/Optional;Ljava/util/Optional;Ljava/util/Optional;Ljava/util/Optional;Ljava/util/Optional;Ljava/util/Optional;Ljava/util/Optional;Ljava/util/Optional;)Lcom/mojang/blaze3d/pipeline/RenderPipeline$Snippet; to mdab7149$fabric-rendering-v1$lambda$copyUsePipelineDrawModeForGuiToSnippet$1$0 in fabric-rendering-v1.mixins.json:RenderPipelineBuilderMixin from mod fabric-rendering-v1
[12:26:27] [main/DEBUG] (FabricLoader/Mixin) Renaming synthetic method lambda$copyUsePipelineDrawModeForGuiFromSnippet$0(Ljava/lang/Boolean;)V to mdab7149$fabric-rendering-v1$lambda$copyUsePipelineDrawModeForGuiFromSnippet$0$1 in fabric-rendering-v1.mixins.json:RenderPipelineBuilderMixin from mod fabric-rendering-v1
[12:26:27] [main/DEBUG] (FabricLoader/Mixin) fabric-rendering-v1.mixins.json:RenderPipelineBuilderMixin from mod fabric-rendering-v1->@Inject::copyUsePipelineDrawModeForGuiFromSnippet(Lcom/mojang/blaze3d/pipeline/RenderPipeline$Snippet;Lorg/spongepowered/asm/mixin/injection/callback/CallbackInfo;)V doesn't use it's CallbackInfo
[12:26:27] [main/DEBUG] (FabricLoader/Mixin) fabric-rendering-v1.mixins.json:RenderPipelineBuilderMixin from mod fabric-rendering-v1->@Inject::copyUsePipelineDrawModeForGuiFromSnippet(Lcom/mojang/blaze3d/pipeline/RenderPipeline$Snippet;Lorg/spongepowered/asm/mixin/injection/callback/CallbackInfo;)V has 0 override(s) in child classes
[12:26:27] [main/DEBUG] (FabricLoader/Mixin) fabric-rendering-v1.mixins.json:RenderPipelineBuilderMixin from mod fabric-rendering-v1->@Inject::copyUsePipelineDrawModeForGuiFromSnippet(Lcom/mojang/blaze3d/pipeline/RenderPipeline$Snippet;Lorg/spongepowered/asm/mixin/injection/callback/CallbackInfo;)V won't be passed a CallbackInfo as a result
[12:26:27] [main/DEBUG] (FabricLoader/Mixin) Mixing MixinVertexFormat from mixins.iris.vertexformat.json into com.mojang.blaze3d.vertex.VertexFormat
[12:26:27] [main/DEBUG] (FabricLoader/Mixin) mixins.iris.vertexformat.json:MixinVertexFormat from mod iris: Class version 65 required is higher than the class version supported by the current version of Mixin (JAVA_8 supports class version 52)
[12:26:27] [main/DEBUG] (FabricLoader/Mixin) Mixing core.render.VertexFormatMixin from sodium-common.mixins.json into com.mojang.blaze3d.vertex.VertexFormat
[12:26:27] [main/DEBUG] (FabricLoader/Mixin) sodium-common.mixins.json:core.render.VertexFormatMixin from mod sodium: Class version 65 required is higher than the class version supported by the current version of Mixin (JAVA_17 supports class version 61)
[12:26:27] [main/DEBUG] (FabricLoader/Mixin) sodium-common.mixins.json:core.render.VertexFormatMixin from mod sodium->@Inject::afterInit(Ljava/util/List;Ljava/util/List;Lit/unimi/dsi/fastutil/ints/IntList;ILorg/spongepowered/asm/mixin/injection/callback/CallbackInfo;)V doesn't use it's CallbackInfo
[12:26:27] [main/DEBUG] (FabricLoader/Mixin) sodium-common.mixins.json:core.render.VertexFormatMixin from mod sodium->@Inject::afterInit(Ljava/util/List;Ljava/util/List;Lit/unimi/dsi/fastutil/ints/IntList;ILorg/spongepowered/asm/mixin/injection/callback/CallbackInfo;)V has 0 override(s) in child classes
[12:26:27] [main/DEBUG] (FabricLoader/Mixin) sodium-common.mixins.json:core.render.VertexFormatMixin from mod sodium->@Inject::afterInit(Ljava/util/List;Ljava/util/List;Lit/unimi/dsi/fastutil/ints/IntList;ILorg/spongepowered/asm/mixin/injection/callback/CallbackInfo;)V won't be passed a CallbackInfo as a result
[12:26:27] [main/DEBUG] (FabricLoader/Mixin) Mixing MixinVertexFormatElement from mixins.iris.vertexformat.json into com.mojang.blaze3d.vertex.VertexFormatElement
[12:26:27] [main/DEBUG] (FabricLoader/Mixin) mixins.iris.vertexformat.json:MixinVertexFormatElement from mod iris: Class version 65 required is higher than the class version supported by the current version of Mixin (JAVA_8 supports class version 52)
[12:26:27] [main/DEBUG] (FabricLoader/Mixin) mixins.iris.vertexformat.json:MixinVertexFormatElement from mod iris->@Inject::iris$fixGenericAttributes(ILcom/mojang/blaze3d/vertex/VertexFormatElement$Usage;Lorg/spongepowered/asm/mixin/injection/callback/CallbackInfoReturnable;)V does use it's CallbackInfoReturnable
[12:26:27] [main/DEBUG] (FabricLoader/Mixin) Mixing features.render.frapi.ItemRendererAccessor from sodium-common.mixins.json into net.minecraft.client.renderer.entity.ItemRenderer
[12:26:27] [main/DEBUG] (FabricLoader/Mixin) sodium-common.mixins.json:features.render.frapi.ItemRendererAccessor from mod sodium: Class version 65 required is higher than the class version supported by the current version of Mixin (JAVA_17 supports class version 61)
[12:26:27] [main/DEBUG] (FabricLoader/Mixin) Renaming @Invoker method sodium$getSpecialFoilBuffer(Lnet/minecraft/client/renderer/MultiBufferSource;Lnet/minecraft/client/renderer/RenderType;Lcom/mojang/blaze3d/vertex/PoseStack$Pose;)Lcom/mojang/blaze3d/vertex/VertexConsumer; to getSpecialFoilBuffer$sodium_$md$ab7149$0 in sodium-common.mixins.json:features.render.frapi.ItemRendererAccessor from mod sodium
[12:26:27] [main/DEBUG] (FabricLoader/Mixin) Mixing features.render.model.item.ItemRendererMixin from sodium-common.mixins.json into net.minecraft.client.renderer.entity.ItemRenderer
[12:26:27] [main/DEBUG] (FabricLoader/Mixin) sodium-common.mixins.json:features.render.model.item.ItemRendererMixin from mod sodium: Class version 65 required is higher than the class version supported by the current version of Mixin (JAVA_17 supports class version 61)
[12:26:27] [main/DEBUG] (FabricLoader/Mixin) Renaming synthetic method lambda$static$0()Lnet/minecraft/util/RandomSource; to mdab7149$sodium$lambda$static$0$1 in sodium-common.mixins.json:features.render.model.item.ItemRendererMixin from mod sodium
[12:26:27] [main/DEBUG] (FabricLoader/Mixin) Mixing features.render.immediate.matrix_stack.VertexConsumerMixin from sodium-common.mixins.json into com.mojang.blaze3d.vertex.VertexConsumer
[12:26:27] [main/DEBUG] (FabricLoader/Mixin) sodium-common.mixins.json:features.render.immediate.matrix_stack.VertexConsumerMixin from mod sodium: Class version 65 required is higher than the class version supported by the current version of Mixin (JAVA_17 supports class version 61)
[12:26:27] [main/DEBUG] (FabricLoader/Mixin) Mixing MixinTheEndPortalRenderer from mixins.iris.json into net.minecraft.client.renderer.blockentity.AbstractEndPortalRenderer
[12:26:27] [main/DEBUG] (FabricLoader/Mixin) mixins.iris.json:MixinTheEndPortalRenderer from mod iris: Class version 65 required is higher than the class version supported by the current version of Mixin (JAVA_8 supports class version 52)
[12:26:27] [main/DEBUG] (FabricLoader/Mixin) mixins.iris.json:MixinTheEndPortalRenderer from mod iris->@Inject::iris$renderType(Lorg/spongepowered/asm/mixin/injection/callback/CallbackInfoReturnable;)V does use it's CallbackInfoReturnable
[12:26:27] [main/DEBUG] (FabricLoader/Mixin) mixins.iris.json:MixinTheEndPortalRenderer from mod iris->@Inject::iris$onRender(Lnet/minecraft/client/renderer/blockentity/state/EndPortalRenderState;Lcom/mojang/blaze3d/vertex/PoseStack$Pose;Lcom/mojang/blaze3d/vertex/VertexConsumer;Lorg/spongepowered/asm/mixin/injection/callback/CallbackInfo;)V does use it's CallbackInfo
[12:26:27] [main/DEBUG] (FabricLoader/Mixin) Mixing BlockEntityRenderStateMixin from transition.mixins.json into net.minecraft.client.renderer.blockentity.state.BlockEntityRenderState
[12:26:27] [main/DEBUG] (FabricLoader/Mixin) Mixing RenderStateMixin from fabric-rendering-v1.mixins.json into net.minecraft.client.renderer.blockentity.state.BlockEntityRenderState
[12:26:27] [main/DEBUG] (FabricLoader/Mixin) Mixing ModelMixin from fabric-rendering-v1.mixins.json into net.minecraft.client.model.Model
[12:26:27] [main/DEBUG] (FabricLoader/Mixin) Renaming synthetic method lambda$copyTransforms$0(Ljava/lang/String;Lnet/minecraft/client/model/geom/ModelPart;)V to mdab7149$fabric-rendering-v1$lambda$copyTransforms$0$0 in fabric-rendering-v1.mixins.json:ModelMixin from mod fabric-rendering-v1
[12:26:27] [main/DEBUG] (FabricLoader/Mixin) fabric-rendering-v1.mixins.json:ModelMixin from mod fabric-rendering-v1->@Inject::fillChildPartMap(Lnet/minecraft/client/model/geom/ModelPart;Ljava/util/function/Function;Lorg/spongepowered/asm/mixin/injection/callback/CallbackInfo;)V doesn't use it's CallbackInfo
[12:26:27] [main/DEBUG] (FabricLoader/Mixin) fabric-rendering-v1.mixins.json:ModelMixin from mod fabric-rendering-v1->@Inject::fillChildPartMap(Lnet/minecraft/client/model/geom/ModelPart;Ljava/util/function/Function;Lorg/spongepowered/asm/mixin/injection/callback/CallbackInfo;)V has 0 override(s) in child classes
[12:26:27] [main/DEBUG] (FabricLoader/Mixin) fabric-rendering-v1.mixins.json:ModelMixin from mod fabric-rendering-v1->@Inject::fillChildPartMap(Lnet/minecraft/client/model/geom/ModelPart;Ljava/util/function/Function;Lorg/spongepowered/asm/mixin/injection/callback/CallbackInfo;)V won't be passed a CallbackInfo as a result
[12:26:27] [main/DEBUG] (FabricLoader/Mixin) Mixing MixinKeyMapping from infernum.mixins.json into net.minecraft.client.KeyMapping
[12:26:27] [main/DEBUG] (FabricLoader/Mixin) Mixing KeyBindingAccessor from fabric-key-binding-api-v1.mixins.json into net.minecraft.client.KeyMapping
[12:26:27] [main/DEBUG] (FabricLoader/Mixin) Mixing KeyBindingAccessor from fabric-events-interaction-v0.client.mixins.json into net.minecraft.client.KeyMapping
[12:26:27] [main/DEBUG] (FabricLoader/Mixin) infernum.mixins.json:MixinKeyMapping from mod infernum->@Inject::frozen$onClick(Lcom/mojang/blaze3d/platform/InputConstants$Key;Lorg/spongepowered/asm/mixin/injection/callback/CallbackInfo;)V does use it's CallbackInfo
[12:26:27] [main/DEBUG] (FabricLoader/Mixin) Mixing AtlasSourceManagerAccessor from fabric-rendering-v1.mixins.json into net.minecraft.client.renderer.texture.atlas.SpriteSources
[12:26:27] [main/DEBUG] (FabricLoader/Mixin) Renaming @Accessor method getAtlasSourceCodecs()Lnet/minecraft/util/ExtraCodecs$LateBoundIdMapper; to getAtlasSourceCodecs$fabric-rendering-v1_$md$ab7149$0 in fabric-rendering-v1.mixins.json:AtlasSourceManagerAccessor from mod fabric-rendering-v1
[12:26:27] [main/DEBUG] (FabricLoader/Mixin) Mixing texture.pbr.MixinDirectoryLister from mixins.iris.json into net.minecraft.client.renderer.texture.atlas.sources.DirectoryLister
[12:26:27] [main/DEBUG] (FabricLoader/Mixin) mixins.iris.json:texture.pbr.MixinDirectoryLister from mod iris: Class version 65 required is higher than the class version supported by the current version of Mixin (JAVA_8 supports class version 52)
[12:26:27] [main/DEBUG] (FabricLoader/Mixin) Renaming synthetic method lambda$iris$modifyForEachAction$0(Lnet/minecraft/server/packs/resources/ResourceManager;Ljava/util/function/BiConsumer;Lnet/minecraft/resources/ResourceLocation;Lnet/minecraft/server/packs/resources/Resource;)V to mdab7149$iris$lambda$iris$modifyForEachAction$0$0 in mixins.iris.json:texture.pbr.MixinDirectoryLister from mod iris
[12:26:27] [main/DEBUG] (FabricLoader/Mixin) ArgsClassGenerator assigning org.spongepowered.asm.synthetic.args.Args$1 for descriptor (Ljava/util/function/BiConsumer;)V
[12:26:27] [main/DEBUG] (FabricLoader/Mixin) Mixing MixinClientLevel from infernum.mixins.json into net.minecraft.client.multiplayer.ClientLevel
[12:26:27] [main/DEBUG] (FabricLoader/Mixin) Mixing accessors.AccessorClientLevel from infernum.mixins.json into net.minecraft.client.multiplayer.ClientLevel
[12:26:27] [main/DEBUG] (FabricLoader/Mixin) Mixing block_rendering.MixinClientLevel from mixins.iris.vertexformat.json into net.minecraft.client.multiplayer.ClientLevel
[12:26:27] [main/DEBUG] (FabricLoader/Mixin) mixins.iris.vertexformat.json:block_rendering.MixinClientLevel from mod iris: Class version 65 required is higher than the class version supported by the current version of Mixin (JAVA_8 supports class version 52)
[12:26:27] [main/DEBUG] (FabricLoader/Mixin) Mixing core.world.biome.ClientLevelMixin from sodium-common.mixins.json into net.minecraft.client.multiplayer.ClientLevel
[12:26:27] [main/DEBUG] (FabricLoader/Mixin) sodium-common.mixins.json:core.world.biome.ClientLevelMixin from mod sodium: Class version 65 required is higher than the class version supported by the current version of Mixin (JAVA_17 supports class version 61)
[12:26:27] [main/DEBUG] (FabricLoader/Mixin) Mixing core.world.map.ClientLevelMixin from sodium-common.mixins.json into net.minecraft.client.multiplayer.ClientLevel
[12:26:27] [main/DEBUG] (FabricLoader/Mixin) sodium-common.mixins.json:core.world.map.ClientLevelMixin from mod sodium: Class version 65 required is higher than the class version supported by the current version of Mixin (JAVA_17 supports class version 61)
[12:26:27] [main/DEBUG] (FabricLoader/Mixin) Mixing ClientWorldMixin from fabric-rendering-v1.mixins.json into net.minecraft.client.multiplayer.ClientLevel
[12:26:27] [main/DEBUG] (FabricLoader/Mixin) Renaming synthetic method lambda$new$1(Lnet/minecraft/world/level/ColorResolver;)Lnet/minecraft/client/color/block/BlockTintCache; to mdab7149$fabric-rendering-v1$lambda$new$1$0 in fabric-rendering-v1.mixins.json:ClientWorldMixin from mod fabric-rendering-v1
[12:26:27] [main/DEBUG] (FabricLoader/Mixin) Renaming synthetic method lambda$new$0(Lnet/minecraft/world/level/ColorResolver;Lnet/minecraft/core/BlockPos;)I to mdab7149$fabric-rendering-v1$lambda$new$0$1 in fabric-rendering-v1.mixins.json:ClientWorldMixin from mod fabric-rendering-v1
[12:26:27] [main/DEBUG] (FabricLoader/Mixin) Mixing ClientWorldMixin from fabric-lifecycle-events-v1.client.mixins.json into net.minecraft.client.multiplayer.ClientLevel
[12:26:27] [main/DEBUG] (FabricLoader/Mixin) Mixing ClientWorldMixin from entityculling.mixins.json into net.minecraft.client.multiplayer.ClientLevel
[12:26:27] [main/DEBUG] (FabricLoader/Mixin) entityculling.mixins.json:ClientWorldMixin from mod entityculling: Class version 65 required is higher than the class version supported by the current version of Mixin (JAVA_16 supports class version 60)
[12:26:27] [main/DEBUG] (FabricLoader/Mixin) Mixing tick.MixinClientWorld from fabric-badoptimizations.mixins.json into net.minecraft.client.multiplayer.ClientLevel
[12:26:27] [main/DEBUG] (FabricLoader/Mixin) fabric-badoptimizations.mixins.json:tick.MixinClientWorld from mod badoptimizations: Class version 65 required is higher than the class version supported by the current version of Mixin (JAVA_17 supports class version 61)
[12:26:27] [main/DEBUG] (FabricLoader/Mixin) infernum.mixins.json:MixinClientLevel from mod infernum->@Inject::frozen$onAddBlockBreakParticle(Lnet/minecraft/core/BlockPos;Lnet/minecraft/core/Direction;Lorg/spongepowered/asm/mixin/injection/callback/CallbackInfo;)V does use it's CallbackInfo
[12:26:27] [main/DEBUG] (FabricLoader/Mixin) infernum.mixins.json:MixinClientLevel from mod infernum->@Inject::frozen$onAddParticle(Lnet/minecraft/core/particles/ParticleOptions;ZZDDDDDDLorg/spongepowered/asm/mixin/injection/callback/CallbackInfo;)V does use it's CallbackInfo
[12:26:27] [main/DEBUG] (FabricLoader/Mixin) sodium-common.mixins.json:core.world.biome.ClientLevelMixin from mod sodium->@Inject::captureSeed(Lnet/minecraft/client/multiplayer/ClientPacketListener;Lnet/minecraft/client/multiplayer/ClientLevel$ClientLevelData;Lnet/minecraft/resources/ResourceKey;Lnet/minecraft/core/Holder;IILnet/minecraft/client/renderer/LevelRenderer;ZJILorg/spongepowered/asm/mixin/injection/callback/CallbackInfo;)V doesn't use it's CallbackInfo
[12:26:27] [main/DEBUG] (FabricLoader/Mixin) sodium-common.mixins.json:core.world.biome.ClientLevelMixin from mod sodium->@Inject::captureSeed(Lnet/minecraft/client/multiplayer/ClientPacketListener;Lnet/minecraft/client/multiplayer/ClientLevel$ClientLevelData;Lnet/minecraft/resources/ResourceKey;Lnet/minecraft/core/Holder;IILnet/minecraft/client/renderer/LevelRenderer;ZJILorg/spongepowered/asm/mixin/injection/callback/CallbackInfo;)V has 0 override(s) in child classes
[12:26:27] [main/DEBUG] (FabricLoader/Mixin) sodium-common.mixins.json:core.world.biome.ClientLevelMixin from mod sodium->@Inject::captureSeed(Lnet/minecraft/client/multiplayer/ClientPacketListener;Lnet/minecraft/client/multiplayer/ClientLevel$ClientLevelData;Lnet/minecraft/resources/ResourceKey;Lnet/minecraft/core/Holder;IILnet/minecraft/client/renderer/LevelRenderer;ZJILorg/spongepowered/asm/mixin/injection/callback/CallbackInfo;)V won't be passed a CallbackInfo as a result
[12:26:27] [main/DEBUG] (FabricLoader/Mixin) sodium-common.mixins.json:core.world.map.ClientLevelMixin from mod sodium->@Inject::sodium$trackChunkUnload(Lnet/minecraft/world/level/chunk/LevelChunk;Lorg/spongepowered/asm/mixin/injection/callback/CallbackInfo;)V doesn't use it's CallbackInfo
[12:26:27] [main/DEBUG] (FabricLoader/Mixin) sodium-common.mixins.json:core.world.map.ClientLevelMixin from mod sodium->@Inject::sodium$trackChunkUnload(Lnet/minecraft/world/level/chunk/LevelChunk;Lorg/spongepowered/asm/mixin/injection/callback/CallbackInfo;)V has 0 override(s) in child classes
[12:26:27] [main/DEBUG] (FabricLoader/Mixin) sodium-common.mixins.json:core.world.map.ClientLevelMixin from mod sodium->@Inject::sodium$trackChunkUnload(Lnet/minecraft/world/level/chunk/LevelChunk;Lorg/spongepowered/asm/mixin/injection/callback/CallbackInfo;)V won't be passed a CallbackInfo as a result
[12:26:27] [main/DEBUG] (FabricLoader/Mixin) fabric-rendering-v1.mixins.json:ClientWorldMixin from mod fabric-rendering-v1->@Inject::onResetChunkColor(Lnet/minecraft/world/level/ChunkPos;Lorg/spongepowered/asm/mixin/injection/callback/CallbackInfo;)V doesn't use it's CallbackInfo
[12:26:27] [main/DEBUG] (FabricLoader/Mixin) fabric-rendering-v1.mixins.json:ClientWorldMixin from mod fabric-rendering-v1->@Inject::onResetChunkColor(Lnet/minecraft/world/level/ChunkPos;Lorg/spongepowered/asm/mixin/injection/callback/CallbackInfo;)V has 0 override(s) in child classes
[12:26:27] [main/DEBUG] (FabricLoader/Mixin) fabric-rendering-v1.mixins.json:ClientWorldMixin from mod fabric-rendering-v1->@Inject::onResetChunkColor(Lnet/minecraft/world/level/ChunkPos;Lorg/spongepowered/asm/mixin/injection/callback/CallbackInfo;)V won't be passed a CallbackInfo as a result
[12:26:27] [main/DEBUG] (FabricLoader/Mixin) fabric-rendering-v1.mixins.json:ClientWorldMixin from mod fabric-rendering-v1->@Inject::onReloadColor(Lorg/spongepowered/asm/mixin/injection/callback/CallbackInfo;)V doesn't use it's CallbackInfo
[12:26:27] [main/DEBUG] (FabricLoader/Mixin) fabric-rendering-v1.mixins.json:ClientWorldMixin from mod fabric-rendering-v1->@Inject::onReloadColor(Lorg/spongepowered/asm/mixin/injection/callback/CallbackInfo;)V has 0 override(s) in child classes
[12:26:27] [main/DEBUG] (FabricLoader/Mixin) fabric-rendering-v1.mixins.json:ClientWorldMixin from mod fabric-rendering-v1->@Inject::onReloadColor(Lorg/spongepowered/asm/mixin/injection/callback/CallbackInfo;)V won't be passed a CallbackInfo as a result
[12:26:27] [main/DEBUG] (FabricLoader/Mixin) fabric-lifecycle-events-v1.client.mixins.json:ClientWorldMixin from mod fabric-lifecycle-events-v1->@Inject::tickWorldAfterBlockEntities(Lorg/spongepowered/asm/mixin/injection/callback/CallbackInfo;)V doesn't use it's CallbackInfo
[12:26:27] [main/DEBUG] (FabricLoader/Mixin) fabric-lifecycle-events-v1.client.mixins.json:ClientWorldMixin from mod fabric-lifecycle-events-v1->@Inject::tickWorldAfterBlockEntities(Lorg/spongepowered/asm/mixin/injection/callback/CallbackInfo;)V has 0 override(s) in child classes
[12:26:27] [main/DEBUG] (FabricLoader/Mixin) fabric-lifecycle-events-v1.client.mixins.json:ClientWorldMixin from mod fabric-lifecycle-events-v1->@Inject::tickWorldAfterBlockEntities(Lorg/spongepowered/asm/mixin/injection/callback/CallbackInfo;)V won't be passed a CallbackInfo as a result
[12:26:27] [main/DEBUG] (FabricLoader/Mixin) fabric-lifecycle-events-v1.client.mixins.json:ClientWorldMixin from mod fabric-lifecycle-events-v1->@Inject::startWorldTick(Lorg/spongepowered/asm/mixin/injection/callback/CallbackInfo;)V doesn't use it's CallbackInfo
[12:26:27] [main/DEBUG] (FabricLoader/Mixin) fabric-lifecycle-events-v1.client.mixins.json:ClientWorldMixin from mod fabric-lifecycle-events-v1->@Inject::startWorldTick(Lorg/spongepowered/asm/mixin/injection/callback/CallbackInfo;)V has 0 override(s) in child classes
[12:26:27] [main/DEBUG] (FabricLoader/Mixin) fabric-lifecycle-events-v1.client.mixins.json:ClientWorldMixin from mod fabric-lifecycle-events-v1->@Inject::startWorldTick(Lorg/spongepowered/asm/mixin/injection/callback/CallbackInfo;)V won't be passed a CallbackInfo as a result
[12:26:27] [main/DEBUG] (FabricLoader/Mixin) entityculling.mixins.json:ClientWorldMixin from mod entityculling->@Inject::tickEntity(Lnet/minecraft/world/entity/Entity;Lorg/spongepowered/asm/mixin/injection/callback/CallbackInfo;)V does use it's CallbackInfo
[12:26:27] [main/DEBUG] (FabricLoader/Mixin) fabric-badoptimizations.mixins.json:tick.MixinClientWorld from mod badoptimizations->@Inject::onGetSkyColor(Lnet/minecraft/world/phys/Vec3;FLorg/spongepowered/asm/mixin/injection/callback/CallbackInfoReturnable;)V does use it's CallbackInfoReturnable
[12:26:27] [main/DEBUG] (FabricLoader/Mixin) fabric-badoptimizations.mixins.json:tick.MixinClientWorld from mod badoptimizations->@Inject::afterGetSkyColor(Lnet/minecraft/world/phys/Vec3;FLorg/spongepowered/asm/mixin/injection/callback/CallbackInfoReturnable;)V does use it's CallbackInfoReturnable
[12:26:27] [main/DEBUG] (FabricLoader/Mixin) Mixing MixinLocalPlayer from infernum.mixins.json into net.minecraft.client.player.LocalPlayer
[12:26:27] [main/DEBUG] (FabricLoader/Mixin) Mixing MixinLocalPlayer from mixins.iris.json into net.minecraft.client.player.LocalPlayer
[12:26:27] [main/DEBUG] (FabricLoader/Mixin) mixins.iris.json:MixinLocalPlayer from mod iris: Class version 65 required is higher than the class version supported by the current version of Mixin (JAVA_8 supports class version 52)
[12:26:27] [main/DEBUG] (FabricLoader/Mixin) Mixing accessors.PlayerAccessor from fabric-badoptimizations.mixins.json into net.minecraft.client.player.LocalPlayer
[12:26:27] [main/DEBUG] (FabricLoader/Mixin) fabric-badoptimizations.mixins.json:accessors.PlayerAccessor from mod badoptimizations: Class version 65 required is higher than the class version supported by the current version of Mixin (JAVA_17 supports class version 61)
[12:26:27] [main/DEBUG] (FabricLoader/Mixin) Mixing renderer.entity.MixinClientPlayer from fabric-badoptimizations.mixins.json into net.minecraft.client.player.AbstractClientPlayer
[12:26:27] [main/DEBUG] (FabricLoader/Mixin) fabric-badoptimizations.mixins.json:renderer.entity.MixinClientPlayer from mod badoptimizations: Class version 65 required is higher than the class version supported by the current version of Mixin (JAVA_17 supports class version 61)
[12:26:27] [main/DEBUG] (FabricLoader/Mixin) Mixing AccessorClickableWidget from mixins.modmenu.json into net.minecraft.client.gui.components.AbstractWidget
[12:26:27] [main/DEBUG] (FabricLoader/Mixin) Mixing DefaultAttributeRegistryAccessor from fabric-object-builder-v1.mixins.json into net.minecraft.world.entity.ai.attributes.DefaultAttributes
[12:26:27] [main/DEBUG] (FabricLoader/Mixin) Renaming @Accessor method getRegistry()Ljava/util/Map; to getRegistry$fabric-object-builder-api-v1_$md$ab7149$0 in fabric-object-builder-v1.mixins.json:DefaultAttributeRegistryAccessor from mod fabric-object-builder-api-v1
[12:26:27] [main/DEBUG] (FabricLoader/Mixin) Mixing DefaultAttributeRegistryMixin from fabric-object-builder-v1.mixins.json into net.minecraft.world.entity.ai.attributes.DefaultAttributes
[12:26:27] [main/DEBUG] (FabricLoader/Mixin) fabric-object-builder-v1.mixins.json:DefaultAttributeRegistryMixin from mod fabric-object-builder-api-v1->@Inject::injectAttributes(Lorg/spongepowered/asm/mixin/injection/callback/CallbackInfo;)V doesn't use it's CallbackInfo
[12:26:27] [main/INFO] (net.minecraft.client.main.Main) Completely ignored arguments: [-XX:+AllowEnhancedClassRedefinition, --userType=msa, --userProperties={}]
[12:26:27] [Render thread/DEBUG] (FabricLoader/Mixin) Mixing features.render.immediate.buffer_builder.sorting.VertexSortingMixin from sodium-common.mixins.json into com.mojang.blaze3d.vertex.VertexSorting
[12:26:27] [Render thread/DEBUG] (FabricLoader/Mixin) sodium-common.mixins.json:features.render.immediate.buffer_builder.sorting.VertexSortingMixin from mod sodium: Class version 65 required is higher than the class version supported by the current version of Mixin (JAVA_17 supports class version 61)
[12:26:27] [Render thread/DEBUG] (FabricLoader/Mixin) Mixing MixinOptions_Entrypoint from mixins.iris.json into net.minecraft.client.Minecraft
[12:26:27] [Render thread/DEBUG] (FabricLoader/Mixin) mixins.iris.json:MixinOptions_Entrypoint from mod iris: Class version 65 required is higher than the class version supported by the current version of Mixin (JAVA_8 supports class version 52)
[12:26:27] [Render thread/DEBUG] (FabricLoader/Mixin) Mixing MixinMinecraft from infernum.mixins.json into net.minecraft.client.Minecraft
[12:26:27] [Render thread/DEBUG] (FabricLoader/Mixin) Mixing MinecraftMixin from transition.mixins.json into net.minecraft.client.Minecraft
[12:26:27] [Render thread/DEBUG] (FabricLoader/Mixin) Mixing MixinMinecraft_Images from mixins.iris.json into net.minecraft.client.Minecraft
[12:26:27] [Render thread/DEBUG] (FabricLoader/Mixin) mixins.iris.json:MixinMinecraft_Images from mod iris: Class version 65 required is higher than the class version supported by the current version of Mixin (JAVA_8 supports class version 52)
[12:26:27] [Render thread/DEBUG] (FabricLoader/Mixin) Mixing MixinMinecraft_Keybinds from mixins.iris.json into net.minecraft.client.Minecraft
[12:26:27] [Render thread/DEBUG] (FabricLoader/Mixin) mixins.iris.json:MixinMinecraft_Keybinds from mod iris: Class version 65 required is higher than the class version supported by the current version of Mixin (JAVA_8 supports class version 52)
[12:26:27] [Render thread/DEBUG] (FabricLoader/Mixin) Mixing MixinMinecraft_PipelineManagement from mixins.iris.json into net.minecraft.client.Minecraft
[12:26:27] [Render thread/DEBUG] (FabricLoader/Mixin) mixins.iris.json:MixinMinecraft_PipelineManagement from mod iris: Class version 65 required is higher than the class version supported by the current version of Mixin (JAVA_8 supports class version 52)
[12:26:27] [Render thread/DEBUG] (FabricLoader/Mixin) Mixing core.MixinMinecraftClient from immediatelyfast-common.mixins.json into net.minecraft.client.Minecraft
[12:26:27] [Render thread/DEBUG] (FabricLoader/Mixin) Mixing MinecraftClientMixin from fabric-screen-api-v1.mixins.json into net.minecraft.client.Minecraft
[12:26:27] [Render thread/DEBUG] (FabricLoader/Mixin) Renaming @Unique field LOGGERLorg/slf4j/Logger; to fdab7149$fabric-screen-api-v1$LOGGER$0 in fabric-screen-api-v1.mixins.json:MinecraftClientMixin from mod fabric-screen-api-v1
[12:26:27] [Render thread/DEBUG] (FabricLoader/Mixin) Mixing MinecraftClientMixin from fabric-registry-sync-v0.client.mixins.json into net.minecraft.client.Minecraft
[12:26:27] [Render thread/DEBUG] (FabricLoader/Mixin) Mixing MixinMinecraftClient from gammautils.mixins.json into net.minecraft.client.Minecraft
[12:26:27] [Render thread/DEBUG] (FabricLoader/Mixin) Mixing core.MinecraftMixin from sodium-common.mixins.json into net.minecraft.client.Minecraft
[12:26:27] [Render thread/DEBUG] (FabricLoader/Mixin) sodium-common.mixins.json:core.MinecraftMixin from mod sodium: Class version 65 required is higher than the class version supported by the current version of Mixin (JAVA_17 supports class version 61)
[12:26:27] [Render thread/DEBUG] (FabricLoader/Mixin) Mixing MinecraftClientMixin from fabric-lifecycle-events-v1.client.mixins.json into net.minecraft.client.Minecraft
[12:26:27] [Render thread/DEBUG] (FabricLoader/Mixin) Mixing accessor.MinecraftClientAccessor from fabric-networking-api-v1.client.mixins.json into net.minecraft.client.Minecraft
[12:26:27] [Render thread/DEBUG] (FabricLoader/Mixin) Mixing MinecraftClientMixin from fabric-data-generation-api-v1.client.mixins.json into net.minecraft.client.Minecraft
[12:26:27] [Render thread/DEBUG] (FabricLoader/Mixin) Mixing MinecraftClientMixin from fabric-events-interaction-v0.client.mixins.json into net.minecraft.client.Minecraft
[12:26:27] [Render thread/DEBUG] (FabricLoader/Mixin) mixins.iris.json:MixinOptions_Entrypoint from mod iris->@Inject::iris$beforeLoadOptions(Lorg/spongepowered/asm/mixin/injection/callback/CallbackInfo;)V doesn't use it's CallbackInfo
[12:26:27] [Render thread/DEBUG] (FabricLoader/Mixin) mixins.iris.json:MixinOptions_Entrypoint from mod iris->@Inject::iris$beforeLoadOptions(Lorg/spongepowered/asm/mixin/injection/callback/CallbackInfo;)V has 0 override(s) in child classes
[12:26:27] [Render thread/DEBUG] (FabricLoader/Mixin) mixins.iris.json:MixinOptions_Entrypoint from mod iris->@Inject::iris$beforeLoadOptions(Lorg/spongepowered/asm/mixin/injection/callback/CallbackInfo;)V won't be passed a CallbackInfo as a result
[12:26:27] [Render thread/DEBUG] (FabricLoader/Mixin) infernum.mixins.json:MixinMinecraft from mod infernum->@Inject::frozen$onSetScreen(Lnet/minecraft/client/gui/screens/Screen;Lorg/spongepowered/asm/mixin/injection/callback/CallbackInfo;)V does use it's CallbackInfo
[12:26:27] [Render thread/DEBUG] (FabricLoader/Mixin) transition.mixins.json:MinecraftMixin from mod transition->@Inject::fillReport(Lnet/minecraft/CrashReport;Lorg/spongepowered/asm/mixin/injection/callback/CallbackInfoReturnable;)V doesn't use it's CallbackInfoReturnable
[12:26:27] [Render thread/DEBUG] (FabricLoader/Mixin) transition.mixins.json:MinecraftMixin from mod transition->@Inject::fillReport(Lnet/minecraft/CrashReport;Lorg/spongepowered/asm/mixin/injection/callback/CallbackInfoReturnable;)V has 0 override(s) in child classes
[12:26:27] [Render thread/DEBUG] (FabricLoader/Mixin) transition.mixins.json:MinecraftMixin from mod transition->@Inject::fillReport(Lnet/minecraft/CrashReport;Lorg/spongepowered/asm/mixin/injection/callback/CallbackInfoReturnable;)V won't be passed a CallbackInfoReturnable as a result
[12:26:27] [Render thread/DEBUG] (FabricLoader/Mixin) transition.mixins.json:MinecraftMixin from mod transition->@Inject::fillReport(Lnet/minecraft/client/Minecraft;Lnet/minecraft/client/resources/language/LanguageManager;Ljava/lang/String;Lnet/minecraft/client/Options;Lnet/minecraft/CrashReport;Lorg/spongepowered/asm/mixin/injection/callback/CallbackInfo;)V doesn't use it's CallbackInfo
[12:26:27] [Render thread/DEBUG] (FabricLoader/Mixin) mixins.iris.json:MixinMinecraft_Images from mod iris->@Inject::iris$setupImages(Lnet/minecraft/client/main/GameConfig;Lorg/spongepowered/asm/mixin/injection/callback/CallbackInfo;)V doesn't use it's CallbackInfo
[12:26:27] [Render thread/DEBUG] (FabricLoader/Mixin) mixins.iris.json:MixinMinecraft_Images from mod iris->@Inject::iris$setupImages(Lnet/minecraft/client/main/GameConfig;Lorg/spongepowered/asm/mixin/injection/callback/CallbackInfo;)V has 0 override(s) in child classes
[12:26:27] [Render thread/DEBUG] (FabricLoader/Mixin) mixins.iris.json:MixinMinecraft_Images from mod iris->@Inject::iris$setupImages(Lnet/minecraft/client/main/GameConfig;Lorg/spongepowered/asm/mixin/injection/callback/CallbackInfo;)V won't be passed a CallbackInfo as a result
[12:26:27] [Render thread/DEBUG] (FabricLoader/Mixin) mixins.iris.json:MixinMinecraft_Keybinds from mod iris->@Inject::iris$onTick(Lorg/spongepowered/asm/mixin/injection/callback/CallbackInfo;)V doesn't use it's CallbackInfo
[12:26:27] [Render thread/DEBUG] (FabricLoader/Mixin) mixins.iris.json:MixinMinecraft_Keybinds from mod iris->@Inject::iris$onTick(Lorg/spongepowered/asm/mixin/injection/callback/CallbackInfo;)V has 0 override(s) in child classes
[12:26:27] [Render thread/DEBUG] (FabricLoader/Mixin) mixins.iris.json:MixinMinecraft_Keybinds from mod iris->@Inject::iris$onTick(Lorg/spongepowered/asm/mixin/injection/callback/CallbackInfo;)V won't be passed a CallbackInfo as a result
[12:26:27] [Render thread/DEBUG] (FabricLoader/Mixin) mixins.iris.json:MixinMinecraft_PipelineManagement from mod iris->@Inject::iris$trackLastDimensionOnLeave(Lnet/minecraft/client/gui/screens/Screen;Lorg/spongepowered/asm/mixin/injection/callback/CallbackInfo;)V doesn't use it's CallbackInfo
[12:26:27] [Render thread/DEBUG] (FabricLoader/Mixin) mixins.iris.json:MixinMinecraft_PipelineManagement from mod iris->@Inject::iris$trackLastDimensionOnLeave(Lnet/minecraft/client/gui/screens/Screen;Lorg/spongepowered/asm/mixin/injection/callback/CallbackInfo;)V has 0 override(s) in child classes
[12:26:27] [Render thread/DEBUG] (FabricLoader/Mixin) mixins.iris.json:MixinMinecraft_PipelineManagement from mod iris->@Inject::iris$trackLastDimensionOnLeave(Lnet/minecraft/client/gui/screens/Screen;Lorg/spongepowered/asm/mixin/injection/callback/CallbackInfo;)V won't be passed a CallbackInfo as a result
[12:26:27] [Render thread/DEBUG] (FabricLoader/Mixin) mixins.iris.json:MixinMinecraft_PipelineManagement from mod iris->@Inject::iris$trackLastDimensionOnLevelChange(Lnet/minecraft/client/multiplayer/ClientLevel;Lorg/spongepowered/asm/mixin/injection/callback/CallbackInfo;)V doesn't use it's CallbackInfo
[12:26:27] [Render thread/DEBUG] (FabricLoader/Mixin) mixins.iris.json:MixinMinecraft_PipelineManagement from mod iris->@Inject::iris$trackLastDimensionOnLevelChange(Lnet/minecraft/client/multiplayer/ClientLevel;Lorg/spongepowered/asm/mixin/injection/callback/CallbackInfo;)V has 0 override(s) in child classes
[12:26:27] [Render thread/DEBUG] (FabricLoader/Mixin) mixins.iris.json:MixinMinecraft_PipelineManagement from mod iris->@Inject::iris$trackLastDimensionOnLevelChange(Lnet/minecraft/client/multiplayer/ClientLevel;Lorg/spongepowered/asm/mixin/injection/callback/CallbackInfo;)V won't be passed a CallbackInfo as a result
[12:26:27] [Render thread/DEBUG] (FabricLoader/Mixin) mixins.iris.json:MixinMinecraft_PipelineManagement from mod iris->@Inject::iris$resetPipeline(Lnet/minecraft/client/multiplayer/ClientLevel;Lorg/spongepowered/asm/mixin/injection/callback/CallbackInfo;)V doesn't use it's CallbackInfo
[12:26:27] [Render thread/DEBUG] (FabricLoader/Mixin) mixins.iris.json:MixinMinecraft_PipelineManagement from mod iris->@Inject::iris$resetPipeline(Lnet/minecraft/client/multiplayer/ClientLevel;Lorg/spongepowered/asm/mixin/injection/callback/CallbackInfo;)V has 0 override(s) in child classes
[12:26:27] [Render thread/DEBUG] (FabricLoader/Mixin) mixins.iris.json:MixinMinecraft_PipelineManagement from mod iris->@Inject::iris$resetPipeline(Lnet/minecraft/client/multiplayer/ClientLevel;Lorg/spongepowered/asm/mixin/injection/callback/CallbackInfo;)V won't be passed a CallbackInfo as a result
[12:26:27] [Render thread/DEBUG] (FabricLoader/Mixin) immediatelyfast-common.mixins.json:core.MixinMinecraftClient from mod immediatelyfast->@Inject::initImmediatelyFast(Lorg/spongepowered/asm/mixin/injection/callback/CallbackInfo;)V doesn't use it's CallbackInfo
[12:26:27] [Render thread/DEBUG] (FabricLoader/Mixin) immediatelyfast-common.mixins.json:core.MixinMinecraftClient from mod immediatelyfast->@Inject::initImmediatelyFast(Lorg/spongepowered/asm/mixin/injection/callback/CallbackInfo;)V has 0 override(s) in child classes
[12:26:27] [Render thread/DEBUG] (FabricLoader/Mixin) immediatelyfast-common.mixins.json:core.MixinMinecraftClient from mod immediatelyfast->@Inject::initImmediatelyFast(Lorg/spongepowered/asm/mixin/injection/callback/CallbackInfo;)V won't be passed a CallbackInfo as a result
[12:26:27] [Render thread/DEBUG] (FabricLoader/Mixin) immediatelyfast-common.mixins.json:core.MixinMinecraftClient from mod immediatelyfast->@Inject::callOnWorldJoin(Lorg/spongepowered/asm/mixin/injection/callback/CallbackInfo;)V doesn't use it's CallbackInfo
[12:26:27] [Render thread/DEBUG] (FabricLoader/Mixin) immediatelyfast-common.mixins.json:core.MixinMinecraftClient from mod immediatelyfast->@Inject::callOnWorldJoin(Lorg/spongepowered/asm/mixin/injection/callback/CallbackInfo;)V has 0 override(s) in child classes
[12:26:27] [Render thread/DEBUG] (FabricLoader/Mixin) immediatelyfast-common.mixins.json:core.MixinMinecraftClient from mod immediatelyfast->@Inject::callOnWorldJoin(Lorg/spongepowered/asm/mixin/injection/callback/CallbackInfo;)V won't be passed a CallbackInfo as a result
[12:26:27] [Render thread/DEBUG] (FabricLoader/Mixin) fabric-screen-api-v1.mixins.json:MinecraftClientMixin from mod fabric-screen-api-v1->@Inject::checkThreadOnDev(Lnet/minecraft/client/gui/screens/Screen;Lorg/spongepowered/asm/mixin/injection/callback/CallbackInfo;)V doesn't use it's CallbackInfo
[12:26:27] [Render thread/DEBUG] (FabricLoader/Mixin) fabric-screen-api-v1.mixins.json:MinecraftClientMixin from mod fabric-screen-api-v1->@Inject::checkThreadOnDev(Lnet/minecraft/client/gui/screens/Screen;Lorg/spongepowered/asm/mixin/injection/callback/CallbackInfo;)V has 0 override(s) in child classes
[12:26:27] [Render thread/DEBUG] (FabricLoader/Mixin) fabric-screen-api-v1.mixins.json:MinecraftClientMixin from mod fabric-screen-api-v1->@Inject::checkThreadOnDev(Lnet/minecraft/client/gui/screens/Screen;Lorg/spongepowered/asm/mixin/injection/callback/CallbackInfo;)V won't be passed a CallbackInfo as a result
[12:26:27] [Render thread/DEBUG] (FabricLoader/Mixin) fabric-screen-api-v1.mixins.json:MinecraftClientMixin from mod fabric-screen-api-v1->@Inject::onScreenRemove(Lnet/minecraft/client/gui/screens/Screen;Lorg/spongepowered/asm/mixin/injection/callback/CallbackInfo;)V doesn't use it's CallbackInfo
[12:26:27] [Render thread/DEBUG] (FabricLoader/Mixin) fabric-screen-api-v1.mixins.json:MinecraftClientMixin from mod fabric-screen-api-v1->@Inject::onScreenRemove(Lnet/minecraft/client/gui/screens/Screen;Lorg/spongepowered/asm/mixin/injection/callback/CallbackInfo;)V has 0 override(s) in child classes
[12:26:27] [Render thread/DEBUG] (FabricLoader/Mixin) fabric-screen-api-v1.mixins.json:MinecraftClientMixin from mod fabric-screen-api-v1->@Inject::onScreenRemove(Lnet/minecraft/client/gui/screens/Screen;Lorg/spongepowered/asm/mixin/injection/callback/CallbackInfo;)V won't be passed a CallbackInfo as a result
[12:26:27] [Render thread/DEBUG] (FabricLoader/Mixin) fabric-screen-api-v1.mixins.json:MinecraftClientMixin from mod fabric-screen-api-v1->@Inject::onScreenRemoveBecauseStopping(Lorg/spongepowered/asm/mixin/injection/callback/CallbackInfo;)V doesn't use it's CallbackInfo
[12:26:27] [Render thread/DEBUG] (FabricLoader/Mixin) fabric-screen-api-v1.mixins.json:MinecraftClientMixin from mod fabric-screen-api-v1->@Inject::onScreenRemoveBecauseStopping(Lorg/spongepowered/asm/mixin/injection/callback/CallbackInfo;)V has 0 override(s) in child classes
[12:26:27] [Render thread/DEBUG] (FabricLoader/Mixin) fabric-screen-api-v1.mixins.json:MinecraftClientMixin from mod fabric-screen-api-v1->@Inject::onScreenRemoveBecauseStopping(Lorg/spongepowered/asm/mixin/injection/callback/CallbackInfo;)V won't be passed a CallbackInfo as a result
[12:26:27] [Render thread/DEBUG] (FabricLoader/Mixin) fabric-screen-api-v1.mixins.json:MinecraftClientMixin from mod fabric-screen-api-v1->@Inject::beforeScreenTick(Lorg/spongepowered/asm/mixin/injection/callback/CallbackInfo;)V doesn't use it's CallbackInfo
[12:26:27] [Render thread/DEBUG] (FabricLoader/Mixin) fabric-screen-api-v1.mixins.json:MinecraftClientMixin from mod fabric-screen-api-v1->@Inject::beforeScreenTick(Lorg/spongepowered/asm/mixin/injection/callback/CallbackInfo;)V has 0 override(s) in child classes
[12:26:27] [Render thread/DEBUG] (FabricLoader/Mixin) fabric-screen-api-v1.mixins.json:MinecraftClientMixin from mod fabric-screen-api-v1->@Inject::beforeScreenTick(Lorg/spongepowered/asm/mixin/injection/callback/CallbackInfo;)V won't be passed a CallbackInfo as a result
[12:26:27] [Render thread/DEBUG] (FabricLoader/Mixin) fabric-screen-api-v1.mixins.json:MinecraftClientMixin from mod fabric-screen-api-v1->@Inject::afterScreenTick(Lorg/spongepowered/asm/mixin/injection/callback/CallbackInfo;)V doesn't use it's CallbackInfo
[12:26:27] [Render thread/DEBUG] (FabricLoader/Mixin) fabric-screen-api-v1.mixins.json:MinecraftClientMixin from mod fabric-screen-api-v1->@Inject::afterScreenTick(Lorg/spongepowered/asm/mixin/injection/callback/CallbackInfo;)V has 0 override(s) in child classes
[12:26:27] [Render thread/DEBUG] (FabricLoader/Mixin) fabric-screen-api-v1.mixins.json:MinecraftClientMixin from mod fabric-screen-api-v1->@Inject::afterScreenTick(Lorg/spongepowered/asm/mixin/injection/callback/CallbackInfo;)V won't be passed a CallbackInfo as a result
[12:26:27] [Render thread/DEBUG] (FabricLoader/Mixin) fabric-screen-api-v1.mixins.json:MinecraftClientMixin from mod fabric-screen-api-v1->@Inject::beforeLoadingScreenTick(Lorg/spongepowered/asm/mixin/injection/callback/CallbackInfo;)V doesn't use it's CallbackInfo
[12:26:27] [Render thread/DEBUG] (FabricLoader/Mixin) fabric-screen-api-v1.mixins.json:MinecraftClientMixin from mod fabric-screen-api-v1->@Inject::beforeLoadingScreenTick(Lorg/spongepowered/asm/mixin/injection/callback/CallbackInfo;)V has 0 override(s) in child classes
[12:26:27] [Render thread/DEBUG] (FabricLoader/Mixin) fabric-screen-api-v1.mixins.json:MinecraftClientMixin from mod fabric-screen-api-v1->@Inject::beforeLoadingScreenTick(Lorg/spongepowered/asm/mixin/injection/callback/CallbackInfo;)V won't be passed a CallbackInfo as a result
[12:26:27] [Render thread/DEBUG] (FabricLoader/Mixin) fabric-screen-api-v1.mixins.json:MinecraftClientMixin from mod fabric-screen-api-v1->@Inject::afterLoadingScreenTick(Lorg/spongepowered/asm/mixin/injection/callback/CallbackInfo;)V doesn't use it's CallbackInfo
[12:26:27] [Render thread/DEBUG] (FabricLoader/Mixin) fabric-screen-api-v1.mixins.json:MinecraftClientMixin from mod fabric-screen-api-v1->@Inject::afterLoadingScreenTick(Lorg/spongepowered/asm/mixin/injection/callback/CallbackInfo;)V has 0 override(s) in child classes
[12:26:27] [Render thread/DEBUG] (FabricLoader/Mixin) fabric-screen-api-v1.mixins.json:MinecraftClientMixin from mod fabric-screen-api-v1->@Inject::afterLoadingScreenTick(Lorg/spongepowered/asm/mixin/injection/callback/CallbackInfo;)V won't be passed a CallbackInfo as a result
[12:26:27] [Render thread/DEBUG] (FabricLoader/Mixin) fabric-registry-sync-v0.client.mixins.json:MinecraftClientMixin from mod fabric-registry-sync-v0->@Inject::disconnectAfter(Lnet/minecraft/client/gui/screens/Screen;ZLorg/spongepowered/asm/mixin/injection/callback/CallbackInfo;)V doesn't use it's CallbackInfo
[12:26:27] [Render thread/DEBUG] (FabricLoader/Mixin) fabric-registry-sync-v0.client.mixins.json:MinecraftClientMixin from mod fabric-registry-sync-v0->@Inject::disconnectAfter(Lnet/minecraft/client/gui/screens/Screen;ZLorg/spongepowered/asm/mixin/injection/callback/CallbackInfo;)V has 0 override(s) in child classes
[12:26:27] [Render thread/DEBUG] (FabricLoader/Mixin) fabric-registry-sync-v0.client.mixins.json:MinecraftClientMixin from mod fabric-registry-sync-v0->@Inject::disconnectAfter(Lnet/minecraft/client/gui/screens/Screen;ZLorg/spongepowered/asm/mixin/injection/callback/CallbackInfo;)V won't be passed a CallbackInfo as a result
[12:26:27] [Render thread/DEBUG] (FabricLoader/Mixin) fabric-registry-sync-v0.client.mixins.json:MinecraftClientMixin from mod fabric-registry-sync-v0->@Inject::afterModInit(Lorg/spongepowered/asm/mixin/injection/callback/CallbackInfo;)V doesn't use it's CallbackInfo
[12:26:27] [Render thread/DEBUG] (FabricLoader/Mixin) fabric-registry-sync-v0.client.mixins.json:MinecraftClientMixin from mod fabric-registry-sync-v0->@Inject::afterModInit(Lorg/spongepowered/asm/mixin/injection/callback/CallbackInfo;)V has 0 override(s) in child classes
[12:26:27] [Render thread/DEBUG] (FabricLoader/Mixin) fabric-registry-sync-v0.client.mixins.json:MinecraftClientMixin from mod fabric-registry-sync-v0->@Inject::afterModInit(Lorg/spongepowered/asm/mixin/injection/callback/CallbackInfo;)V won't be passed a CallbackInfo as a result
[12:26:27] [Render thread/DEBUG] (FabricLoader/Mixin) gammautils.mixins.json:MixinMinecraftClient from mod gammautils->@Inject::saveOnClose(Lorg/spongepowered/asm/mixin/injection/callback/CallbackInfo;)V doesn't use it's CallbackInfo
[12:26:27] [Render thread/DEBUG] (FabricLoader/Mixin) gammautils.mixins.json:MixinMinecraftClient from mod gammautils->@Inject::saveOnClose(Lorg/spongepowered/asm/mixin/injection/callback/CallbackInfo;)V has 0 override(s) in child classes
[12:26:27] [Render thread/DEBUG] (FabricLoader/Mixin) gammautils.mixins.json:MixinMinecraftClient from mod gammautils->@Inject::saveOnClose(Lorg/spongepowered/asm/mixin/injection/callback/CallbackInfo;)V won't be passed a CallbackInfo as a result
[12:26:27] [Render thread/DEBUG] (FabricLoader/Mixin) sodium-common.mixins.json:core.MinecraftMixin from mod sodium->@Inject::preRender(ZLorg/spongepowered/asm/mixin/injection/callback/CallbackInfo;)V doesn't use it's CallbackInfo
[12:26:27] [Render thread/DEBUG] (FabricLoader/Mixin) sodium-common.mixins.json:core.MinecraftMixin from mod sodium->@Inject::preRender(ZLorg/spongepowered/asm/mixin/injection/callback/CallbackInfo;)V has 0 override(s) in child classes
[12:26:27] [Render thread/DEBUG] (FabricLoader/Mixin) sodium-common.mixins.json:core.MinecraftMixin from mod sodium->@Inject::preRender(ZLorg/spongepowered/asm/mixin/injection/callback/CallbackInfo;)V won't be passed a CallbackInfo as a result
[12:26:27] [Render thread/DEBUG] (FabricLoader/Mixin) sodium-common.mixins.json:core.MinecraftMixin from mod sodium->@Inject::postRender(ZLorg/spongepowered/asm/mixin/injection/callback/CallbackInfo;)V doesn't use it's CallbackInfo
[12:26:27] [Render thread/DEBUG] (FabricLoader/Mixin) sodium-common.mixins.json:core.MinecraftMixin from mod sodium->@Inject::postRender(ZLorg/spongepowered/asm/mixin/injection/callback/CallbackInfo;)V has 0 override(s) in child classes
[12:26:27] [Render thread/DEBUG] (FabricLoader/Mixin) sodium-common.mixins.json:core.MinecraftMixin from mod sodium->@Inject::postRender(ZLorg/spongepowered/asm/mixin/injection/callback/CallbackInfo;)V won't be passed a CallbackInfo as a result
[12:26:27] [Render thread/DEBUG] (FabricLoader/Mixin) sodium-common.mixins.json:core.MinecraftMixin from mod sodium->@Inject::postInit(Lorg/spongepowered/asm/mixin/injection/callback/CallbackInfoReturnable;)V doesn't use it's CallbackInfoReturnable
[12:26:27] [Render thread/DEBUG] (FabricLoader/Mixin) sodium-common.mixins.json:core.MinecraftMixin from mod sodium->@Inject::postInit(Lorg/spongepowered/asm/mixin/injection/callback/CallbackInfoReturnable;)V has 0 override(s) in child classes
[12:26:27] [Render thread/DEBUG] (FabricLoader/Mixin) sodium-common.mixins.json:core.MinecraftMixin from mod sodium->@Inject::postInit(Lorg/spongepowered/asm/mixin/injection/callback/CallbackInfoReturnable;)V won't be passed a CallbackInfoReturnable as a result
[12:26:27] [Render thread/DEBUG] (FabricLoader/Mixin) sodium-common.mixins.json:core.MinecraftMixin from mod sodium->@Inject::postResourceReload(Lorg/spongepowered/asm/mixin/injection/callback/CallbackInfoReturnable;)V doesn't use it's CallbackInfoReturnable
[12:26:27] [Render thread/DEBUG] (FabricLoader/Mixin) sodium-common.mixins.json:core.MinecraftMixin from mod sodium->@Inject::postResourceReload(Lorg/spongepowered/asm/mixin/injection/callback/CallbackInfoReturnable;)V has 0 override(s) in child classes
[12:26:27] [Render thread/DEBUG] (FabricLoader/Mixin) sodium-common.mixins.json:core.MinecraftMixin from mod sodium->@Inject::postResourceReload(Lorg/spongepowered/asm/mixin/injection/callback/CallbackInfoReturnable;)V won't be passed a CallbackInfoReturnable as a result
[12:26:27] [Render thread/DEBUG] (FabricLoader/Mixin) fabric-lifecycle-events-v1.client.mixins.json:MinecraftClientMixin from mod fabric-lifecycle-events-v1->@Inject::onStartTick(Lorg/spongepowered/asm/mixin/injection/callback/CallbackInfo;)V doesn't use it's CallbackInfo
[12:26:27] [Render thread/DEBUG] (FabricLoader/Mixin) fabric-lifecycle-events-v1.client.mixins.json:MinecraftClientMixin from mod fabric-lifecycle-events-v1->@Inject::onStartTick(Lorg/spongepowered/asm/mixin/injection/callback/CallbackInfo;)V has 0 override(s) in child classes
[12:26:27] [Render thread/DEBUG] (FabricLoader/Mixin) fabric-lifecycle-events-v1.client.mixins.json:MinecraftClientMixin from mod fabric-lifecycle-events-v1->@Inject::onStartTick(Lorg/spongepowered/asm/mixin/injection/callback/CallbackInfo;)V won't be passed a CallbackInfo as a result
[12:26:27] [Render thread/DEBUG] (FabricLoader/Mixin) fabric-lifecycle-events-v1.client.mixins.json:MinecraftClientMixin from mod fabric-lifecycle-events-v1->@Inject::onEndTick(Lorg/spongepowered/asm/mixin/injection/callback/CallbackInfo;)V doesn't use it's CallbackInfo
[12:26:27] [Render thread/DEBUG] (FabricLoader/Mixin) fabric-lifecycle-events-v1.client.mixins.json:MinecraftClientMixin from mod fabric-lifecycle-events-v1->@Inject::onEndTick(Lorg/spongepowered/asm/mixin/injection/callback/CallbackInfo;)V has 0 override(s) in child classes
[12:26:27] [Render thread/DEBUG] (FabricLoader/Mixin) fabric-lifecycle-events-v1.client.mixins.json:MinecraftClientMixin from mod fabric-lifecycle-events-v1->@Inject::onEndTick(Lorg/spongepowered/asm/mixin/injection/callback/CallbackInfo;)V won't be passed a CallbackInfo as a result
[12:26:27] [Render thread/DEBUG] (FabricLoader/Mixin) fabric-lifecycle-events-v1.client.mixins.json:MinecraftClientMixin from mod fabric-lifecycle-events-v1->@Inject::onStopping(Lorg/spongepowered/asm/mixin/injection/callback/CallbackInfo;)V doesn't use it's CallbackInfo
[12:26:27] [Render thread/DEBUG] (FabricLoader/Mixin) fabric-lifecycle-events-v1.client.mixins.json:MinecraftClientMixin from mod fabric-lifecycle-events-v1->@Inject::onStopping(Lorg/spongepowered/asm/mixin/injection/callback/CallbackInfo;)V has 0 override(s) in child classes
[12:26:27] [Render thread/DEBUG] (FabricLoader/Mixin) fabric-lifecycle-events-v1.client.mixins.json:MinecraftClientMixin from mod fabric-lifecycle-events-v1->@Inject::onStopping(Lorg/spongepowered/asm/mixin/injection/callback/CallbackInfo;)V won't be passed a CallbackInfo as a result
[12:26:27] [Render thread/DEBUG] (FabricLoader/Mixin) fabric-lifecycle-events-v1.client.mixins.json:MinecraftClientMixin from mod fabric-lifecycle-events-v1->@Inject::onStart(Lorg/spongepowered/asm/mixin/injection/callback/CallbackInfo;)V doesn't use it's CallbackInfo
[12:26:27] [Render thread/DEBUG] (FabricLoader/Mixin) fabric-lifecycle-events-v1.client.mixins.json:MinecraftClientMixin from mod fabric-lifecycle-events-v1->@Inject::onStart(Lorg/spongepowered/asm/mixin/injection/callback/CallbackInfo;)V has 0 override(s) in child classes
[12:26:27] [Render thread/DEBUG] (FabricLoader/Mixin) fabric-lifecycle-events-v1.client.mixins.json:MinecraftClientMixin from mod fabric-lifecycle-events-v1->@Inject::onStart(Lorg/spongepowered/asm/mixin/injection/callback/CallbackInfo;)V won't be passed a CallbackInfo as a result
[12:26:27] [Render thread/DEBUG] (FabricLoader/Mixin) fabric-lifecycle-events-v1.client.mixins.json:MinecraftClientMixin from mod fabric-lifecycle-events-v1->@Inject::afterClientWorldChange(Lnet/minecraft/client/multiplayer/ClientLevel;Lorg/spongepowered/asm/mixin/injection/callback/CallbackInfo;)V doesn't use it's CallbackInfo
[12:26:27] [Render thread/DEBUG] (FabricLoader/Mixin) fabric-lifecycle-events-v1.client.mixins.json:MinecraftClientMixin from mod fabric-lifecycle-events-v1->@Inject::afterClientWorldChange(Lnet/minecraft/client/multiplayer/ClientLevel;Lorg/spongepowered/asm/mixin/injection/callback/CallbackInfo;)V has 0 override(s) in child classes
[12:26:27] [Render thread/DEBUG] (FabricLoader/Mixin) fabric-lifecycle-events-v1.client.mixins.json:MinecraftClientMixin from mod fabric-lifecycle-events-v1->@Inject::afterClientWorldChange(Lnet/minecraft/client/multiplayer/ClientLevel;Lorg/spongepowered/asm/mixin/injection/callback/CallbackInfo;)V won't be passed a CallbackInfo as a result
[12:26:27] [Render thread/DEBUG] (FabricLoader/Mixin) fabric-data-generation-api-v1.client.mixins.json:MinecraftClientMixin from mod fabric-data-generation-api-v1->@Inject::main(Lorg/spongepowered/asm/mixin/injection/callback/CallbackInfo;)V doesn't use it's CallbackInfo
[12:26:27] [Render thread/DEBUG] (FabricLoader/Mixin) fabric-data-generation-api-v1.client.mixins.json:MinecraftClientMixin from mod fabric-data-generation-api-v1->@Inject::main(Lorg/spongepowered/asm/mixin/injection/callback/CallbackInfo;)V has 0 override(s) in child classes
[12:26:27] [Render thread/DEBUG] (FabricLoader/Mixin) fabric-data-generation-api-v1.client.mixins.json:MinecraftClientMixin from mod fabric-data-generation-api-v1->@Inject::main(Lorg/spongepowered/asm/mixin/injection/callback/CallbackInfo;)V won't be passed a CallbackInfo as a result
[12:26:27] [Render thread/DEBUG] (FabricLoader/Mixin) fabric-events-interaction-v0.client.mixins.json:MinecraftClientMixin from mod fabric-events-interaction-v0->@Inject::injectUseEntityCallback(Lorg/spongepowered/asm/mixin/injection/callback/CallbackInfo;)V does use it's CallbackInfo
[12:26:27] [Render thread/DEBUG] (FabricLoader/Mixin) fabric-events-interaction-v0.client.mixins.json:MinecraftClientMixin from mod fabric-events-interaction-v0->@Inject::injectHandleInputEventsForPreAttackCallback(Lorg/spongepowered/asm/mixin/injection/callback/CallbackInfo;)V doesn't use it's CallbackInfo
[12:26:27] [Render thread/DEBUG] (FabricLoader/Mixin) fabric-events-interaction-v0.client.mixins.json:MinecraftClientMixin from mod fabric-events-interaction-v0->@Inject::injectHandleInputEventsForPreAttackCallback(Lorg/spongepowered/asm/mixin/injection/callback/CallbackInfo;)V has 0 override(s) in child classes
[12:26:27] [Render thread/DEBUG] (FabricLoader/Mixin) fabric-events-interaction-v0.client.mixins.json:MinecraftClientMixin from mod fabric-events-interaction-v0->@Inject::injectHandleInputEventsForPreAttackCallback(Lorg/spongepowered/asm/mixin/injection/callback/CallbackInfo;)V won't be passed a CallbackInfo as a result
[12:26:27] [Render thread/DEBUG] (FabricLoader/Mixin) fabric-events-interaction-v0.client.mixins.json:MinecraftClientMixin from mod fabric-events-interaction-v0->@Inject::injectDoAttackForCancelling(Lorg/spongepowered/asm/mixin/injection/callback/CallbackInfoReturnable;)V does use it's CallbackInfoReturnable
[12:26:27] [Render thread/DEBUG] (FabricLoader/Mixin) fabric-events-interaction-v0.client.mixins.json:MinecraftClientMixin from mod fabric-events-interaction-v0->@Inject::injectHandleBlockBreakingForCancelling(ZLorg/spongepowered/asm/mixin/injection/callback/CallbackInfo;)V does use it's CallbackInfo
[12:26:27] [Render thread/DEBUG] (FabricLoader/Mixin) Mixing MixinTitleScreen from mixins.iris.json into net.minecraft.client.gui.screens.TitleScreen
[12:26:27] [Render thread/DEBUG] (FabricLoader/Mixin) mixins.iris.json:MixinTitleScreen from mod iris: Class version 65 required is higher than the class version supported by the current version of Mixin (JAVA_8 supports class version 52)
[12:26:27] [Render thread/DEBUG] (FabricLoader/Mixin) Mixing MixinTitleScreen from mixins.modmenu.json into net.minecraft.client.gui.screens.TitleScreen
[12:26:27] [Render thread/DEBUG] (FabricLoader/Mixin) mixins.iris.json:MixinTitleScreen from mod iris->@Inject::iris$firstInit(Lorg/spongepowered/asm/mixin/injection/callback/CallbackInfo;)V doesn't use it's CallbackInfo
[12:26:27] [Render thread/DEBUG] (FabricLoader/Mixin) mixins.iris.json:MixinTitleScreen from mod iris->@Inject::iris$firstInit(Lorg/spongepowered/asm/mixin/injection/callback/CallbackInfo;)V has 0 override(s) in child classes
[12:26:27] [Render thread/DEBUG] (FabricLoader/Mixin) mixins.iris.json:MixinTitleScreen from mod iris->@Inject::iris$firstInit(Lorg/spongepowered/asm/mixin/injection/callback/CallbackInfo;)V won't be passed a CallbackInfo as a result
[12:26:27] [Render thread/DEBUG] (FabricLoader/Mixin) Mixing MixinAbstractContainerScreen from infernum.mixins.json into net.minecraft.client.gui.screens.inventory.AbstractContainerScreen
[12:26:27] [Render thread/DEBUG] (FabricLoader/Mixin) Mixing HandledScreenMixin from fabric-screen-api-v1.mixins.json into net.minecraft.client.gui.screens.inventory.AbstractContainerScreen
[12:26:27] [Render thread/DEBUG] (FabricLoader/Mixin) infernum.mixins.json:MixinAbstractContainerScreen from mod infernum->@Inject::frozen$onDrawSlotPre(Lnet/minecraft/client/gui/GuiGraphics;Lnet/minecraft/world/inventory/Slot;Lorg/spongepowered/asm/mixin/injection/callback/CallbackInfo;)V doesn't use it's CallbackInfo
[12:26:27] [Render thread/DEBUG] (FabricLoader/Mixin) infernum.mixins.json:MixinAbstractContainerScreen from mod infernum->@Inject::frozen$onDrawSlotPre(Lnet/minecraft/client/gui/GuiGraphics;Lnet/minecraft/world/inventory/Slot;Lorg/spongepowered/asm/mixin/injection/callback/CallbackInfo;)V has 0 override(s) in child classes
[12:26:27] [Render thread/DEBUG] (FabricLoader/Mixin) infernum.mixins.json:MixinAbstractContainerScreen from mod infernum->@Inject::frozen$onDrawSlotPre(Lnet/minecraft/client/gui/GuiGraphics;Lnet/minecraft/world/inventory/Slot;Lorg/spongepowered/asm/mixin/injection/callback/CallbackInfo;)V won't be passed a CallbackInfo as a result
[12:26:27] [Render thread/DEBUG] (FabricLoader/Mixin) infernum.mixins.json:MixinAbstractContainerScreen from mod infernum->@Inject::frozen$onDrawSlotPost(Lnet/minecraft/client/gui/GuiGraphics;Lnet/minecraft/world/inventory/Slot;Lorg/spongepowered/asm/mixin/injection/callback/CallbackInfo;)V doesn't use it's CallbackInfo
[12:26:27] [Render thread/DEBUG] (FabricLoader/Mixin) infernum.mixins.json:MixinAbstractContainerScreen from mod infernum->@Inject::frozen$onDrawSlotPost(Lnet/minecraft/client/gui/GuiGraphics;Lnet/minecraft/world/inventory/Slot;Lorg/spongepowered/asm/mixin/injection/callback/CallbackInfo;)V has 0 override(s) in child classes
[12:26:27] [Render thread/DEBUG] (FabricLoader/Mixin) infernum.mixins.json:MixinAbstractContainerScreen from mod infernum->@Inject::frozen$onDrawSlotPost(Lnet/minecraft/client/gui/GuiGraphics;Lnet/minecraft/world/inventory/Slot;Lorg/spongepowered/asm/mixin/injection/callback/CallbackInfo;)V won't be passed a CallbackInfo as a result
[12:26:27] [Render thread/DEBUG] (FabricLoader/Mixin) infernum.mixins.json:MixinAbstractContainerScreen from mod infernum->@Inject::frozen$onMouseClicked(Lnet/minecraft/client/input/MouseButtonEvent;ZLorg/spongepowered/asm/mixin/injection/callback/CallbackInfoReturnable;)V does use it's CallbackInfoReturnable
[12:26:27] [Render thread/DEBUG] (FabricLoader/Mixin) infernum.mixins.json:MixinAbstractContainerScreen from mod infernum->@Inject::frozen$onKeyPressed(Lnet/minecraft/client/input/KeyEvent;Lorg/spongepowered/asm/mixin/injection/callback/CallbackInfoReturnable;)V does use it's CallbackInfoReturnable
[12:26:27] [Render thread/DEBUG] (FabricLoader/Mixin) infernum.mixins.json:MixinAbstractContainerScreen from mod infernum->@Inject::frozen$onInit(Lorg/spongepowered/asm/mixin/injection/callback/CallbackInfo;)V doesn't use it's CallbackInfo
[12:26:27] [Render thread/DEBUG] (FabricLoader/Mixin) infernum.mixins.json:MixinAbstractContainerScreen from mod infernum->@Inject::frozen$onInit(Lorg/spongepowered/asm/mixin/injection/callback/CallbackInfo;)V has 0 override(s) in child classes
[12:26:27] [Render thread/DEBUG] (FabricLoader/Mixin) infernum.mixins.json:MixinAbstractContainerScreen from mod infernum->@Inject::frozen$onInit(Lorg/spongepowered/asm/mixin/injection/callback/CallbackInfo;)V won't be passed a CallbackInfo as a result
[12:26:27] [Render thread/DEBUG] (FabricLoader/Mixin) fabric-screen-api-v1.mixins.json:HandledScreenMixin from mod fabric-screen-api-v1->@Inject::callSuperMouseReleased(Lnet/minecraft/client/input/MouseButtonEvent;Lorg/spongepowered/asm/mixin/injection/callback/CallbackInfoReturnable;)V does use it's CallbackInfoReturnable
[12:26:27] [Render thread/DEBUG] (FabricLoader/Mixin) fabric-screen-api-v1.mixins.json:HandledScreenMixin from mod fabric-screen-api-v1->@Inject::callSuperMouseReleased(Lnet/minecraft/client/input/MouseButtonEvent;DDLorg/spongepowered/asm/mixin/injection/callback/CallbackInfoReturnable;)V does use it's CallbackInfoReturnable
[12:26:27] [Render thread/DEBUG] (FabricLoader/Mixin) Mixing MixinGameMenu from mixins.modmenu.json into net.minecraft.client.gui.screens.PauseScreen
[12:26:27] [Render thread/DEBUG] (FabricLoader/Mixin) Renaming @Accessor method getCUSTOM_OPTIONS_TOOLTIP()Lnet/minecraft/client/gui/components/Tooltip; to getCUSTOM_OPTIONS_TOOLTIP$modmenu_$md$ab7149$0 in mixins.modmenu.json:MixinGameMenu from mod modmenu
[12:26:27] [Render thread/DEBUG] (FabricLoader/Mixin) Renaming synthetic method lambda$onInitWidgets$2(Lnet/minecraft/client/gui/components/Button;)V to mdab7149$modmenu$lambda$onInitWidgets$2$1 in mixins.modmenu.json:MixinGameMenu from mod modmenu
[12:26:27] [Render thread/DEBUG] (FabricLoader/Mixin) Renaming synthetic method lambda$onInitWidgets$1(Lnet/minecraft/client/gui/layouts/LayoutElement;)V to mdab7149$modmenu$lambda$onInitWidgets$1$2 in mixins.modmenu.json:MixinGameMenu from mod modmenu
[12:26:27] [Render thread/DEBUG] (FabricLoader/Mixin) Renaming synthetic method lambda$onInitWidgets$0(Lnet/minecraft/client/gui/layouts/LayoutElement;)Z to mdab7149$modmenu$lambda$onInitWidgets$0$3 in mixins.modmenu.json:MixinGameMenu from mod modmenu
[12:26:27] [Render thread/DEBUG] (FabricLoader/Mixin) mixins.modmenu.json:MixinGameMenu from mod modmenu->@Inject::onInitWidgets(Lorg/spongepowered/asm/mixin/injection/callback/CallbackInfo;Lnet/minecraft/client/gui/layouts/GridLayout;)V doesn't use it's CallbackInfo
[12:26:27] [Render thread/DEBUG] (FabricLoader/Mixin) mixins.modmenu.json:MixinGameMenu from mod modmenu->@Inject::onInitWidgets(Lorg/spongepowered/asm/mixin/injection/callback/CallbackInfo;Lnet/minecraft/client/gui/layouts/GridLayout;)V has 0 override(s) in child classes
[12:26:27] [Render thread/DEBUG] (FabricLoader/Mixin) mixins.modmenu.json:MixinGameMenu from mod modmenu->@Inject::onInitWidgets(Lorg/spongepowered/asm/mixin/injection/callback/CallbackInfo;Lnet/minecraft/client/gui/layouts/GridLayout;)V won't be passed a CallbackInfo as a result
[12:26:27] [Render thread/DEBUG] (FabricLoader/Mixin) Mixing KeyedClientResourceReloadListenerMixin from fabric-resource-loader-v1.client.mixins.json into net.minecraft.client.PeriodicNotificationManager
[12:26:27] [Render thread/DEBUG] (FabricLoader/Mixin) Mixing VanillaResourcePackProviderMixin from fabric-resource-loader-v0.client.mixins.json into net.minecraft.server.packs.repository.BuiltInPackSource
[12:26:27] [Render thread/DEBUG] (FabricLoader/Mixin) fabric-resource-loader-v0.client.mixins.json:VanillaResourcePackProviderMixin from mod fabric-resource-loader-v0->@Inject::addBuiltinResourcePacks(Ljava/util/function/Consumer;Lorg/spongepowered/asm/mixin/injection/callback/CallbackInfo;)V doesn't use it's CallbackInfo
[12:26:27] [Render thread/DEBUG] (FabricLoader/Mixin) fabric-resource-loader-v0.client.mixins.json:VanillaResourcePackProviderMixin from mod fabric-resource-loader-v0->@Inject::addBuiltinResourcePacks(Ljava/util/function/Consumer;Lorg/spongepowered/asm/mixin/injection/callback/CallbackInfo;)V has 0 override(s) in child classes
[12:26:27] [Render thread/DEBUG] (FabricLoader/Mixin) fabric-resource-loader-v0.client.mixins.json:VanillaResourcePackProviderMixin from mod fabric-resource-loader-v0->@Inject::addBuiltinResourcePacks(Ljava/util/function/Consumer;Lorg/spongepowered/asm/mixin/injection/callback/CallbackInfo;)V won't be passed a CallbackInfo as a result
[12:26:27] [Render thread/DEBUG] (FabricLoader/Mixin) Mixing ResourcePackManagerMixin from fabric-resource-loader-v0.mixins.json into net.minecraft.server.packs.repository.PackRepository
[12:26:27] [Render thread/DEBUG] (FabricLoader/Mixin) Renaming synthetic method lambda$handleAutoDisable$0(Ljava/util/Set;Lnet/minecraft/server/packs/repository/Pack;)Z to mdab7149$fabric-resource-loader-v0$lambda$handleAutoDisable$0$0 in fabric-resource-loader-v0.mixins.json:ResourcePackManagerMixin from mod fabric-resource-loader-v0
[12:26:27] [Render thread/DEBUG] (FabricLoader/Mixin) fabric-resource-loader-v0.mixins.json:ResourcePackManagerMixin from mod fabric-resource-loader-v0->@Inject::construct([Lnet/minecraft/server/packs/repository/RepositorySource;Lorg/spongepowered/asm/mixin/injection/callback/CallbackInfo;)V doesn't use it's CallbackInfo
[12:26:27] [Render thread/DEBUG] (FabricLoader/Mixin) fabric-resource-loader-v0.mixins.json:ResourcePackManagerMixin from mod fabric-resource-loader-v0->@Inject::construct([Lnet/minecraft/server/packs/repository/RepositorySource;Lorg/spongepowered/asm/mixin/injection/callback/CallbackInfo;)V has 0 override(s) in child classes
[12:26:27] [Render thread/DEBUG] (FabricLoader/Mixin) fabric-resource-loader-v0.mixins.json:ResourcePackManagerMixin from mod fabric-resource-loader-v0->@Inject::construct([Lnet/minecraft/server/packs/repository/RepositorySource;Lorg/spongepowered/asm/mixin/injection/callback/CallbackInfo;)V won't be passed a CallbackInfo as a result
[12:26:27] [Render thread/DEBUG] (FabricLoader/Mixin) fabric-resource-loader-v0.mixins.json:ResourcePackManagerMixin from mod fabric-resource-loader-v0->@Inject::handleAutoEnableDisable(Ljava/util/Collection;Lorg/spongepowered/asm/mixin/injection/callback/CallbackInfoReturnable;)V doesn't use it's CallbackInfoReturnable
[12:26:27] [Render thread/DEBUG] (FabricLoader/Mixin) fabric-resource-loader-v0.mixins.json:ResourcePackManagerMixin from mod fabric-resource-loader-v0->@Inject::handleAutoEnableDisable(Ljava/util/Collection;Lorg/spongepowered/asm/mixin/injection/callback/CallbackInfoReturnable;)V has 0 override(s) in child classes
[12:26:27] [Render thread/DEBUG] (FabricLoader/Mixin) fabric-resource-loader-v0.mixins.json:ResourcePackManagerMixin from mod fabric-resource-loader-v0->@Inject::handleAutoEnableDisable(Ljava/util/Collection;Lorg/spongepowered/asm/mixin/injection/callback/CallbackInfoReturnable;)V won't be passed a CallbackInfoReturnable as a result
[12:26:27] [Render thread/DEBUG] (FabricLoader/Mixin) fabric-resource-loader-v0.mixins.json:ResourcePackManagerMixin from mod fabric-resource-loader-v0->@Inject::handleAutoEnable(Ljava/lang/String;Lorg/spongepowered/asm/mixin/injection/callback/CallbackInfoReturnable;)V doesn't use it's CallbackInfoReturnable
[12:26:27] [Render thread/DEBUG] (FabricLoader/Mixin) fabric-resource-loader-v0.mixins.json:ResourcePackManagerMixin from mod fabric-resource-loader-v0->@Inject::handleAutoEnable(Ljava/lang/String;Lorg/spongepowered/asm/mixin/injection/callback/CallbackInfoReturnable;)V has 0 override(s) in child classes
[12:26:27] [Render thread/DEBUG] (FabricLoader/Mixin) fabric-resource-loader-v0.mixins.json:ResourcePackManagerMixin from mod fabric-resource-loader-v0->@Inject::handleAutoEnable(Ljava/lang/String;Lorg/spongepowered/asm/mixin/injection/callback/CallbackInfoReturnable;)V won't be passed a CallbackInfoReturnable as a result
[12:26:27] [Render thread/DEBUG] (FabricLoader/Mixin) fabric-resource-loader-v0.mixins.json:ResourcePackManagerMixin from mod fabric-resource-loader-v0->@Inject::handleAutoDisable(Ljava/lang/String;Lorg/spongepowered/asm/mixin/injection/callback/CallbackInfoReturnable;)V doesn't use it's CallbackInfoReturnable
[12:26:27] [Render thread/DEBUG] (FabricLoader/Mixin) fabric-resource-loader-v0.mixins.json:ResourcePackManagerMixin from mod fabric-resource-loader-v0->@Inject::handleAutoDisable(Ljava/lang/String;Lorg/spongepowered/asm/mixin/injection/callback/CallbackInfoReturnable;)V has 0 override(s) in child classes
[12:26:27] [Render thread/DEBUG] (FabricLoader/Mixin) fabric-resource-loader-v0.mixins.json:ResourcePackManagerMixin from mod fabric-resource-loader-v0->@Inject::handleAutoDisable(Ljava/lang/String;Lorg/spongepowered/asm/mixin/injection/callback/CallbackInfoReturnable;)V won't be passed a CallbackInfoReturnable as a result
[12:26:27] [Render thread/INFO] (com.mojang.authlib.yggdrasil.YggdrasilAuthenticationService) Environment: Environment[sessionHost=https://sessionserver.mojang.com, servicesHost=https://api.minecraftservices.com, profilesHost=https://api.mojang.com, name=PROD]
[12:26:27] [Yggdrasil Key Fetcher/DEBUG] (com.mojang.authlib.minecraft.client.MinecraftClient) Connecting to https://api.minecraftservices.com/publickeys
[12:26:27] [Download-1/DEBUG] (com.mojang.authlib.minecraft.client.MinecraftClient) Connecting to https://sessionserver.mojang.com/session/minecraft/profile/c9993ad5c6374cf1b96e89835fae0476?unsigned=false
[12:26:27] [Render thread/INFO] (net.minecraft.client.Minecraft) Setting user: DhrRico
[12:26:27] [Download-2/DEBUG] (com.mojang.authlib.minecraft.client.MinecraftClient) Connecting to https://api.minecraftservices.com/player/attributes
[12:26:27] [Render thread/DEBUG] (FabricLoader/Entrypoint) Iterating over entrypoint 'main'
[12:26:27] [Render thread/DEBUG] (FabricLoader/Mixin) Mixing ServerConfigurationNetworkHandlerMixin from fabric-networking-api-v1.mixins.json into net.minecraft.server.network.ServerConfigurationPacketListenerImpl
[12:26:27] [Render thread/DEBUG] (FabricLoader/Mixin) Renaming synthetic method lambda$bindChannelInfo$0(Lnet/minecraft/network/RegistryFriendlyByteBuf;)Lnet/minecraft/network/RegistryFriendlyByteBuf; to mdab7149$fabric-networking-api-v1$lambda$bindChannelInfo$0$0 in fabric-networking-api-v1.mixins.json:ServerConfigurationNetworkHandlerMixin from mod fabric-networking-api-v1
[12:26:27] [Render thread/DEBUG] (FabricLoader/Mixin) Mixing ServerConfigurationNetworkHandlerMixin from fabric-resource-loader-v0.mixins.json into net.minecraft.server.network.ServerConfigurationPacketListenerImpl
[12:26:27] [Render thread/DEBUG] (FabricLoader/Mixin) fabric-networking-api-v1.mixins.json:ServerConfigurationNetworkHandlerMixin from mod fabric-networking-api-v1->@Inject::initAddon(Lorg/spongepowered/asm/mixin/injection/callback/CallbackInfo;)V doesn't use it's CallbackInfo
[12:26:27] [Render thread/DEBUG] (FabricLoader/Mixin) fabric-networking-api-v1.mixins.json:ServerConfigurationNetworkHandlerMixin from mod fabric-networking-api-v1->@Inject::initAddon(Lorg/spongepowered/asm/mixin/injection/callback/CallbackInfo;)V has 0 override(s) in child classes
[12:26:27] [Render thread/DEBUG] (FabricLoader/Mixin) fabric-networking-api-v1.mixins.json:ServerConfigurationNetworkHandlerMixin from mod fabric-networking-api-v1->@Inject::initAddon(Lorg/spongepowered/asm/mixin/injection/callback/CallbackInfo;)V won't be passed a CallbackInfo as a result
[12:26:27] [Render thread/DEBUG] (FabricLoader/Mixin) fabric-networking-api-v1.mixins.json:ServerConfigurationNetworkHandlerMixin from mod fabric-networking-api-v1->@Inject::onClientReady(Lorg/spongepowered/asm/mixin/injection/callback/CallbackInfo;)V does use it's CallbackInfo
[12:26:27] [Render thread/DEBUG] (FabricLoader/Mixin) Mixing sync.ServerCommonNetworkHandlerAccessor from fabric-recipe-api-v1.mixins.json into net.minecraft.server.network.ServerCommonPacketListenerImpl
[12:26:27] [Render thread/DEBUG] (FabricLoader/Mixin) Mixing ServerCommonNetworkHandlerMixin from fabric-networking-api-v1.mixins.json into net.minecraft.server.network.ServerCommonPacketListenerImpl
[12:26:27] [Render thread/DEBUG] (FabricLoader/Mixin) Mixing accessor.ServerCommonNetworkHandlerAccessor from fabric-networking-api-v1.mixins.json into net.minecraft.server.network.ServerCommonPacketListenerImpl
[12:26:27] [Render thread/DEBUG] (FabricLoader/Mixin) fabric-networking-api-v1.mixins.json:ServerCommonNetworkHandlerMixin from mod fabric-networking-api-v1->@Inject::handleCustomPayloadReceivedAsync(Lnet/minecraft/network/protocol/common/ServerboundCustomPayloadPacket;Lorg/spongepowered/asm/mixin/injection/callback/CallbackInfo;)V does use it's CallbackInfo
[12:26:27] [Render thread/DEBUG] (FabricLoader/Mixin) fabric-networking-api-v1.mixins.json:ServerCommonNetworkHandlerMixin from mod fabric-networking-api-v1->@Inject::onPlayPong(Lnet/minecraft/network/protocol/common/ServerboundPongPacket;Lorg/spongepowered/asm/mixin/injection/callback/CallbackInfo;)V doesn't use it's CallbackInfo
[12:26:27] [Render thread/DEBUG] (FabricLoader/Mixin) fabric-networking-api-v1.mixins.json:ServerCommonNetworkHandlerMixin from mod fabric-networking-api-v1->@Inject::onPlayPong(Lnet/minecraft/network/protocol/common/ServerboundPongPacket;Lorg/spongepowered/asm/mixin/injection/callback/CallbackInfo;)V has 0 override(s) in child classes
[12:26:27] [Render thread/DEBUG] (FabricLoader/Mixin) fabric-networking-api-v1.mixins.json:ServerCommonNetworkHandlerMixin from mod fabric-networking-api-v1->@Inject::onPlayPong(Lnet/minecraft/network/protocol/common/ServerboundPongPacket;Lorg/spongepowered/asm/mixin/injection/callback/CallbackInfo;)V won't be passed a CallbackInfo as a result
[12:26:27] [Render thread/DEBUG] (FabricLoader/Mixin) Unexpected: Registered method getConnection()Lnet/minecraft/network/Connection; in net.minecraft.server.network.ServerCommonPacketListenerImpl was not merged
[12:26:27] [Render thread/DEBUG] (io.netty.util.internal.InternalThreadLocalMap) -Dio.netty.threadLocalMap.stringBuilder.initialSize: 1024
[12:26:27] [Render thread/DEBUG] (io.netty.util.internal.InternalThreadLocalMap) -Dio.netty.threadLocalMap.stringBuilder.maxSize: 4096
[12:26:27] [Render thread/DEBUG] (io.netty.util.internal.PlatformDependent0) -Dio.netty.noUnsafe: false
[12:26:27] [Render thread/DEBUG] (io.netty.util.internal.PlatformDependent0) Java version: 21
[12:26:27] [Render thread/DEBUG] (io.netty.util.internal.PlatformDependent0) sun.misc.Unsafe.theUnsafe: available
[12:26:27] [Render thread/DEBUG] (io.netty.util.internal.PlatformDependent0) sun.misc.Unsafe base methods: all available
[12:26:27] [Render thread/DEBUG] (io.netty.util.internal.PlatformDependent0) sun.misc.Unsafe.storeFence: available
[12:26:27] [Render thread/DEBUG] (io.netty.util.internal.PlatformDependent0) java.nio.Buffer.address: available
[12:26:27] [Render thread/DEBUG] (io.netty.util.internal.PlatformDependent0) direct buffer constructor: unavailable: Reflective setAccessible(true) disabled
[12:26:27] [Render thread/DEBUG] (io.netty.util.internal.PlatformDependent0) java.nio.Bits.unaligned: available, true
[12:26:27] [Render thread/DEBUG] (io.netty.util.internal.PlatformDependent0) jdk.internal.misc.Unsafe.allocateUninitializedArray(int): unavailable: class io.netty.util.internal.PlatformDependent0$7 cannot access class jdk.internal.misc.Unsafe (in module java.base) because module java.base does not export jdk.internal.misc to unnamed module @44a59da3
[12:26:27] [Render thread/DEBUG] (io.netty.util.internal.PlatformDependent0) java.nio.DirectByteBuffer.<init>(long, {int,long}): unavailable
[12:26:27] [Render thread/DEBUG] (io.netty.util.internal.PlatformDependent) sun.misc.Unsafe: available
[12:26:27] [Render thread/DEBUG] (io.netty.util.internal.PlatformDependent) -Dio.netty.tmpdir: C:\Users\enric\AppData\Local\Temp (java.io.tmpdir)
[12:26:27] [Render thread/DEBUG] (io.netty.util.internal.PlatformDependent) -Dio.netty.bitMode: 64 (sun.arch.data.model)
[12:26:27] [Render thread/DEBUG] (io.netty.util.internal.PlatformDependent) Platform: Windows
[12:26:27] [Render thread/DEBUG] (io.netty.util.internal.PlatformDependent) -Dio.netty.maxDirectMemory: -1 bytes
[12:26:27] [Render thread/DEBUG] (io.netty.util.internal.PlatformDependent) -Dio.netty.uninitializedArrayAllocationThreshold: -1
[12:26:27] [Render thread/DEBUG] (io.netty.util.internal.CleanerJava9) java.nio.ByteBuffer.cleaner(): available
[12:26:27] [Render thread/DEBUG] (io.netty.util.internal.PlatformDependent) -Dio.netty.noPreferDirect: false
[12:26:27] [Render thread/DEBUG] (io.netty.buffer.PooledByteBufAllocator) -Dio.netty.allocator.numHeapArenas: 32
[12:26:27] [Render thread/DEBUG] (io.netty.buffer.PooledByteBufAllocator) -Dio.netty.allocator.numDirectArenas: 32
[12:26:27] [Render thread/DEBUG] (io.netty.buffer.PooledByteBufAllocator) -Dio.netty.allocator.pageSize: 8192
[12:26:27] [Render thread/DEBUG] (io.netty.buffer.PooledByteBufAllocator) -Dio.netty.allocator.maxOrder: 9
[12:26:27] [Render thread/DEBUG] (io.netty.buffer.PooledByteBufAllocator) -Dio.netty.allocator.chunkSize: 4194304
[12:26:27] [Render thread/DEBUG] (io.netty.buffer.PooledByteBufAllocator) -Dio.netty.allocator.smallCacheSize: 256
[12:26:27] [Render thread/DEBUG] (io.netty.buffer.PooledByteBufAllocator) -Dio.netty.allocator.normalCacheSize: 64
[12:26:27] [Render thread/DEBUG] (io.netty.buffer.PooledByteBufAllocator) -Dio.netty.allocator.maxCachedBufferCapacity: 32768
[12:26:27] [Render thread/DEBUG] (io.netty.buffer.PooledByteBufAllocator) -Dio.netty.allocator.cacheTrimInterval: 8192
[12:26:27] [Render thread/DEBUG] (io.netty.buffer.PooledByteBufAllocator) -Dio.netty.allocator.cacheTrimIntervalMillis: 0
[12:26:27] [Render thread/DEBUG] (io.netty.buffer.PooledByteBufAllocator) -Dio.netty.allocator.useCacheForAllThreads: false
[12:26:27] [Render thread/DEBUG] (io.netty.buffer.PooledByteBufAllocator) -Dio.netty.allocator.maxCachedByteBuffersPerChunk: 1023
[12:26:27] [Render thread/DEBUG] (io.netty.buffer.PooledByteBufAllocator) -Dio.netty.allocator.disableCacheFinalizersForFastThreadLocalThreads: false
[12:26:27] [Render thread/DEBUG] (io.netty.buffer.ByteBufUtil) -Dio.netty.allocator.type: pooled
[12:26:27] [Render thread/DEBUG] (io.netty.buffer.ByteBufUtil) -Dio.netty.threadLocalDirectBufferSize: 0
[12:26:27] [Render thread/DEBUG] (io.netty.buffer.ByteBufUtil) -Dio.netty.maxThreadLocalCharBufferSize: 16384
[12:26:27] [Render thread/DEBUG] (FabricLoader/Mixin) Mixing VarIntsAccessor from fabric-data-attachment-api-v1.mixins.json into net.minecraft.network.VarInt
[12:26:27] [Render thread/DEBUG] (FabricLoader/Mixin) Renaming @Accessor method getMaxByteSize()I to getMaxByteSize$fabric-data-attachment-api-v1_$md$ab7149$0 in fabric-data-attachment-api-v1.mixins.json:VarIntsAccessor from mod fabric-data-attachment-api-v1
[12:26:27] [Render thread/DEBUG] (FabricLoader/Mixin) Mixing ResourceFinderAccessor from fabric-loot-api-v3.mixins.json into net.minecraft.resources.FileToIdConverter
[12:26:27] [Render thread/DEBUG] (FabricLoader/Mixin) Mixing ResourceFinderAccessor from fabric-resource-conditions-api-v1.mixins.json into net.minecraft.resources.FileToIdConverter
[12:26:27] [Render thread/DEBUG] (FabricLoader/Mixin) Unexpected: Registered method getDirectoryName()Ljava/lang/String; in net.minecraft.resources.FileToIdConverter was not merged
[12:26:27] [Render thread/DEBUG] (FabricLoader/Mixin) Mixing LootTableBuilderMixin from fabric-loot-api-v2.mixins.json into net.minecraft.world.level.storage.loot.LootTable$Builder
[12:26:27] [Render thread/DEBUG] (FabricLoader/Mixin) Mixing LootTableBuilderMixin from fabric-loot-api-v3.mixins.json into net.minecraft.world.level.storage.loot.LootTable$Builder
[12:26:27] [Render thread/DEBUG] (FabricLoader/Mixin) Mixing CustomPayloadC2SPacketAccessor from fabric-data-attachment-api-v1.mixins.json into net.minecraft.network.protocol.common.ServerboundCustomPayloadPacket
[12:26:27] [Render thread/DEBUG] (FabricLoader/Mixin) Mixing CustomPayloadC2SPacketMixin from fabric-networking-api-v1.mixins.json into net.minecraft.network.protocol.common.ServerboundCustomPayloadPacket
[12:26:27] [Render thread/DEBUG] (FabricLoader/Mixin) Renaming synthetic method lambda$wrapCodec$0(Lnet/minecraft/network/FriendlyByteBuf;Lnet/minecraft/resources/ResourceLocation;)Lnet/minecraft/network/protocol/common/custom/CustomPacketPayload$TypeAndCodec; to mdab7149$fabric-networking-api-v1$lambda$wrapCodec$0$0 in fabric-networking-api-v1.mixins.json:CustomPayloadC2SPacketMixin from mod fabric-networking-api-v1
[12:26:27] [Render thread/DEBUG] (FabricLoader/Mixin) Mixing CustomPayloadPacketCodecMixin from fabric-networking-api-v1.mixins.json into net.minecraft.network.protocol.common.custom.CustomPacketPayload$1
[12:26:27] [Download-1/DEBUG] (com.mojang.authlib.yggdrasil.YggdrasilMinecraftSessionService) Successfully fetched profile properties for GameProfile[id=c9993ad5-c637-4cf1-b96e-89835fae0476, name=DhrRico, properties={textures=[Property[name=textures, value=ewogICJ0aW1lc3RhbXAiIDogMTc3Nzg5MDM4OTExMiwKICAicHJvZmlsZUlkIiA6ICJjOTk5M2FkNWM2Mzc0Y2YxYjk2ZTg5ODM1ZmFlMDQ3NiIsCiAgInByb2ZpbGVOYW1lIiA6ICJEaHJSaWNvIiwKICAic2lnbmF0dXJlUmVxdWlyZWQiIDogdHJ1ZSwKICAidGV4dHVyZXMiIDogewogICAgIlNLSU4iIDogewogICAgICAidXJsIiA6ICJodHRwOi8vdGV4dHVyZXMubWluZWNyYWZ0Lm5ldC90ZXh0dXJlLzUxZGEwNTM5YmU4NmU0NDgyMmY2MDQ2YTE4YmQ0YTRiYjM5YTA5MTYyMzM5NjkwMGJmZTYxMWZiMTAyNmVjODAiLAogICAgICAibWV0YWRhdGEiIDogewogICAgICAgICJtb2RlbCIgOiAic2xpbSIKICAgICAgfQogICAgfQogIH0KfQ==, signature=qZ6UOFksql+TQPjZR7x+8DRqh1V2VgpIZE/EreThz27R342G20SdFn773vyr9lpgpWDEWR/yWr6ecDf/Rl99CwAD1hl5j7b83vpcwILsKZzZ2Rji5RrcHbiJa2xuldaI5jhW9iVM5XruyesImxtwMRuVVLIN4y7iAKgQCklCUIXEKLRb2UigftVDsIKx9CVe5KOPMhNVdUMRFwySVrtoEBZ7NWoOuR3xfmchMDha2fMDzXjk4u5RmBrzCNjfxCQ3nFrq2GMrVgphuCoMh368Fu/iPTFhNU5xQQxit679X0HmYGGWFKLkz0KYDtGwZNiFa0pO13hhwNwrqjK2AS8UwWuCIm8402HuZgwKuXjRjbzIr0v/e89AHxMIn/IsDN1nvdDy4Z5tUiTipNrQJRnkf6qIwSFk5I8MRX2ZhOi98aYQKsai6iZv2+U8kPisi7VcvGLvc6dvgWQV4AHRHYUq+RFzQotgjTSgORBRO53wfLFBsfr/SqZlzWzKs4AsDBhA29VUJarxNVYBO4i1bH5FUsAJtteaZm6ri1W8EUTPYcYSKprLSd8KSMvc5gjFvdCZ4Cuk5ssSk/+XtnEoupweUCkZmA6xvm9KyJuqx+/5hIhGWxOyK9c0Q3NsRwpw09M/vkb7Ji7CcmcVgGfUDRJ074zBw4NDEEvubuwyRh0g58U=]]}]
[12:26:27] [Render thread/DEBUG] (FabricLoader/Entrypoint) Iterating over entrypoint 'client'
[12:26:28] [Render thread/INFO] (infernum) Initializing Infernum...
[12:26:28] [Render thread/DEBUG] (FabricLoader/Mixin) Mixing map_atlas_generation.MixinDrawContext from immediatelyfast-common.mixins.json into net.minecraft.client.gui.GuiGraphics
[12:26:28] [Render thread/DEBUG] (FabricLoader/Mixin) Mixing features.textures.animations.tracking.GuiGraphicsMixin from sodium-common.mixins.json into net.minecraft.client.gui.GuiGraphics
[12:26:28] [Render thread/DEBUG] (FabricLoader/Mixin) sodium-common.mixins.json:features.textures.animations.tracking.GuiGraphicsMixin from mod sodium: Class version 65 required is higher than the class version supported by the current version of Mixin (JAVA_17 supports class version 61)
[12:26:28] [Render thread/DEBUG] (FabricLoader/Mixin) Mixing DrawContextMixin from fabric-rendering-v1.mixins.json into net.minecraft.client.gui.GuiGraphics
[12:26:28] [Render thread/DEBUG] (FabricLoader/Mixin) Mixing client.DrawContextAccessor from trender.mixins.json into net.minecraft.client.gui.GuiGraphics
[12:26:28] [Render thread/DEBUG] (FabricLoader/Mixin) sodium-common.mixins.json:features.textures.animations.tracking.GuiGraphicsMixin from mod sodium->@Inject::preDrawSprite(Lcom/mojang/blaze3d/pipeline/RenderPipeline;Lnet/minecraft/client/renderer/texture/TextureAtlasSprite;IIIIILorg/spongepowered/asm/mixin/injection/callback/CallbackInfo;)V doesn't use it's CallbackInfo
[12:26:28] [Render thread/DEBUG] (FabricLoader/Mixin) sodium-common.mixins.json:features.textures.animations.tracking.GuiGraphicsMixin from mod sodium->@Inject::preDrawSprite(Lcom/mojang/blaze3d/pipeline/RenderPipeline;Lnet/minecraft/client/renderer/texture/TextureAtlasSprite;IIIIILorg/spongepowered/asm/mixin/injection/callback/CallbackInfo;)V has 0 override(s) in child classes
[12:26:28] [Render thread/DEBUG] (FabricLoader/Mixin) sodium-common.mixins.json:features.textures.animations.tracking.GuiGraphicsMixin from mod sodium->@Inject::preDrawSprite(Lcom/mojang/blaze3d/pipeline/RenderPipeline;Lnet/minecraft/client/renderer/texture/TextureAtlasSprite;IIIIILorg/spongepowered/asm/mixin/injection/callback/CallbackInfo;)V won't be passed a CallbackInfo as a result
[12:26:28] [Render thread/DEBUG] (FabricLoader/Mixin) sodium-common.mixins.json:features.textures.animations.tracking.GuiGraphicsMixin from mod sodium->@Inject::preDrawSprite(Lcom/mojang/blaze3d/pipeline/RenderPipeline;Lnet/minecraft/client/renderer/texture/TextureAtlasSprite;IIIIIIIIILorg/spongepowered/asm/mixin/injection/callback/CallbackInfo;)V doesn't use it's CallbackInfo
[12:26:28] [Render thread/DEBUG] (FabricLoader/Mixin) sodium-common.mixins.json:features.textures.animations.tracking.GuiGraphicsMixin from mod sodium->@Inject::preDrawSprite(Lcom/mojang/blaze3d/pipeline/RenderPipeline;Lnet/minecraft/client/renderer/texture/TextureAtlasSprite;IIIIIIIIILorg/spongepowered/asm/mixin/injection/callback/CallbackInfo;)V has 0 override(s) in child classes
[12:26:28] [Render thread/DEBUG] (FabricLoader/Mixin) sodium-common.mixins.json:features.textures.animations.tracking.GuiGraphicsMixin from mod sodium->@Inject::preDrawSprite(Lcom/mojang/blaze3d/pipeline/RenderPipeline;Lnet/minecraft/client/renderer/texture/TextureAtlasSprite;IIIIIIIIILorg/spongepowered/asm/mixin/injection/callback/CallbackInfo;)V won't be passed a CallbackInfo as a result
[12:26:28] [Render thread/DEBUG] (FabricLoader/Mixin) fabric-rendering-v1.mixins.json:DrawContextMixin from mod fabric-rendering-v1->@Inject::drawStackOverlay(Lnet/minecraft/client/gui/Font;Lnet/minecraft/world/item/ItemStack;IILjava/lang/String;Lorg/spongepowered/asm/mixin/injection/callback/CallbackInfo;)V doesn't use it's CallbackInfo
[12:26:28] [Render thread/DEBUG] (FabricLoader/Mixin) fabric-rendering-v1.mixins.json:DrawContextMixin from mod fabric-rendering-v1->@Inject::drawStackOverlay(Lnet/minecraft/client/gui/Font;Lnet/minecraft/world/item/ItemStack;IILjava/lang/String;Lorg/spongepowered/asm/mixin/injection/callback/CallbackInfo;)V has 0 override(s) in child classes
[12:26:28] [Render thread/DEBUG] (FabricLoader/Mixin) fabric-rendering-v1.mixins.json:DrawContextMixin from mod fabric-rendering-v1->@Inject::drawStackOverlay(Lnet/minecraft/client/gui/Font;Lnet/minecraft/world/item/ItemStack;IILjava/lang/String;Lorg/spongepowered/asm/mixin/injection/callback/CallbackInfo;)V won't be passed a CallbackInfo as a result
[12:26:28] [Render thread/DEBUG] (FabricLoader/Mixin) fabric-rendering-v1.mixins.json:DrawContextMixin from mod fabric-rendering-v1->@Inject::drawStackOverlay(Lnet/minecraft/client/gui/Font;Lnet/minecraft/world/item/ItemStack;IILjava/lang/String;Lorg/spongepowered/asm/mixin/injection/callback/CallbackInfo;)V doesn't use it's CallbackInfo
[12:26:28] [Render thread/DEBUG] (FabricLoader/Mixin) fabric-rendering-v1.mixins.json:DrawContextMixin from mod fabric-rendering-v1->@Inject::drawStackOverlay(Lnet/minecraft/client/gui/Font;Lnet/minecraft/world/item/ItemStack;IILjava/lang/String;Lorg/spongepowered/asm/mixin/injection/callback/CallbackInfo;)V has 0 override(s) in child classes
[12:26:28] [Render thread/DEBUG] (FabricLoader/Mixin) fabric-rendering-v1.mixins.json:DrawContextMixin from mod fabric-rendering-v1->@Inject::drawStackOverlay(Lnet/minecraft/client/gui/Font;Lnet/minecraft/world/item/ItemStack;IILjava/lang/String;Lorg/spongepowered/asm/mixin/injection/callback/CallbackInfo;)V won't be passed a CallbackInfo as a result
[12:26:28] [Render thread/DEBUG] (FabricLoader/Mixin) Mixing ClientPlayNetworkHandlerMixin from fabric-message-api-v1.client.mixins.json into net.minecraft.client.multiplayer.ClientPacketListener
[12:26:28] [Render thread/DEBUG] (FabricLoader/Mixin) Mixing ClientPlayNetworkHandlerMixin from fabric-networking-api-v1.client.mixins.json into net.minecraft.client.multiplayer.ClientPacketListener
[12:26:28] [Render thread/DEBUG] (FabricLoader/Mixin) Mixing MixinClientPacketListener from infernum.mixins.json into net.minecraft.client.multiplayer.ClientPacketListener
[12:26:28] [Render thread/DEBUG] (FabricLoader/Mixin) Mixing sync.ClientPlayNetworkHandlerMixin from fabric-recipe-api-v1.client.mixins.json into net.minecraft.client.multiplayer.ClientPacketListener
[12:26:28] [Render thread/DEBUG] (FabricLoader/Mixin) Mixing MixinClientPacketListener from mixins.iris.json into net.minecraft.client.multiplayer.ClientPacketListener
[12:26:28] [Render thread/DEBUG] (FabricLoader/Mixin) mixins.iris.json:MixinClientPacketListener from mod iris: Class version 65 required is higher than the class version supported by the current version of Mixin (JAVA_8 supports class version 52)
[12:26:28] [Render thread/DEBUG] (FabricLoader/Mixin) Renaming synthetic method lambda$iris$showUpdateMessage$2(Ljava/lang/Exception;)V to mdab7149$iris$lambda$iris$showUpdateMessage$2$0 in mixins.iris.json:MixinClientPacketListener from mod iris
[12:26:28] [Render thread/DEBUG] (FabricLoader/Mixin) Renaming synthetic method lambda$iris$showUpdateMessage$1(Ljava/lang/Exception;Lnet/minecraft/network/chat/Style;)Lnet/minecraft/network/chat/Style; to mdab7149$iris$lambda$iris$showUpdateMessage$1$1 in mixins.iris.json:MixinClientPacketListener from mod iris
[12:26:28] [Render thread/DEBUG] (FabricLoader/Mixin) Renaming synthetic method lambda$iris$showUpdateMessage$0(Lnet/minecraft/network/chat/Component;)V to mdab7149$iris$lambda$iris$showUpdateMessage$0$2 in mixins.iris.json:MixinClientPacketListener from mod iris
[12:26:28] [Render thread/DEBUG] (FabricLoader/Mixin) Mixing ClientPlayNetworkHandlerMixin from fabric-data-attachment-api-v1.client.mixins.json into net.minecraft.client.multiplayer.ClientPacketListener
[12:26:28] [Render thread/DEBUG] (FabricLoader/Mixin) Mixing MixinClientPlayNetworkHandler from gammautils.mixins.json into net.minecraft.client.multiplayer.ClientPacketListener
[12:26:28] [Render thread/DEBUG] (FabricLoader/Mixin) Mixing core.world.map.ClientPacketListenerMixin from sodium-common.mixins.json into net.minecraft.client.multiplayer.ClientPacketListener
[12:26:28] [Render thread/DEBUG] (FabricLoader/Mixin) sodium-common.mixins.json:core.world.map.ClientPacketListenerMixin from mod sodium: Class version 65 required is higher than the class version supported by the current version of Mixin (JAVA_17 supports class version 61)
[12:26:28] [Render thread/DEBUG] (FabricLoader/Mixin) Mixing ClientPlayNetworkHandlerMixin from fabric-command-api-v2.client.mixins.json into net.minecraft.client.multiplayer.ClientPacketListener
[12:26:28] [Render thread/DEBUG] (FabricLoader/Mixin) Mixing ClientPlayNetworkHandlerMixin from fabric-lifecycle-events-v1.client.mixins.json into net.minecraft.client.multiplayer.ClientPacketListener
[12:26:28] [Render thread/DEBUG] (FabricLoader/Mixin) fabric-message-api-v1.client.mixins.json:ClientPlayNetworkHandlerMixin from mod fabric-message-api-v1->@Inject::fabric_allowSendChatMessage(Ljava/lang/String;Lorg/spongepowered/asm/mixin/injection/callback/CallbackInfo;)V does use it's CallbackInfo
[12:26:28] [Render thread/DEBUG] (FabricLoader/Mixin) fabric-message-api-v1.client.mixins.json:ClientPlayNetworkHandlerMixin from mod fabric-message-api-v1->@Inject::fabric_allowSendCommandMessage(Ljava/lang/String;Lorg/spongepowered/asm/mixin/injection/callback/CallbackInfo;)V does use it's CallbackInfo
[12:26:28] [Render thread/DEBUG] (FabricLoader/Mixin) fabric-networking-api-v1.client.mixins.json:ClientPlayNetworkHandlerMixin from mod fabric-networking-api-v1->@Inject::initAddon(Lorg/spongepowered/asm/mixin/injection/callback/CallbackInfo;)V doesn't use it's CallbackInfo
[12:26:28] [Render thread/DEBUG] (FabricLoader/Mixin) fabric-networking-api-v1.client.mixins.json:ClientPlayNetworkHandlerMixin from mod fabric-networking-api-v1->@Inject::initAddon(Lorg/spongepowered/asm/mixin/injection/callback/CallbackInfo;)V has 0 override(s) in child classes
[12:26:28] [Render thread/DEBUG] (FabricLoader/Mixin) fabric-networking-api-v1.client.mixins.json:ClientPlayNetworkHandlerMixin from mod fabric-networking-api-v1->@Inject::initAddon(Lorg/spongepowered/asm/mixin/injection/callback/CallbackInfo;)V won't be passed a CallbackInfo as a result
[12:26:28] [Render thread/DEBUG] (FabricLoader/Mixin) fabric-networking-api-v1.client.mixins.json:ClientPlayNetworkHandlerMixin from mod fabric-networking-api-v1->@Inject::handleServerPlayReady(Lnet/minecraft/network/protocol/game/ClientboundLoginPacket;Lorg/spongepowered/asm/mixin/injection/callback/CallbackInfo;)V doesn't use it's CallbackInfo
[12:26:28] [Render thread/DEBUG] (FabricLoader/Mixin) fabric-networking-api-v1.client.mixins.json:ClientPlayNetworkHandlerMixin from mod fabric-networking-api-v1->@Inject::handleServerPlayReady(Lnet/minecraft/network/protocol/game/ClientboundLoginPacket;Lorg/spongepowered/asm/mixin/injection/callback/CallbackInfo;)V has 0 override(s) in child classes
[12:26:28] [Render thread/DEBUG] (FabricLoader/Mixin) fabric-networking-api-v1.client.mixins.json:ClientPlayNetworkHandlerMixin from mod fabric-networking-api-v1->@Inject::handleServerPlayReady(Lnet/minecraft/network/protocol/game/ClientboundLoginPacket;Lorg/spongepowered/asm/mixin/injection/callback/CallbackInfo;)V won't be passed a CallbackInfo as a result
[12:26:28] [Render thread/DEBUG] (FabricLoader/Mixin) mixins.iris.json:MixinClientPacketListener from mod iris->@Inject::iris$showUpdateMessage(Lnet/minecraft/network/protocol/game/ClientboundLoginPacket;Lorg/spongepowered/asm/mixin/injection/callback/CallbackInfo;)V doesn't use it's CallbackInfo
[12:26:28] [Render thread/DEBUG] (FabricLoader/Mixin) mixins.iris.json:MixinClientPacketListener from mod iris->@Inject::iris$showUpdateMessage(Lnet/minecraft/network/protocol/game/ClientboundLoginPacket;Lorg/spongepowered/asm/mixin/injection/callback/CallbackInfo;)V has 0 override(s) in child classes
[12:26:28] [Render thread/DEBUG] (FabricLoader/Mixin) mixins.iris.json:MixinClientPacketListener from mod iris->@Inject::iris$showUpdateMessage(Lnet/minecraft/network/protocol/game/ClientboundLoginPacket;Lorg/spongepowered/asm/mixin/injection/callback/CallbackInfo;)V won't be passed a CallbackInfo as a result
[12:26:28] [Render thread/DEBUG] (FabricLoader/Mixin) gammautils.mixins.json:MixinClientPlayNetworkHandler from mod gammautils->@Inject::onPlayerAbilities(Lnet/minecraft/network/protocol/game/ClientboundPlayerAbilitiesPacket;Lorg/spongepowered/asm/mixin/injection/callback/CallbackInfo;)V doesn't use it's CallbackInfo
[12:26:28] [Render thread/DEBUG] (FabricLoader/Mixin) gammautils.mixins.json:MixinClientPlayNetworkHandler from mod gammautils->@Inject::onPlayerAbilities(Lnet/minecraft/network/protocol/game/ClientboundPlayerAbilitiesPacket;Lorg/spongepowered/asm/mixin/injection/callback/CallbackInfo;)V has 0 override(s) in child classes
[12:26:28] [Render thread/DEBUG] (FabricLoader/Mixin) gammautils.mixins.json:MixinClientPlayNetworkHandler from mod gammautils->@Inject::onPlayerAbilities(Lnet/minecraft/network/protocol/game/ClientboundPlayerAbilitiesPacket;Lorg/spongepowered/asm/mixin/injection/callback/CallbackInfo;)V won't be passed a CallbackInfo as a result
[12:26:28] [Render thread/DEBUG] (FabricLoader/Mixin) gammautils.mixins.json:MixinClientPlayNetworkHandler from mod gammautils->@Inject::onPlayerRespawn(Lnet/minecraft/network/protocol/game/ClientboundRespawnPacket;Lorg/spongepowered/asm/mixin/injection/callback/CallbackInfo;)V doesn't use it's CallbackInfo
[12:26:28] [Render thread/DEBUG] (FabricLoader/Mixin) gammautils.mixins.json:MixinClientPlayNetworkHandler from mod gammautils->@Inject::onPlayerRespawn(Lnet/minecraft/network/protocol/game/ClientboundRespawnPacket;Lorg/spongepowered/asm/mixin/injection/callback/CallbackInfo;)V has 0 override(s) in child classes
[12:26:28] [Render thread/DEBUG] (FabricLoader/Mixin) gammautils.mixins.json:MixinClientPlayNetworkHandler from mod gammautils->@Inject::onPlayerRespawn(Lnet/minecraft/network/protocol/game/ClientboundRespawnPacket;Lorg/spongepowered/asm/mixin/injection/callback/CallbackInfo;)V won't be passed a CallbackInfo as a result
[12:26:28] [Render thread/DEBUG] (FabricLoader/Mixin) sodium-common.mixins.json:core.world.map.ClientPacketListenerMixin from mod sodium->@Inject::onLightDataReceived(IILnet/minecraft/network/protocol/game/ClientboundLightUpdatePacketData;ZLorg/spongepowered/asm/mixin/injection/callback/CallbackInfo;)V doesn't use it's CallbackInfo
[12:26:28] [Render thread/DEBUG] (FabricLoader/Mixin) sodium-common.mixins.json:core.world.map.ClientPacketListenerMixin from mod sodium->@Inject::onLightDataReceived(IILnet/minecraft/network/protocol/game/ClientboundLightUpdatePacketData;ZLorg/spongepowered/asm/mixin/injection/callback/CallbackInfo;)V has 0 override(s) in child classes
[12:26:28] [Render thread/DEBUG] (FabricLoader/Mixin) sodium-common.mixins.json:core.world.map.ClientPacketListenerMixin from mod sodium->@Inject::onLightDataReceived(IILnet/minecraft/network/protocol/game/ClientboundLightUpdatePacketData;ZLorg/spongepowered/asm/mixin/injection/callback/CallbackInfo;)V won't be passed a CallbackInfo as a result
[12:26:28] [Render thread/DEBUG] (FabricLoader/Mixin) sodium-common.mixins.json:core.world.map.ClientPacketListenerMixin from mod sodium->@Inject::onChunkUnloadPacket(Lnet/minecraft/network/protocol/game/ClientboundForgetLevelChunkPacket;Lorg/spongepowered/asm/mixin/injection/callback/CallbackInfo;)V doesn't use it's CallbackInfo
[12:26:28] [Render thread/DEBUG] (FabricLoader/Mixin) sodium-common.mixins.json:core.world.map.ClientPacketListenerMixin from mod sodium->@Inject::onChunkUnloadPacket(Lnet/minecraft/network/protocol/game/ClientboundForgetLevelChunkPacket;Lorg/spongepowered/asm/mixin/injection/callback/CallbackInfo;)V has 0 override(s) in child classes
[12:26:28] [Render thread/DEBUG] (FabricLoader/Mixin) sodium-common.mixins.json:core.world.map.ClientPacketListenerMixin from mod sodium->@Inject::onChunkUnloadPacket(Lnet/minecraft/network/protocol/game/ClientboundForgetLevelChunkPacket;Lorg/spongepowered/asm/mixin/injection/callback/CallbackInfo;)V won't be passed a CallbackInfo as a result
[12:26:28] [Render thread/DEBUG] (FabricLoader/Mixin) fabric-command-api-v2.client.mixins.json:ClientPlayNetworkHandlerMixin from mod fabric-command-api-v2->@Inject::onGameJoin(Lnet/minecraft/network/protocol/game/ClientboundLoginPacket;Lorg/spongepowered/asm/mixin/injection/callback/CallbackInfo;)V doesn't use it's CallbackInfo
[12:26:28] [Render thread/DEBUG] (FabricLoader/Mixin) fabric-command-api-v2.client.mixins.json:ClientPlayNetworkHandlerMixin from mod fabric-command-api-v2->@Inject::onGameJoin(Lnet/minecraft/network/protocol/game/ClientboundLoginPacket;Lorg/spongepowered/asm/mixin/injection/callback/CallbackInfo;)V has 0 override(s) in child classes
[12:26:28] [Render thread/DEBUG] (FabricLoader/Mixin) fabric-command-api-v2.client.mixins.json:ClientPlayNetworkHandlerMixin from mod fabric-command-api-v2->@Inject::onGameJoin(Lnet/minecraft/network/protocol/game/ClientboundLoginPacket;Lorg/spongepowered/asm/mixin/injection/callback/CallbackInfo;)V won't be passed a CallbackInfo as a result
[12:26:28] [Render thread/DEBUG] (FabricLoader/Mixin) fabric-command-api-v2.client.mixins.json:ClientPlayNetworkHandlerMixin from mod fabric-command-api-v2->@Inject::onOnCommandTree(Lnet/minecraft/network/protocol/game/ClientboundCommandsPacket;Lorg/spongepowered/asm/mixin/injection/callback/CallbackInfo;)V doesn't use it's CallbackInfo
[12:26:28] [Render thread/DEBUG] (FabricLoader/Mixin) fabric-command-api-v2.client.mixins.json:ClientPlayNetworkHandlerMixin from mod fabric-command-api-v2->@Inject::onOnCommandTree(Lnet/minecraft/network/protocol/game/ClientboundCommandsPacket;Lorg/spongepowered/asm/mixin/injection/callback/CallbackInfo;)V has 0 override(s) in child classes
[12:26:28] [Render thread/DEBUG] (FabricLoader/Mixin) fabric-command-api-v2.client.mixins.json:ClientPlayNetworkHandlerMixin from mod fabric-command-api-v2->@Inject::onOnCommandTree(Lnet/minecraft/network/protocol/game/ClientboundCommandsPacket;Lorg/spongepowered/asm/mixin/injection/callback/CallbackInfo;)V won't be passed a CallbackInfo as a result
[12:26:28] [Render thread/DEBUG] (FabricLoader/Mixin) fabric-command-api-v2.client.mixins.json:ClientPlayNetworkHandlerMixin from mod fabric-command-api-v2->@Inject::setLastReceivedCommandsPacket(Lnet/minecraft/network/protocol/game/ClientboundCommandsPacket;Lorg/spongepowered/asm/mixin/injection/callback/CallbackInfo;)V doesn't use it's CallbackInfo
[12:26:28] [Render thread/DEBUG] (FabricLoader/Mixin) fabric-command-api-v2.client.mixins.json:ClientPlayNetworkHandlerMixin from mod fabric-command-api-v2->@Inject::setLastReceivedCommandsPacket(Lnet/minecraft/network/protocol/game/ClientboundCommandsPacket;Lorg/spongepowered/asm/mixin/injection/callback/CallbackInfo;)V has 0 override(s) in child classes
[12:26:28] [Render thread/DEBUG] (FabricLoader/Mixin) fabric-command-api-v2.client.mixins.json:ClientPlayNetworkHandlerMixin from mod fabric-command-api-v2->@Inject::setLastReceivedCommandsPacket(Lnet/minecraft/network/protocol/game/ClientboundCommandsPacket;Lorg/spongepowered/asm/mixin/injection/callback/CallbackInfo;)V won't be passed a CallbackInfo as a result
[12:26:28] [Render thread/DEBUG] (FabricLoader/Mixin) fabric-command-api-v2.client.mixins.json:ClientPlayNetworkHandlerMixin from mod fabric-command-api-v2->@Inject::onSendCommand(Ljava/lang/String;Lnet/minecraft/client/gui/screens/Screen;Lorg/spongepowered/asm/mixin/injection/callback/CallbackInfo;)V does use it's CallbackInfo
[12:26:28] [Render thread/DEBUG] (FabricLoader/Mixin) fabric-command-api-v2.client.mixins.json:ClientPlayNetworkHandlerMixin from mod fabric-command-api-v2->@Inject::onSendCommand(Ljava/lang/String;Lorg/spongepowered/asm/mixin/injection/callback/CallbackInfo;)V does use it's CallbackInfo
[12:26:28] [Render thread/DEBUG] (FabricLoader/Mixin) fabric-lifecycle-events-v1.client.mixins.json:ClientPlayNetworkHandlerMixin from mod fabric-lifecycle-events-v1->@Inject::onPlayerRespawn(Lnet/minecraft/network/protocol/game/ClientboundRespawnPacket;Lorg/spongepowered/asm/mixin/injection/callback/CallbackInfo;)V doesn't use it's CallbackInfo
[12:26:28] [Render thread/DEBUG] (FabricLoader/Mixin) fabric-lifecycle-events-v1.client.mixins.json:ClientPlayNetworkHandlerMixin from mod fabric-lifecycle-events-v1->@Inject::onPlayerRespawn(Lnet/minecraft/network/protocol/game/ClientboundRespawnPacket;Lorg/spongepowered/asm/mixin/injection/callback/CallbackInfo;)V has 0 override(s) in child classes
[12:26:28] [Render thread/DEBUG] (FabricLoader/Mixin) fabric-lifecycle-events-v1.client.mixins.json:ClientPlayNetworkHandlerMixin from mod fabric-lifecycle-events-v1->@Inject::onPlayerRespawn(Lnet/minecraft/network/protocol/game/ClientboundRespawnPacket;Lorg/spongepowered/asm/mixin/injection/callback/CallbackInfo;)V won't be passed a CallbackInfo as a result
[12:26:28] [Render thread/DEBUG] (FabricLoader/Mixin) fabric-lifecycle-events-v1.client.mixins.json:ClientPlayNetworkHandlerMixin from mod fabric-lifecycle-events-v1->@Inject::onGameJoin(Lnet/minecraft/network/protocol/game/ClientboundLoginPacket;Lorg/spongepowered/asm/mixin/injection/callback/CallbackInfo;)V doesn't use it's CallbackInfo
[12:26:28] [Render thread/DEBUG] (FabricLoader/Mixin) fabric-lifecycle-events-v1.client.mixins.json:ClientPlayNetworkHandlerMixin from mod fabric-lifecycle-events-v1->@Inject::onGameJoin(Lnet/minecraft/network/protocol/game/ClientboundLoginPacket;Lorg/spongepowered/asm/mixin/injection/callback/CallbackInfo;)V has 0 override(s) in child classes
[12:26:28] [Render thread/DEBUG] (FabricLoader/Mixin) fabric-lifecycle-events-v1.client.mixins.json:ClientPlayNetworkHandlerMixin from mod fabric-lifecycle-events-v1->@Inject::onGameJoin(Lnet/minecraft/network/protocol/game/ClientboundLoginPacket;Lorg/spongepowered/asm/mixin/injection/callback/CallbackInfo;)V won't be passed a CallbackInfo as a result
[12:26:28] [Render thread/DEBUG] (FabricLoader/Mixin) fabric-lifecycle-events-v1.client.mixins.json:ClientPlayNetworkHandlerMixin from mod fabric-lifecycle-events-v1->@Inject::onClearWorld(Lorg/spongepowered/asm/mixin/injection/callback/CallbackInfo;)V doesn't use it's CallbackInfo
[12:26:28] [Render thread/DEBUG] (FabricLoader/Mixin) fabric-lifecycle-events-v1.client.mixins.json:ClientPlayNetworkHandlerMixin from mod fabric-lifecycle-events-v1->@Inject::onClearWorld(Lorg/spongepowered/asm/mixin/injection/callback/CallbackInfo;)V has 0 override(s) in child classes
[12:26:28] [Render thread/DEBUG] (FabricLoader/Mixin) fabric-lifecycle-events-v1.client.mixins.json:ClientPlayNetworkHandlerMixin from mod fabric-lifecycle-events-v1->@Inject::onClearWorld(Lorg/spongepowered/asm/mixin/injection/callback/CallbackInfo;)V won't be passed a CallbackInfo as a result
[12:26:28] [Render thread/DEBUG] (FabricLoader/Mixin) fabric-lifecycle-events-v1.client.mixins.json:ClientPlayNetworkHandlerMixin from mod fabric-lifecycle-events-v1->@Inject::invokeTagsLoaded(Lnet/minecraft/network/protocol/common/ClientboundUpdateTagsPacket;Lorg/spongepowered/asm/mixin/injection/callback/CallbackInfo;)V doesn't use it's CallbackInfo
[12:26:28] [Render thread/DEBUG] (FabricLoader/Mixin) fabric-lifecycle-events-v1.client.mixins.json:ClientPlayNetworkHandlerMixin from mod fabric-lifecycle-events-v1->@Inject::invokeTagsLoaded(Lnet/minecraft/network/protocol/common/ClientboundUpdateTagsPacket;Lorg/spongepowered/asm/mixin/injection/callback/CallbackInfo;)V has 0 override(s) in child classes
[12:26:28] [Render thread/DEBUG] (FabricLoader/Mixin) fabric-lifecycle-events-v1.client.mixins.json:ClientPlayNetworkHandlerMixin from mod fabric-lifecycle-events-v1->@Inject::invokeTagsLoaded(Lnet/minecraft/network/protocol/common/ClientboundUpdateTagsPacket;Lorg/spongepowered/asm/mixin/injection/callback/CallbackInfo;)V won't be passed a CallbackInfo as a result
[12:26:28] [Render thread/DEBUG] (FabricLoader/Mixin) Mixing accessor.ClientCommonNetworkHandlerAccessor from fabric-networking-api-v1.client.mixins.json into net.minecraft.client.multiplayer.ClientCommonPacketListenerImpl
[12:26:28] [Render thread/DEBUG] (FabricLoader/Mixin) Mixing ClientCommonNetworkHandlerMixin from fabric-networking-api-v1.client.mixins.json into net.minecraft.client.multiplayer.ClientCommonPacketListenerImpl
[12:26:28] [Render thread/DEBUG] (FabricLoader/Mixin) fabric-networking-api-v1.client.mixins.json:ClientCommonNetworkHandlerMixin from mod fabric-networking-api-v1->@Inject::onCustomPayload(Lnet/minecraft/network/protocol/common/ClientboundCustomPayloadPacket;Lorg/spongepowered/asm/mixin/injection/callback/CallbackInfo;)V does use it's CallbackInfo
[12:26:28] [Render thread/DEBUG] (FabricLoader/Mixin) Mixing RenderStateMixin from fabric-rendering-v1.mixins.json into net.minecraft.client.renderer.state.BlockOutlineRenderState
[12:26:28] [Render thread/WARN] (Iris) Found okay program match for infernum:pipeline/lines: LINES
[12:26:28] [Render thread/WARN] (Iris) Found okay program match for infernum:pipeline/lines: LINES
[12:26:28] [Render thread/WARN] (Iris) Found okay program match for infernum:pipeline/debug_filled_box: BASIC_COLOR
[12:26:28] [Render thread/WARN] (Iris) Found okay program match for infernum:pipeline/debug_filled_box: BASIC_COLOR
[12:26:28] [Render thread/INFO] (betterf3) [BetterF3] Loading...
[12:26:28] [Render thread/INFO] (betterf3) [BetterF3] All done!
[12:26:28] [Render thread/DEBUG] (FabricLoader/Mixin) Mixing MixinDebugEntries from mixins.iris.json into net.minecraft.client.gui.components.debug.DebugScreenEntries
[12:26:28] [Render thread/DEBUG] (FabricLoader/Mixin) mixins.iris.json:MixinDebugEntries from mod iris: Class version 65 required is higher than the class version supported by the current version of Mixin (JAVA_8 supports class version 52)
[12:26:28] [Render thread/DEBUG] (FabricLoader/Mixin) Mixing core.MixinDebugHudEntries from immediatelyfast-common.mixins.json into net.minecraft.client.gui.components.debug.DebugScreenEntries
[12:26:28] [Render thread/DEBUG] (FabricLoader/Mixin) Mixing features.gui.hooks.debug.DebugScreenEntriesAccessor from sodium-common.mixins.json into net.minecraft.client.gui.components.debug.DebugScreenEntries
[12:26:28] [Render thread/DEBUG] (FabricLoader/Mixin) sodium-common.mixins.json:features.gui.hooks.debug.DebugScreenEntriesAccessor from mod sodium: Class version 65 required is higher than the class version supported by the current version of Mixin (JAVA_17 supports class version 61)
[12:26:28] [Render thread/DEBUG] (FabricLoader/Mixin) Mixing DebugScreenEntriesAccessor from entityculling.mixins.json into net.minecraft.client.gui.components.debug.DebugScreenEntries
[12:26:28] [Render thread/DEBUG] (FabricLoader/Mixin) entityculling.mixins.json:DebugScreenEntriesAccessor from mod entityculling: Class version 65 required is higher than the class version supported by the current version of Mixin (JAVA_16 supports class version 60)
[12:26:28] [Render thread/DEBUG] (FabricLoader/Mixin) Renaming @Invoker method invokeRegister(Lnet/minecraft/resources/ResourceLocation;Lnet/minecraft/client/gui/components/debug/DebugScreenEntry;)Lnet/minecraft/resources/ResourceLocation; to invokeRegister$entityculling_$md$ab7149$0 in entityculling.mixins.json:DebugScreenEntriesAccessor from mod entityculling
[12:26:28] [Render thread/DEBUG] (FabricLoader/Mixin) Mixing MixinDebugHud_AddText from fabric-badoptimizations.mixins.json into net.minecraft.client.gui.components.debug.DebugScreenEntries
[12:26:28] [Render thread/DEBUG] (FabricLoader/Mixin) fabric-badoptimizations.mixins.json:MixinDebugHud_AddText from mod badoptimizations: Class version 65 required is higher than the class version supported by the current version of Mixin (JAVA_17 supports class version 61)
[12:26:28] [Render thread/DEBUG] (FabricLoader/Mixin) mixins.iris.json:MixinDebugEntries from mod iris->@Inject::onInit(Lorg/spongepowered/asm/mixin/injection/callback/CallbackInfo;)V doesn't use it's CallbackInfo
[12:26:28] [Render thread/DEBUG] (FabricLoader/Mixin) immediatelyfast-common.mixins.json:core.MixinDebugHudEntries from mod immediatelyfast->@Inject::addImmediatelyFastEntry(Lorg/spongepowered/asm/mixin/injection/callback/CallbackInfo;)V doesn't use it's CallbackInfo
[12:26:28] [Render thread/DEBUG] (FabricLoader/Mixin) fabric-badoptimizations.mixins.json:MixinDebugHud_AddText from mod badoptimizations->@Inject::onInit(Lorg/spongepowered/asm/mixin/injection/callback/CallbackInfo;)V doesn't use it's CallbackInfo
[12:26:28] [Render thread/DEBUG] (FabricLoader/Mixin) Mixing features.gui.hooks.debug.DebugEntryMemoryMixin from sodium-common.mixins.json into net.minecraft.client.gui.components.debug.DebugEntryMemory
[12:26:28] [Render thread/DEBUG] (FabricLoader/Mixin) sodium-common.mixins.json:features.gui.hooks.debug.DebugEntryMemoryMixin from mod sodium: Class version 65 required is higher than the class version supported by the current version of Mixin (JAVA_17 supports class version 61)
[12:26:28] [Render thread/DEBUG] (FabricLoader/Mixin) sodium-common.mixins.json:features.gui.hooks.debug.DebugEntryMemoryMixin from mod sodium->@Inject::sodium$addOffHeap(Lnet/minecraft/client/gui/components/debug/DebugScreenDisplayer;Lnet/minecraft/world/level/Level;Lnet/minecraft/world/level/chunk/LevelChunk;Lnet/minecraft/world/level/chunk/LevelChunk;Lorg/spongepowered/asm/mixin/injection/callback/CallbackInfo;)V doesn't use it's CallbackInfo
[12:26:28] [Render thread/DEBUG] (FabricLoader/Mixin) sodium-common.mixins.json:features.gui.hooks.debug.DebugEntryMemoryMixin from mod sodium->@Inject::sodium$addOffHeap(Lnet/minecraft/client/gui/components/debug/DebugScreenDisplayer;Lnet/minecraft/world/level/Level;Lnet/minecraft/world/level/chunk/LevelChunk;Lnet/minecraft/world/level/chunk/LevelChunk;Lorg/spongepowered/asm/mixin/injection/callback/CallbackInfo;)V has 0 override(s) in child classes
[12:26:28] [Render thread/DEBUG] (FabricLoader/Mixin) sodium-common.mixins.json:features.gui.hooks.debug.DebugEntryMemoryMixin from mod sodium->@Inject::sodium$addOffHeap(Lnet/minecraft/client/gui/components/debug/DebugScreenDisplayer;Lnet/minecraft/world/level/Level;Lnet/minecraft/world/level/chunk/LevelChunk;Lnet/minecraft/world/level/chunk/LevelChunk;Lorg/spongepowered/asm/mixin/injection/callback/CallbackInfo;)V won't be passed a CallbackInfo as a result
[12:26:28] [Render thread/DEBUG] (FabricLoader/Mixin) Generating mapped inner class net/minecraft/client/gui/components/debug/DebugScreenEntries$Anonymous$1304ac6b8a6d49008dafb15a7e68f51b (originally fabric/me/thosea/badoptimizations/mixin/MixinDebugHud_AddText$1)
[12:26:28] [Render thread/DEBUG] (FabricLoader/Mixin) Mixing MixinSodiumGameOptions from mixins.iris.compat.sodium.json into net.caffeinemc.mods.sodium.client.gui.SodiumGameOptions
[12:26:28] [Render thread/DEBUG] (FabricLoader/Mixin) mixins.iris.compat.sodium.json:MixinSodiumGameOptions from mod iris: Class version 65 required is higher than the class version supported by the current version of Mixin (JAVA_8 supports class version 52)
[12:26:28] [Render thread/DEBUG] (FabricLoader/Mixin) mixins.iris.compat.sodium.json:MixinSodiumGameOptions from mod iris->@Inject::iris$writeIrisConfig(Lorg/spongepowered/asm/mixin/injection/callback/CallbackInfo;)V doesn't use it's CallbackInfo
[12:26:28] [Render thread/DEBUG] (FabricLoader/Mixin) Mixing client.block.render.RenderCommandQueueMixin from fabric-renderer-api-v1.mixins.json into net.minecraft.client.renderer.OrderedSubmitNodeCollector
[12:26:28] [Render thread/DEBUG] (FabricLoader/Mixin) Mixing features.gui.hooks.settings.OptionsScreenMixin from sodium-common.mixins.json into net.minecraft.client.gui.screens.options.OptionsScreen
[12:26:28] [Render thread/DEBUG] (FabricLoader/Mixin) sodium-common.mixins.json:features.gui.hooks.settings.OptionsScreenMixin from mod sodium: Class version 65 required is higher than the class version supported by the current version of Mixin (JAVA_17 supports class version 61)
[12:26:28] [Render thread/DEBUG] (FabricLoader/Mixin) sodium-common.mixins.json:features.gui.hooks.settings.OptionsScreenMixin from mod sodium->@Inject::open(Lorg/spongepowered/asm/mixin/injection/callback/CallbackInfoReturnable;)V does use it's CallbackInfoReturnable
[12:26:28] [Render thread/INFO] (Mod Menu/Update Checker) Checking mod updates...
[12:26:28] [Worker-Main-1/DEBUG] (Mod Menu/Update Checker) Hash for fabric-renderer-api-v1 is 3f79764c347dffcc607bf57365b47e06f7e231132922facb5978a6663c31957ea8ec83ad84266d5d958d65bb394ae9d4ca6e601ed20e444e2527b18b2bd0cd18
[12:26:28] [Worker-Main-1/DEBUG] (Mod Menu/Update Checker) Hash for fabric-transfer-api-v1 is c64fa89eff748da4258aebcfa634999f0f59d87d0d6f7d368598baa8874dfc62ea93ccfb2dc43fe8b8627c971823449b27e20f54c522e2103dbeeaf52bbbe9da
[12:26:28] [Worker-Main-1/DEBUG] (Mod Menu/Update Checker) Hash for fabric-dimensions-v1 is 03cf1cde8d2742ef9b7ab159083fbd81f56c2272f9a1b527ca8538a0645f0ffbb0e4bfbf3c4e5ce317cfab5adcf994312beeccf841e3925769dbed542d2634d0
[12:26:28] [Worker-Main-1/DEBUG] (Mod Menu/Update Checker) Hash for fabric-object-builder-api-v1 is ddc52a2a92c3c3a6ccfadff1e3351725f3eb983a6cea7ab9b56e29c5b5882b7b011257665ea40444a3960e8687e5ff7260f5f43a06d5fc6ac276c58bf23e1614
[12:26:28] [Worker-Main-1/DEBUG] (Mod Menu/Update Checker) Hash for fabric-client-gametest-api-v1 is 9f6b62f3ad02f818bd960c24885ae0a32524b13783eac4c0123d9e337b70f477236bc0a2c5a250a5cc5c547172c4f9048c9c9036f51324477a69f6a84f6b1f97
[12:26:28] [Worker-Main-1/DEBUG] (Mod Menu/Update Checker) Hash for fabric-game-rule-api-v1 is cd51c3ddff83d489ccd208644ff9fc5d0c27804998dbcb4a1ae9a31fd4259b96848f4f79f6cb716a24c22d5c68e8aaf3241ec8be0669498c7d5c572b4dc68151
[12:26:28] [Worker-Main-1/DEBUG] (Mod Menu/Update Checker) Hash for fabric-resource-conditions-api-v1 is ac3e8403a06c35e6a7478e1b613a9a0cb73d32a684e5cb5bf8ba6abb65bbd449ef3337782dc4420cbed1f39fb85a0606d2eaa3cdc3139fad317736e9b9ef6507
[12:26:28] [Worker-Main-1/DEBUG] (Mod Menu/Update Checker) Hash for fabric-api-base is e016410024563f023fc4a836c97f5b2eed40ae67775f9c7b60dc3063125bc2b29481dfdfc2c660b65d9845708c9db92966b8ebcb92380838af1e540e1d2d556d
[12:26:28] [Worker-Main-1/DEBUG] (Mod Menu/Update Checker) Hash for fabric-sound-api-v1 is 98360caf27dc32253b99bc1d35721e0a5728a4325ba7ed6a563981b2ffdbe0f7c7d4c15f8393d4f73f9d8c165c14023863c87c16464b9bf6a717e35b4c04697b
[12:26:28] [Worker-Main-1/DEBUG] (Mod Menu/Update Checker) Hash for fabric-model-loading-api-v1 is f6d7193c4e711454c1081731cc9c7767d6cbeaeafb04835b37f4510648221805af01eb6aa8463156d816506ab66122c3b4b48b1c711a4b3489463c3b1a9b204a
[12:26:28] [Render thread/INFO] (net.fabricmc.fabric.impl.client.indigo.Indigo) [Indigo] Different rendering plugin detected; not applying Indigo.
[12:26:28] [Worker-Main-1/DEBUG] (Mod Menu/Update Checker) Hash for iris is 765837034be497b83ceef1a46dfdb305a9edf0c05762979d261b3917b6513ce25158d74252315523157bc02217354da36686479f0e09c1ae453a987fb9f8bfb3
[12:26:28] [Render thread/INFO] (net.minecraft.server.LoggedPrintStream) [STDOUT]: [LibGui] Initializing Client...
[12:26:28] [Worker-Main-1/DEBUG] (Mod Menu/Update Checker) Hash for mixinextras is 662569eac1cf6cee5e8ce56925b2cf522e6c35279094b8b518b679d59cb1f453c34b91eecdd3226cafb4b4063044b418d25ce6ffaea410c7ac2670180533c30a
[12:26:28] [Worker-Main-1/DEBUG] (Mod Menu/Update Checker) Hash for fabric-data-attachment-api-v1 is 48990d79496c247b1421d4684d3fc1041be242a46b794266829075db64dd6d0207f4f0d269a2a37050d965223a2c5ae575187154fb297b48fd9d3558fe2bdd7b
[12:26:28] [Worker-Main-1/DEBUG] (Mod Menu/Update Checker) Hash for fabric-rendering-fluids-v1 is 569ccfe718655d86757164ffa8af6fd550e083eabb30e00fa8b82dee340e0b811897087413cc1eb9536f707d6022fb0abb8f7d26b0303cb7eb9cfc31c657e21b
[12:26:28] [Render thread/DEBUG] (FabricLoader/Mixin) Mixing BlockStateModelUnbakedMixin from fabric-model-loading-api-v1.mixins.json into net.minecraft.client.renderer.block.model.BlockStateModel$Unbaked
[12:26:28] [Worker-Main-1/DEBUG] (Mod Menu/Update Checker) Hash for fabric-lifecycle-events-v1 is f964bbdde0cf9388663b24e608babf4feaf913a7a7d6f90a516bb0e2c8c72b4f95130d7a43fe306ef71c2dacdd049f88c69406b587eb1976afe2df51105a9d5a
[12:26:28] [Render thread/DEBUG] (FabricLoader/Mixin) Mixing features.render.frapi.BakedModelMixin from sodium-common.mixins.json into net.minecraft.client.renderer.block.model.BlockStateModel
[12:26:28] [Render thread/DEBUG] (FabricLoader/Mixin) sodium-common.mixins.json:features.render.frapi.BakedModelMixin from mod sodium: Class version 65 required is higher than the class version supported by the current version of Mixin (JAVA_17 supports class version 61)
[12:26:28] [Render thread/DEBUG] (FabricLoader/Mixin) Mixing client.block.model.BlockStateModelMixin from fabric-renderer-api-v1.mixins.json into net.minecraft.client.renderer.block.model.BlockStateModel
[12:26:28] [Worker-Main-1/DEBUG] (Mod Menu/Update Checker) Hash for sodium is 1cccdc75d972f5c176a488dcc84cce7320b608a2d105412f2847245affbf5aa22b1995eda392132453fa6e1a9154ac99a87acaf8d7989b9f1a23ac1059a93daf
[12:26:28] [Worker-Main-1/DEBUG] (Mod Menu/Update Checker) Hash for fabric-particles-v1 is c18e6beec68756a2ef487a7c8172a4e1049af35dafeb96a79e5ba21955c1ce9df85df7c84b0bbda06d02fc9fa4d7bfa48ffbcda4a4d6c28386496ef6dc1a6eee
[12:26:28] [Render thread/DEBUG] (FabricLoader/Mixin) Mixing MixinBlockModelPart from mixins.iris.json into net.minecraft.client.renderer.block.model.BlockModelPart
[12:26:28] [Render thread/DEBUG] (FabricLoader/Mixin) mixins.iris.json:MixinBlockModelPart from mod iris: Class version 65 required is higher than the class version supported by the current version of Mixin (JAVA_8 supports class version 52)
[12:26:28] [Render thread/DEBUG] (FabricLoader/Mixin) Mixing features.render.frapi.BlockModelPartMixin from sodium-common.mixins.json into net.minecraft.client.renderer.block.model.BlockModelPart
[12:26:28] [Render thread/DEBUG] (FabricLoader/Mixin) sodium-common.mixins.json:features.render.frapi.BlockModelPartMixin from mod sodium: Class version 65 required is higher than the class version supported by the current version of Mixin (JAVA_17 supports class version 61)
[12:26:28] [Worker-Main-1/DEBUG] (Mod Menu/Update Checker) Hash for fabric-data-generation-api-v1 is 7bbc246a9ca54bcffe518ecf657a6041d3488a914c3eab70a1834818b871fd632ee4f256cc224f37cc92a5b3193e193d8c4a18c7cb539cf8b782f93ddd6f6d87
[12:26:28] [Render thread/DEBUG] (FabricLoader/Mixin) Mixing client.block.model.BlockModelPartMixin from fabric-renderer-api-v1.mixins.json into net.minecraft.client.renderer.block.model.BlockModelPart
[12:26:28] [Worker-Main-1/DEBUG] (Mod Menu/Update Checker) Hash for fabric-api-lookup-api-v1 is a0c20cf7ce4f017235ed605e14b46d86727843092cbbbe53b6d40e6e687f9e922eee559561320c41b2b4e5ad5500ad2172907bc5e273067f530193bd21ff11ce
[12:26:28] [Worker-Main-1/DEBUG] (Mod Menu/Update Checker) Hash for fabric-screen-handler-api-v1 is aec34c8ec1f94e923635e1929be509df439d23b848ae066ab734654d9f12b4c6f3878170fe65e19822db54011c6b4034699a845186adfedef04d77d20abd9545
[12:26:28] [Worker-Main-1/DEBUG] (Mod Menu/Update Checker) Hash for modmenu is 423e09a93fd78cdcff27377429b3bdcf343951a3340252ceae6a486b5b14d919d469e1ea6474c8d9060e19fa6b5db3765239a0119e22883d1e09fb4fd19f7cfc
[12:26:28] [Worker-Main-1/DEBUG] (Mod Menu/Update Checker) Hash for fabric-command-api-v2 is b3329ee9098139b81ac50a29cb7e25bc3f46251312befe71ba0f7b82be190b1620b89c8fbd6713fb3ce123654b1d87ccd6888afa51d91e562ba1715765f3fe0d
[12:26:28] [Worker-Main-1/DEBUG] (Mod Menu/Update Checker) Hash for fabric-block-api-v1 is 4fa71141694cb6cb6653131557123ed2925e1f6f122a05d2a175098d35e459843e9019cce3ae13fe95784e740dca87c34d529a9b6d9df73fe7c551b8c4e2257c
[12:26:28] [Worker-Main-1/DEBUG] (Mod Menu/Update Checker) Hash for fabric-tag-api-v1 is 67d2067ec8e92089ca5a565fa76c653c56621cf4dbeb58e18223f0ddd45865e90a653f060016507636830d504b2ea75ec5453c70f17bf892e9d0772fa858ac72
[12:26:28] [Worker-Main-1/DEBUG] (Mod Menu/Update Checker) Hash for devauth is b5fe5f32c6a0200f1696d544a2e59d8ed7d629e723f8459241971185e226e17d55ed686f87edb28942d2dbcfcf47ebcdf215fc888341b1ab7ef01d272e52cc2c
[12:26:28] [Worker-Main-1/DEBUG] (Mod Menu/Update Checker) Hash for fabric-screen-api-v1 is e40579048cf69481dadbe375c889ca562a4c61054f1940594b90983b0816fc9bd427b7b8927de5aca53665deef9e3a2051b2e32570d86960a9c2889cd41c8801
[12:26:28] [Worker-Main-1/DEBUG] (Mod Menu/Update Checker) Hash for fabric-renderer-indigo is 8455a9bbff14ed30d30fa4e59476d36d80b247a318393e71f8883c5a3725bac369c0fd747dc54103632a6b08a3f6975a976a9c2e4158e19ce911a63e488d6fa4
[12:26:28] [Worker-Main-1/DEBUG] (Mod Menu/Update Checker) Hash for fabric-convention-tags-v2 is 6df428bc8d0e39973a7f6b0da14daaa326f1e014bc87f3bd2332f004dfdefff7d1320532a42dcb90604660f00741c4c8ee009dd2571c0951770717b306a0621f
[12:26:28] [Render thread/DEBUG] (FabricLoader/Mixin) Mixing client.block.model.SimpleBlockStateModelMixin from fabric-renderer-api-v1.mixins.json into net.minecraft.client.renderer.block.model.SingleVariant
[12:26:28] [Worker-Main-1/DEBUG] (Mod Menu/Update Checker) Hash for fabric-api is 434e73b4f68c8876e45d33ac79d5959e17cf7c7cd137938cf53e5476407dba776732fe75f6ee7cd83896c9f6d8d639ca0965c798e9e5cece73edfc46fbc984f8
[12:26:28] [Worker-Main-1/DEBUG] (Mod Menu/Update Checker) Hash for fabric-crash-report-info-v1 is 16574d71f5525be3c69ddeab26b931393d66c9b3cd3643dbf229201e34e61d3168f86140b1ee273cc89518d0fa8fcf89fe3838fcbf144b1b628f812880bfeacc
[12:26:28] [Worker-Main-1/DEBUG] (Mod Menu/Update Checker) Hash for fabric-events-interaction-v0 is 2c78c257a207d87aa50ca4436a3f8d7a2b7dcd6bb1153f8267391b4ffa5cde8fab5b600b6b2b430473764dd9b6a01394dc2cb2827e754b35adf124ef688bcb8c
[12:26:28] [Worker-Main-1/DEBUG] (Mod Menu/Update Checker) Hash for fabric-item-api-v1 is c3fb6ffc8b0bf4b0525d7a0b24668234a9433dfebca0667775ba9964ceb5386bf85fd72ce52b8a986291ea2f17c14808f5c8b75970452d8a07e2550fa3313f40
[12:26:28] [Worker-Main-1/DEBUG] (Mod Menu/Update Checker) Hash for fabric-convention-tags-v1 is 9c60d46cb9b2552cbe50416fb7ebfa36a0e2b841641fa42208ce326c3fab1a2414de2db06260ea1d9d391e5a95c611a419d23708ac94229119a0045da0c6b0af
[12:26:28] [Worker-Main-1/DEBUG] (Mod Menu/Update Checker) Hash for fabric-item-group-api-v1 is c1a8b06afe91cbab3c0e3f07d990fbcbbb67ce1ddca0eaa545057ea7b76c0d2cfe5a5040770ce7fce59d92001c39a382b641b8aeb702d288bbe38f4596a3088c
[12:26:28] [Worker-Main-1/DEBUG] (Mod Menu/Update Checker) Hash for fabric-recipe-api-v1 is 334bb227ecc8e893f8422f04746a6d08955726271decff1e7f0975fe3274bbe3b2890faec314c93b6c185932a9c75f5d72abaed2711c950a1e6485032e81bde4
[12:26:28] [Render thread/DEBUG] (FabricLoader/Mixin) Mixing accessor.ClientLoginNetworkHandlerAccessor from fabric-networking-api-v1.client.mixins.json into net.minecraft.client.multiplayer.ClientHandshakePacketListenerImpl
[12:26:28] [Render thread/DEBUG] (FabricLoader/Mixin) Mixing ClientLoginNetworkHandlerMixin from fabric-networking-api-v1.client.mixins.json into net.minecraft.client.multiplayer.ClientHandshakePacketListenerImpl
[12:26:28] [Render thread/DEBUG] (FabricLoader/Mixin) fabric-networking-api-v1.client.mixins.json:ClientLoginNetworkHandlerMixin from mod fabric-networking-api-v1->@Inject::initAddon(Lorg/spongepowered/asm/mixin/injection/callback/CallbackInfo;)V doesn't use it's CallbackInfo
[12:26:28] [Render thread/DEBUG] (FabricLoader/Mixin) fabric-networking-api-v1.client.mixins.json:ClientLoginNetworkHandlerMixin from mod fabric-networking-api-v1->@Inject::initAddon(Lorg/spongepowered/asm/mixin/injection/callback/CallbackInfo;)V has 0 override(s) in child classes
[12:26:28] [Render thread/DEBUG] (FabricLoader/Mixin) fabric-networking-api-v1.client.mixins.json:ClientLoginNetworkHandlerMixin from mod fabric-networking-api-v1->@Inject::initAddon(Lorg/spongepowered/asm/mixin/injection/callback/CallbackInfo;)V won't be passed a CallbackInfo as a result
[12:26:28] [Render thread/DEBUG] (FabricLoader/Mixin) fabric-networking-api-v1.client.mixins.json:ClientLoginNetworkHandlerMixin from mod fabric-networking-api-v1->@Inject::handleQueryRequest(Lnet/minecraft/network/protocol/login/ClientboundCustomQueryPacket;Lorg/spongepowered/asm/mixin/injection/callback/CallbackInfo;)V does use it's CallbackInfo
[12:26:28] [Render thread/DEBUG] (FabricLoader/Mixin) Mixing ClientConfigurationNetworkHandlerMixin from fabric-networking-api-v1.client.mixins.json into net.minecraft.client.multiplayer.ClientConfigurationPacketListenerImpl
[12:26:28] [Render thread/DEBUG] (FabricLoader/Mixin) Mixing sync.ClientConfigurationNetworkHandlerMixin from fabric-recipe-api-v1.client.mixins.json into net.minecraft.client.multiplayer.ClientConfigurationPacketListenerImpl
[12:26:28] [Render thread/DEBUG] (FabricLoader/Mixin) Mixing ClientConfigurationNetworkHandlerMixin from fabric-lifecycle-events-v1.client.mixins.json into net.minecraft.client.multiplayer.ClientConfigurationPacketListenerImpl
[12:26:28] [Render thread/DEBUG] (FabricLoader/Mixin) Mixing accessor.ClientConfigurationNetworkHandlerAccessor from fabric-networking-api-v1.client.mixins.json into net.minecraft.client.multiplayer.ClientConfigurationPacketListenerImpl
[12:26:28] [Render thread/DEBUG] (FabricLoader/Mixin) fabric-networking-api-v1.client.mixins.json:ClientConfigurationNetworkHandlerMixin from mod fabric-networking-api-v1->@Inject::initAddon(Lorg/spongepowered/asm/mixin/injection/callback/CallbackInfo;)V doesn't use it's CallbackInfo
[12:26:28] [Render thread/DEBUG] (FabricLoader/Mixin) fabric-networking-api-v1.client.mixins.json:ClientConfigurationNetworkHandlerMixin from mod fabric-networking-api-v1->@Inject::initAddon(Lorg/spongepowered/asm/mixin/injection/callback/CallbackInfo;)V has 0 override(s) in child classes
[12:26:28] [Render thread/DEBUG] (FabricLoader/Mixin) fabric-networking-api-v1.client.mixins.json:ClientConfigurationNetworkHandlerMixin from mod fabric-networking-api-v1->@Inject::initAddon(Lorg/spongepowered/asm/mixin/injection/callback/CallbackInfo;)V won't be passed a CallbackInfo as a result
[12:26:28] [Render thread/DEBUG] (FabricLoader/Mixin) fabric-networking-api-v1.client.mixins.json:ClientConfigurationNetworkHandlerMixin from mod fabric-networking-api-v1->@Inject::handleComplete(Lnet/minecraft/network/protocol/configuration/ClientboundFinishConfigurationPacket;Lorg/spongepowered/asm/mixin/injection/callback/CallbackInfo;)V doesn't use it's CallbackInfo
[12:26:28] [Render thread/DEBUG] (FabricLoader/Mixin) fabric-networking-api-v1.client.mixins.json:ClientConfigurationNetworkHandlerMixin from mod fabric-networking-api-v1->@Inject::handleComplete(Lnet/minecraft/network/protocol/configuration/ClientboundFinishConfigurationPacket;Lorg/spongepowered/asm/mixin/injection/callback/CallbackInfo;)V has 0 override(s) in child classes
[12:26:28] [Render thread/DEBUG] (FabricLoader/Mixin) fabric-networking-api-v1.client.mixins.json:ClientConfigurationNetworkHandlerMixin from mod fabric-networking-api-v1->@Inject::handleComplete(Lnet/minecraft/network/protocol/configuration/ClientboundFinishConfigurationPacket;Lorg/spongepowered/asm/mixin/injection/callback/CallbackInfo;)V won't be passed a CallbackInfo as a result
[12:26:28] [Render thread/DEBUG] (FabricLoader/Mixin) fabric-recipe-api-v1.client.mixins.json:sync.ClientConfigurationNetworkHandlerMixin from mod fabric-recipe-api-v1->@Inject::sendSupportedRecipeSerializers(Lnet/minecraft/network/protocol/configuration/ClientboundSelectKnownPacks;Lorg/spongepowered/asm/mixin/injection/callback/CallbackInfo;)V doesn't use it's CallbackInfo
[12:26:28] [Render thread/DEBUG] (FabricLoader/Mixin) fabric-recipe-api-v1.client.mixins.json:sync.ClientConfigurationNetworkHandlerMixin from mod fabric-recipe-api-v1->@Inject::sendSupportedRecipeSerializers(Lnet/minecraft/network/protocol/configuration/ClientboundSelectKnownPacks;Lorg/spongepowered/asm/mixin/injection/callback/CallbackInfo;)V has 0 override(s) in child classes
[12:26:28] [Render thread/DEBUG] (FabricLoader/Mixin) fabric-recipe-api-v1.client.mixins.json:sync.ClientConfigurationNetworkHandlerMixin from mod fabric-recipe-api-v1->@Inject::sendSupportedRecipeSerializers(Lnet/minecraft/network/protocol/configuration/ClientboundSelectKnownPacks;Lorg/spongepowered/asm/mixin/injection/callback/CallbackInfo;)V won't be passed a CallbackInfo as a result
[12:26:28] [Render thread/DEBUG] (FabricLoader/Mixin) fabric-lifecycle-events-v1.client.mixins.json:ClientConfigurationNetworkHandlerMixin from mod fabric-lifecycle-events-v1->@Inject::invokeTagsLoaded(Lnet/minecraft/server/packs/resources/ResourceProvider;Lorg/spongepowered/asm/mixin/injection/callback/CallbackInfoReturnable;)V does use it's CallbackInfoReturnable
[12:26:28] [Render thread/DEBUG] (FabricLoader/Mixin) Mixing MixinConnection from infernum.mixins.json into net.minecraft.network.Connection
[12:26:28] [Render thread/DEBUG] (FabricLoader/Mixin) Mixing ingredient.ClientConnectionMixin from fabric-recipe-api-v1.mixins.json into net.minecraft.network.Connection
[12:26:28] [Render thread/DEBUG] (FabricLoader/Mixin) Mixing sync.ClientConnectionMixin from fabric-recipe-api-v1.mixins.json into net.minecraft.network.Connection
[12:26:28] [Render thread/DEBUG] (FabricLoader/Mixin) Mixing ClientConnectionMixin from fabric-data-attachment-api-v1.mixins.json into net.minecraft.network.Connection
[12:26:28] [Render thread/DEBUG] (FabricLoader/Mixin) Mixing ClientConnectionMixin from fabric-networking-api-v1.mixins.json into net.minecraft.network.Connection
[12:26:28] [Render thread/DEBUG] (FabricLoader/Mixin) Renaming synthetic method lambda$fabric_getPendingChannelsNames$2(Lnet/minecraft/network/ConnectionProtocol;)Ljava/util/Collection; to mdab7149$fabric-networking-api-v1$lambda$fabric_getPendingChannelsNames$2$0 in fabric-networking-api-v1.mixins.json:ClientConnectionMixin from mod fabric-networking-api-v1
[12:26:28] [Render thread/DEBUG] (FabricLoader/Mixin) Renaming synthetic method lambda$injectFabricPacketSlitterHandlerOutbound$1(Lnet/fabricmc/fabric/impl/networking/PayloadTypeRegistryImpl;Lio/netty/channel/ChannelHandlerContext;)V to mdab7149$fabric-networking-api-v1$lambda$injectFabricPacketSlitterHandlerOutbound$1$1 in fabric-networking-api-v1.mixins.json:ClientConnectionMixin from mod fabric-networking-api-v1
[12:26:28] [Render thread/DEBUG] (FabricLoader/Mixin) Renaming synthetic method lambda$injectFabricPacketSlitterHandlerInbound$0(Lnet/fabricmc/fabric/impl/networking/PayloadTypeRegistryImpl;Lnet/minecraft/network/ProtocolInfo;Lio/netty/channel/ChannelHandlerContext;)V to mdab7149$fabric-networking-api-v1$lambda$injectFabricPacketSlitterHandlerInbound$0$2 in fabric-networking-api-v1.mixins.json:ClientConnectionMixin from mod fabric-networking-api-v1
[12:26:28] [Render thread/DEBUG] (FabricLoader/Mixin) infernum.mixins.json:MixinConnection from mod infernum->@Inject::frozen$onChannelRead(Lio/netty/channel/ChannelHandlerContext;Lnet/minecraft/network/protocol/Packet;Lorg/spongepowered/asm/mixin/injection/callback/CallbackInfo;)V does use it's CallbackInfo
[12:26:28] [Render thread/DEBUG] (FabricLoader/Mixin) infernum.mixins.json:MixinConnection from mod infernum->@Inject::frozen$onSend(Lnet/minecraft/network/protocol/Packet;Lio/netty/channel/ChannelFutureListener;Lorg/spongepowered/asm/mixin/injection/callback/CallbackInfo;)V does use it's CallbackInfo
[12:26:28] [Render thread/DEBUG] (FabricLoader/Mixin) fabric-networking-api-v1.mixins.json:ClientConnectionMixin from mod fabric-networking-api-v1->@Inject::initAddedFields(Lnet/minecraft/network/protocol/PacketFlow;Lorg/spongepowered/asm/mixin/injection/callback/CallbackInfo;)V doesn't use it's CallbackInfo
[12:26:28] [Render thread/DEBUG] (FabricLoader/Mixin) fabric-networking-api-v1.mixins.json:ClientConnectionMixin from mod fabric-networking-api-v1->@Inject::initAddedFields(Lnet/minecraft/network/protocol/PacketFlow;Lorg/spongepowered/asm/mixin/injection/callback/CallbackInfo;)V has 0 override(s) in child classes
[12:26:28] [Render thread/DEBUG] (FabricLoader/Mixin) fabric-networking-api-v1.mixins.json:ClientConnectionMixin from mod fabric-networking-api-v1->@Inject::initAddedFields(Lnet/minecraft/network/protocol/PacketFlow;Lorg/spongepowered/asm/mixin/injection/callback/CallbackInfo;)V won't be passed a CallbackInfo as a result
[12:26:28] [Render thread/DEBUG] (FabricLoader/Mixin) fabric-networking-api-v1.mixins.json:ClientConnectionMixin from mod fabric-networking-api-v1->@Inject::checkPacket(Lnet/minecraft/network/protocol/Packet;Lio/netty/channel/ChannelFutureListener;ZLorg/spongepowered/asm/mixin/injection/callback/CallbackInfo;)V doesn't use it's CallbackInfo
[12:26:28] [Render thread/DEBUG] (FabricLoader/Mixin) fabric-networking-api-v1.mixins.json:ClientConnectionMixin from mod fabric-networking-api-v1->@Inject::checkPacket(Lnet/minecraft/network/protocol/Packet;Lio/netty/channel/ChannelFutureListener;ZLorg/spongepowered/asm/mixin/injection/callback/CallbackInfo;)V has 0 override(s) in child classes
[12:26:28] [Render thread/DEBUG] (FabricLoader/Mixin) fabric-networking-api-v1.mixins.json:ClientConnectionMixin from mod fabric-networking-api-v1->@Inject::checkPacket(Lnet/minecraft/network/protocol/Packet;Lio/netty/channel/ChannelFutureListener;ZLorg/spongepowered/asm/mixin/injection/callback/CallbackInfo;)V won't be passed a CallbackInfo as a result
[12:26:28] [Render thread/DEBUG] (FabricLoader/Mixin) fabric-networking-api-v1.mixins.json:ClientConnectionMixin from mod fabric-networking-api-v1->@Inject::checkPacket(Lnet/minecraft/network/protocol/Packet;Lio/netty/channel/ChannelFutureListener;ZLorg/spongepowered/asm/mixin/injection/callback/CallbackInfo;)V doesn't use it's CallbackInfo
[12:26:28] [Render thread/DEBUG] (FabricLoader/Mixin) fabric-networking-api-v1.mixins.json:ClientConnectionMixin from mod fabric-networking-api-v1->@Inject::checkPacket(Lnet/minecraft/network/protocol/Packet;Lio/netty/channel/ChannelFutureListener;ZLorg/spongepowered/asm/mixin/injection/callback/CallbackInfo;)V has 0 override(s) in child classes
[12:26:28] [Render thread/DEBUG] (FabricLoader/Mixin) fabric-networking-api-v1.mixins.json:ClientConnectionMixin from mod fabric-networking-api-v1->@Inject::checkPacket(Lnet/minecraft/network/protocol/Packet;Lio/netty/channel/ChannelFutureListener;ZLorg/spongepowered/asm/mixin/injection/callback/CallbackInfo;)V won't be passed a CallbackInfo as a result
[12:26:28] [Render thread/DEBUG] (FabricLoader/Mixin) fabric-networking-api-v1.mixins.json:ClientConnectionMixin from mod fabric-networking-api-v1->@Inject::unwatchAddon(Lnet/minecraft/network/ProtocolInfo;Lnet/minecraft/network/PacketListener;Lorg/spongepowered/asm/mixin/injection/callback/CallbackInfo;)V doesn't use it's CallbackInfo
[12:26:28] [Render thread/DEBUG] (FabricLoader/Mixin) fabric-networking-api-v1.mixins.json:ClientConnectionMixin from mod fabric-networking-api-v1->@Inject::unwatchAddon(Lnet/minecraft/network/ProtocolInfo;Lnet/minecraft/network/PacketListener;Lorg/spongepowered/asm/mixin/injection/callback/CallbackInfo;)V has 0 override(s) in child classes
[12:26:28] [Render thread/DEBUG] (FabricLoader/Mixin) fabric-networking-api-v1.mixins.json:ClientConnectionMixin from mod fabric-networking-api-v1->@Inject::unwatchAddon(Lnet/minecraft/network/ProtocolInfo;Lnet/minecraft/network/PacketListener;Lorg/spongepowered/asm/mixin/injection/callback/CallbackInfo;)V won't be passed a CallbackInfo as a result
[12:26:28] [Render thread/DEBUG] (FabricLoader/Mixin) fabric-networking-api-v1.mixins.json:ClientConnectionMixin from mod fabric-networking-api-v1->@Inject::disconnectAddon(Lio/netty/channel/ChannelHandlerContext;Lorg/spongepowered/asm/mixin/injection/callback/CallbackInfo;)V doesn't use it's CallbackInfo
[12:26:28] [Render thread/DEBUG] (FabricLoader/Mixin) fabric-networking-api-v1.mixins.json:ClientConnectionMixin from mod fabric-networking-api-v1->@Inject::disconnectAddon(Lio/netty/channel/ChannelHandlerContext;Lorg/spongepowered/asm/mixin/injection/callback/CallbackInfo;)V has 0 override(s) in child classes
[12:26:28] [Render thread/DEBUG] (FabricLoader/Mixin) fabric-networking-api-v1.mixins.json:ClientConnectionMixin from mod fabric-networking-api-v1->@Inject::disconnectAddon(Lio/netty/channel/ChannelHandlerContext;Lorg/spongepowered/asm/mixin/injection/callback/CallbackInfo;)V won't be passed a CallbackInfo as a result
[12:26:28] [Render thread/DEBUG] (FabricLoader/Mixin) fabric-networking-api-v1.mixins.json:ClientConnectionMixin from mod fabric-networking-api-v1->@Inject::disconnectAddon(Lorg/spongepowered/asm/mixin/injection/callback/CallbackInfo;)V doesn't use it's CallbackInfo
[12:26:28] [Render thread/DEBUG] (FabricLoader/Mixin) fabric-networking-api-v1.mixins.json:ClientConnectionMixin from mod fabric-networking-api-v1->@Inject::disconnectAddon(Lorg/spongepowered/asm/mixin/injection/callback/CallbackInfo;)V has 0 override(s) in child classes
[12:26:28] [Render thread/DEBUG] (FabricLoader/Mixin) fabric-networking-api-v1.mixins.json:ClientConnectionMixin from mod fabric-networking-api-v1->@Inject::disconnectAddon(Lorg/spongepowered/asm/mixin/injection/callback/CallbackInfo;)V won't be passed a CallbackInfo as a result
[12:26:28] [Worker-Main-1/DEBUG] (Mod Menu/Update Checker) Hash for fabric-language-kotlin is 76b6260ad6880d71d2736f657ae70fc1995a25711e53074d60ef5e3d3849eca748c00e4384564338e1301fbd6b29048c00682563ea39cef09e40ef8298de91f6
[12:26:28] [Worker-Main-1/DEBUG] (Mod Menu/Update Checker) Hash for fabric-serialization-api-v1 is ef2cf12bcd879ba8f34b8f2bb17accd32c611070c9f857cc52d3fe0d7ca0fa65fe23f15a436c3263d760119ecfca81f56db6d8c3269b9f3636c05c4014d34307
[12:26:28] [Worker-Main-1/DEBUG] (Mod Menu/Update Checker) Hash for fabric-entity-events-v1 is d625d614b86d6f9fec28746c7782a7ab2399f0dd2adeaa8b6b2abf4a9c3926c090b99e030f39ee0055481d64fe60672de3fc5b438a59f4c04dab817f03cf3150
[12:26:28] [Worker-Main-1/DEBUG] (Mod Menu/Update Checker) Hash for fabric-key-binding-api-v1 is c303eb8910e6b75f8f8a7d90d237ae74ab187cc4bf7638af13009b3e13b813cd7303864e79bed6290cc26419da5f5fb3c88c97343bb837311ba5a55bd2313f28
[12:26:28] [Worker-Main-1/DEBUG] (Mod Menu/Update Checker) Hash for fabric-rendering-v1 is 7f2b9e78be82b89cd82da206ffde268fcc74ed4f3df4e87624b47568b6a7700e4423444d3d39562bcc1ce632703ecb643a789808d29274d6ae6a42d3d5826468
[12:26:28] [Worker-Main-1/DEBUG] (Mod Menu/Update Checker) Hash for fabric-resource-loader-v0 is 6417bfca4d77a8f39e5e09bc4ca8432df3debf6e304c8203e365e92a4886872f0722c930772e93fcb1003eab341d2868f483fa336a6ebe8f5a55c57029adc34f
[12:26:28] [Worker-Main-1/DEBUG] (Mod Menu/Update Checker) Hash for entityculling is ee83fc96936c25b813818ad348c5e856e768f84ca746933d1ad30e8f8d239354748c806f1448b1ec12442f24c9a148e6b73b6d46f74f9e38b54e8d6d3f74ea2b
[12:26:28] [Worker-Main-1/DEBUG] (Mod Menu/Update Checker) Hash for fabric-resource-loader-v1 is fd64640740a8fcdf97caa6282393319262d6732602c6c305b08ef416dff486f890d77c8d646d13eef1f013740ef5a004c6a61dfa404fa93b15ad6b038f32b933
[12:26:28] [Worker-Main-1/DEBUG] (Mod Menu/Update Checker) Hash for gammautils is 144c629caf0eb2565a1d44a90f1845af2b1bcfbb60b0fa705f36a9c93c7f2871bc01bbdf4dcb6432f3ef38928b261a9470bc9f8072d7ab84f8fa69093d880d5a
[12:26:28] [Worker-Main-1/DEBUG] (Mod Menu/Update Checker) Hash for fabric-content-registries-v0 is fc8a0a9bead973cf9181777fabba3b25d718b46ac7a304151b2d588e6b503ec00baeb0ee344b85b092867f203e54dde561b6ab476542325d74cd39c583031773
[12:26:28] [Worker-Main-1/DEBUG] (Mod Menu/Update Checker) Hash for immediatelyfast is fb682c168c3656d72f2cfeee410f61b58721e726a2dbfd04a685b492821814dbca4079f716e1505fb31d82a7295d5f7b911b48d125122f995c6af459399912d1
[12:26:28] [Worker-Main-1/DEBUG] (Mod Menu/Update Checker) Hash for fabric-block-view-api-v2 is ec3bc4f42ff6d0fd733465e8a336352d69157589798c85bb941b499cf33167bb93df028330bd80f7716843b14632b3b3fc34eb95892af3ca8f1cea8f1eaadbc7
[12:26:28] [Worker-Main-1/DEBUG] (Mod Menu/Update Checker) Hash for fabric-biome-api-v1 is 80ebc4ffab067309d5505846be9aa61536f8e2587bee74a455d23da6fbf5e31e6ba635af4b4a7fb3e68ab190908196820053ebd7f253235e110fe1087b758300
[12:26:28] [Worker-Main-1/DEBUG] (Mod Menu/Update Checker) Hash for fabric-gametest-api-v1 is fa34398fefc99aafbc3b55d513c6f28fb119ab1357f7ca13ed56b1d97f53410f8428f2ab9b5c5d2ddb2e29b7c182eedf4e4a1d696ea3346bf9632193ac7fc09f
[12:26:28] [Worker-Main-1/DEBUG] (Mod Menu/Update Checker) Hash for fabric-loot-api-v3 is 25eaa369a9861934814acc9bf9d622284c3335bc12b0ea27950294ae4147a78d496fa19f9c7084165701ee52c528e1250aff7a7d53e4cad4c5e2ad470f6c2e18
[12:26:28] [Worker-Main-1/DEBUG] (Mod Menu/Update Checker) Hash for fabric-loot-api-v2 is b751033b0f61542dd8e5496bfeff9b65d30d21f6057627bdf88ff6b0348bcdad2c6fae94f49524da26d442ed5f0ff8fef989906dc2ab5bae0915118ca52f2113
[12:26:28] [Worker-Main-1/DEBUG] (Mod Menu/Update Checker) Hash for ferritecore is 8c3890fb116dfaf681f5f483ea0d1bfecfb87dd584cc72e772fe43ea6ecf15a09c782fedbe5cea3b8bf7e930bd5c00753a619ac5ce7afa7fd092769d68e9beec
[12:26:28] [Worker-Main-1/DEBUG] (Mod Menu/Update Checker) Hash for fabric-registry-sync-v0 is 71ec87dc87c2e33f4bef28317e6443c34dde63a1d118d5d9351b1d7fa8ff0bb74787fa6e3ee141cb7205a7227477a084e5f14ec6902c283cf18d471f4881c771
[12:26:28] [Worker-Main-1/DEBUG] (Mod Menu/Update Checker) Hash for fabric-message-api-v1 is 1c0032c5c0371c993e9c74a3484a69c4c480300d4ef8b2729630909c634b37441176c32cfee2020e46014b89287b1219e50c0253c18b5369e1a7b06e41181a14
[12:26:28] [Worker-Main-1/DEBUG] (Mod Menu/Update Checker) Hash for fabric-transitive-access-wideners-v1 is 2771d1f89dc615996b1ee84d42a8427e8ba87edeb6b261952851a8f0c8465f35c65e047dc61ba0987237f58a45f09b4e1fc2d24246f421e2e765e903a9b00e07
[12:26:28] [Worker-Main-1/DEBUG] (Mod Menu/Update Checker) Hash for cloth-config is df1d9e0349dc64fc0859f17b65b67b0d7745a26b4905e87fc148ddebc0285de51a3255848599f0d5ee24f6aab00fbac4849d40bb9052936eaa452d216c7ada62
[12:26:28] [Render thread/DEBUG] (FabricLoader/Mixin) Mixing SimpleRegistryTagLookup2Accessor from fabric-tag-api-v1.mixins.json into net.minecraft.core.MappedRegistry$TagSet$2
[12:26:28] [Worker-Main-1/DEBUG] (Mod Menu/Update Checker) Hash for betterf3 is 3f26208d69ff9adb026d68a765f823918d1ad7680262c2744f384d18dcc10c00b2741ea7dfd8302965b5fbefaefc3b7596b1c7507f3f8c7e3024368e71bfe710
[12:26:28] [Worker-Main-1/DEBUG] (Mod Menu/Update Checker) Hash for fabric-networking-api-v1 is 764da1c20b9e5769ccf5cc5cd463a7b4be2a5e566057f7a83772ec9f73034de242f97303964fa614042e5792060f1ba2ef13cb468fbe7f98a00fd62a0ba18bc9
[12:26:28] [Worker-Main-1/DEBUG] (Mod Menu/Update Checker) Hash for badoptimizations is f6a96fb3cbd8db2dc6af402c591f0c6f8259e8df9d7799c55e013fb00503b7585ffb45b6f05d7d4cf9b270af7c625bd74d17e8bd72d2b2e8d1141bde90b35268
[12:26:28] [Worker-Main-1/DEBUG] (Mod Menu/Update Checker) Hash for cubes-without-borders is 93ef2bce695fd7d180d03d8d1d2a15c74e7807f74f087518d607f754d58b1945fb571c5aa426e673c70c4c08dab54034cc927c89d4e5bf9521035dbbd5a6f236
[12:26:28] [ModMenu/Update Checker/2/DEBUG] (Mod Menu/Update Checker) Body: {
  "hashes": [
    "764da1c20b9e5769ccf5cc5cd463a7b4be2a5e566057f7a83772ec9f73034de242f97303964fa614042e5792060f1ba2ef13cb468fbe7f98a00fd62a0ba18bc9",
    "e016410024563f023fc4a836c97f5b2eed40ae67775f9c7b60dc3063125bc2b29481dfdfc2c660b65d9845708c9db92966b8ebcb92380838af1e540e1d2d556d",
    "ec3bc4f42ff6d0fd733465e8a336352d69157589798c85bb941b499cf33167bb93df028330bd80f7716843b14632b3b3fc34eb95892af3ca8f1cea8f1eaadbc7",
    "8455a9bbff14ed30d30fa4e59476d36d80b247a318393e71f8883c5a3725bac369c0fd747dc54103632a6b08a3f6975a976a9c2e4158e19ce911a63e488d6fa4",
    "df1d9e0349dc64fc0859f17b65b67b0d7745a26b4905e87fc148ddebc0285de51a3255848599f0d5ee24f6aab00fbac4849d40bb9052936eaa452d216c7ada62",
    "67d2067ec8e92089ca5a565fa76c653c56621cf4dbeb58e18223f0ddd45865e90a653f060016507636830d504b2ea75ec5453c70f17bf892e9d0772fa858ac72",
    "765837034be497b83ceef1a46dfdb305a9edf0c05762979d261b3917b6513ce25158d74252315523157bc02217354da36686479f0e09c1ae453a987fb9f8bfb3",
    "ac3e8403a06c35e6a7478e1b613a9a0cb73d32a684e5cb5bf8ba6abb65bbd449ef3337782dc4420cbed1f39fb85a0606d2eaa3cdc3139fad317736e9b9ef6507",
    "71ec87dc87c2e33f4bef28317e6443c34dde63a1d118d5d9351b1d7fa8ff0bb74787fa6e3ee141cb7205a7227477a084e5f14ec6902c283cf18d471f4881c771",
    "ddc52a2a92c3c3a6ccfadff1e3351725f3eb983a6cea7ab9b56e29c5b5882b7b011257665ea40444a3960e8687e5ff7260f5f43a06d5fc6ac276c58bf23e1614",
    "76b6260ad6880d71d2736f657ae70fc1995a25711e53074d60ef5e3d3849eca748c00e4384564338e1301fbd6b29048c00682563ea39cef09e40ef8298de91f6",
    "662569eac1cf6cee5e8ce56925b2cf522e6c35279094b8b518b679d59cb1f453c34b91eecdd3226cafb4b4063044b418d25ce6ffaea410c7ac2670180533c30a",
    "b3329ee9098139b81ac50a29cb7e25bc3f46251312befe71ba0f7b82be190b1620b89c8fbd6713fb3ce123654b1d87ccd6888afa51d91e562ba1715765f3fe0d",
    "7f2b9e78be82b89cd82da206ffde268fcc74ed4f3df4e87624b47568b6a7700e4423444d3d39562bcc1ce632703ecb643a789808d29274d6ae6a42d3d5826468",
    "ee83fc96936c25b813818ad348c5e856e768f84ca746933d1ad30e8f8d239354748c806f1448b1ec12442f24c9a148e6b73b6d46f74f9e38b54e8d6d3f74ea2b",
    "fc8a0a9bead973cf9181777fabba3b25d718b46ac7a304151b2d588e6b503ec00baeb0ee344b85b092867f203e54dde561b6ab476542325d74cd39c583031773",
    "b751033b0f61542dd8e5496bfeff9b65d30d21f6057627bdf88ff6b0348bcdad2c6fae94f49524da26d442ed5f0ff8fef989906dc2ab5bae0915118ca52f2113",
    "fb682c168c3656d72f2cfeee410f61b58721e726a2dbfd04a685b492821814dbca4079f716e1505fb31d82a7295d5f7b911b48d125122f995c6af459399912d1",
    "7bbc246a9ca54bcffe518ecf657a6041d3488a914c3eab70a1834818b871fd632ee4f256cc224f37cc92a5b3193e193d8c4a18c7cb539cf8b782f93ddd6f6d87",
    "6df428bc8d0e39973a7f6b0da14daaa326f1e014bc87f3bd2332f004dfdefff7d1320532a42dcb90604660f00741c4c8ee009dd2571c0951770717b306a0621f",
    "c3fb6ffc8b0bf4b0525d7a0b24668234a9433dfebca0667775ba9964ceb5386bf85fd72ce52b8a986291ea2f17c14808f5c8b75970452d8a07e2550fa3313f40",
    "6417bfca4d77a8f39e5e09bc4ca8432df3debf6e304c8203e365e92a4886872f0722c930772e93fcb1003eab341d2868f483fa336a6ebe8f5a55c57029adc34f",
    "f6a96fb3cbd8db2dc6af402c591f0c6f8259e8df9d7799c55e013fb00503b7585ffb45b6f05d7d4cf9b270af7c625bd74d17e8bd72d2b2e8d1141bde90b35268",
    "ef2cf12bcd879ba8f34b8f2bb17accd32c611070c9f857cc52d3fe0d7ca0fa65fe23f15a436c3263d760119ecfca81f56db6d8c3269b9f3636c05c4014d34307",
    "98360caf27dc32253b99bc1d35721e0a5728a4325ba7ed6a563981b2ffdbe0f7c7d4c15f8393d4f73f9d8c165c14023863c87c16464b9bf6a717e35b4c04697b",
    "4fa71141694cb6cb6653131557123ed2925e1f6f122a05d2a175098d35e459843e9019cce3ae13fe95784e740dca87c34d529a9b6d9df73fe7c551b8c4e2257c",
    "25eaa369a9861934814acc9bf9d622284c3335bc12b0ea27950294ae4147a78d496fa19f9c7084165701ee52c528e1250aff7a7d53e4cad4c5e2ad470f6c2e18",
    "48990d79496c247b1421d4684d3fc1041be242a46b794266829075db64dd6d0207f4f0d269a2a37050d965223a2c5ae575187154fb297b48fd9d3558fe2bdd7b",
    "1c0032c5c0371c993e9c74a3484a69c4c480300d4ef8b2729630909c634b37441176c32cfee2020e46014b89287b1219e50c0253c18b5369e1a7b06e41181a14",
    "1cccdc75d972f5c176a488dcc84cce7320b608a2d105412f2847245affbf5aa22b1995eda392132453fa6e1a9154ac99a87acaf8d7989b9f1a23ac1059a93daf",
    "9c60d46cb9b2552cbe50416fb7ebfa36a0e2b841641fa42208ce326c3fab1a2414de2db06260ea1d9d391e5a95c611a419d23708ac94229119a0045da0c6b0af",
    "b5fe5f32c6a0200f1696d544a2e59d8ed7d629e723f8459241971185e226e17d55ed686f87edb28942d2dbcfcf47ebcdf215fc888341b1ab7ef01d272e52cc2c",
    "8c3890fb116dfaf681f5f483ea0d1bfecfb87dd584cc72e772fe43ea6ecf15a09c782fedbe5cea3b8bf7e930bd5c00753a619ac5ce7afa7fd092769d68e9beec",
    "f964bbdde0cf9388663b24e608babf4feaf913a7a7d6f90a516bb0e2c8c72b4f95130d7a43fe306ef71c2dacdd049f88c69406b587eb1976afe2df51105a9d5a",
    "e40579048cf69481dadbe375c889ca562a4c61054f1940594b90983b0816fc9bd427b7b8927de5aca53665deef9e3a2051b2e32570d86960a9c2889cd41c8801",
    "3f79764c347dffcc607bf57365b47e06f7e231132922facb5978a6663c31957ea8ec83ad84266d5d958d65bb394ae9d4ca6e601ed20e444e2527b18b2bd0cd18",
    "16574d71f5525be3c69ddeab26b931393d66c9b3cd3643dbf229201e34e61d3168f86140b1ee273cc89518d0fa8fcf89fe3838fcbf144b1b628f812880bfeacc",
    "c303eb8910e6b75f8f8a7d90d237ae74ab187cc4bf7638af13009b3e13b813cd7303864e79bed6290cc26419da5f5fb3c88c97343bb837311ba5a55bd2313f28",
    "2c78c257a207d87aa50ca4436a3f8d7a2b7dcd6bb1153f8267391b4ffa5cde8fab5b600b6b2b430473764dd9b6a01394dc2cb2827e754b35adf124ef688bcb8c",
    "f6d7193c4e711454c1081731cc9c7767d6cbeaeafb04835b37f4510648221805af01eb6aa8463156d816506ab66122c3b4b48b1c711a4b3489463c3b1a9b204a",
    "aec34c8ec1f94e923635e1929be509df439d23b848ae066ab734654d9f12b4c6f3878170fe65e19822db54011c6b4034699a845186adfedef04d77d20abd9545",
    "cd51c3ddff83d489ccd208644ff9fc5d0c27804998dbcb4a1ae9a31fd4259b96848f4f79f6cb716a24c22d5c68e8aaf3241ec8be0669498c7d5c572b4dc68151",
    "fa34398fefc99aafbc3b55d513c6f28fb119ab1357f7ca13ed56b1d97f53410f8428f2ab9b5c5d2ddb2e29b7c182eedf4e4a1d696ea3346bf9632193ac7fc09f",
    "569ccfe718655d86757164ffa8af6fd550e083eabb30e00fa8b82dee340e0b811897087413cc1eb9536f707d6022fb0abb8f7d26b0303cb7eb9cfc31c657e21b",
    "3f26208d69ff9adb026d68a765f823918d1ad7680262c2744f384d18dcc10c00b2741ea7dfd8302965b5fbefaefc3b7596b1c7507f3f8c7e3024368e71bfe710",
    "423e09a93fd78cdcff27377429b3bdcf343951a3340252ceae6a486b5b14d919d469e1ea6474c8d9060e19fa6b5db3765239a0119e22883d1e09fb4fd19f7cfc",
    "03cf1cde8d2742ef9b7ab159083fbd81f56c2272f9a1b527ca8538a0645f0ffbb0e4bfbf3c4e5ce317cfab5adcf994312beeccf841e3925769dbed542d2634d0",
    "9f6b62f3ad02f818bd960c24885ae0a32524b13783eac4c0123d9e337b70f477236bc0a2c5a250a5cc5c547172c4f9048c9c9036f51324477a69f6a84f6b1f97",
    "93ef2bce695fd7d180d03d8d1d2a15c74e7807f74f087518d607f754d58b1945fb571c5aa426e673c70c4c08dab54034cc927c89d4e5bf9521035dbbd5a6f236",
    "fd64640740a8fcdf97caa6282393319262d6732602c6c305b08ef416dff486f890d77c8d646d13eef1f013740ef5a004c6a61dfa404fa93b15ad6b038f32b933",
    "c64fa89eff748da4258aebcfa634999f0f59d87d0d6f7d368598baa8874dfc62ea93ccfb2dc43fe8b8627c971823449b27e20f54c522e2103dbeeaf52bbbe9da",
    "a0c20cf7ce4f017235ed605e14b46d86727843092cbbbe53b6d40e6e687f9e922eee559561320c41b2b4e5ad5500ad2172907bc5e273067f530193bd21ff11ce",
    "2771d1f89dc615996b1ee84d42a8427e8ba87edeb6b261952851a8f0c8465f35c65e047dc61ba0987237f58a45f09b4e1fc2d24246f421e2e765e903a9b00e07",
    "d625d614b86d6f9fec28746c7782a7ab2399f0dd2adeaa8b6b2abf4a9c3926c090b99e030f39ee0055481d64fe60672de3fc5b438a59f4c04dab817f03cf3150",
    "334bb227ecc8e893f8422f04746a6d08955726271decff1e7f0975fe3274bbe3b2890faec314c93b6c185932a9c75f5d72abaed2711c950a1e6485032e81bde4",
    "80ebc4ffab067309d5505846be9aa61536f8e2587bee74a455d23da6fbf5e31e6ba635af4b4a7fb3e68ab190908196820053ebd7f253235e110fe1087b758300",
    "c18e6beec68756a2ef487a7c8172a4e1049af35dafeb96a79e5ba21955c1ce9df85df7c84b0bbda06d02fc9fa4d7bfa48ffbcda4a4d6c28386496ef6dc1a6eee",
    "434e73b4f68c8876e45d33ac79d5959e17cf7c7cd137938cf53e5476407dba776732fe75f6ee7cd83896c9f6d8d639ca0965c798e9e5cece73edfc46fbc984f8",
    "144c629caf0eb2565a1d44a90f1845af2b1bcfbb60b0fa705f36a9c93c7f2871bc01bbdf4dcb6432f3ef38928b261a9470bc9f8072d7ab84f8fa69093d880d5a",
    "c1a8b06afe91cbab3c0e3f07d990fbcbbb67ce1ddca0eaa545057ea7b76c0d2cfe5a5040770ce7fce59d92001c39a382b641b8aeb702d288bbe38f4596a3088c"
  ],
  "algorithm": "sha512",
  "loaders": [
    "fabric"
  ],
  "game_versions": [
    "1.21.10"
  ],
  "version_types": [
    "release"
  ]
}
[12:26:28] [Render thread/DEBUG] (FabricLoader/Mixin) Mixing GameOptionsMixin from fabric-key-binding-api-v1.mixins.json into net.minecraft.client.Options
[12:26:28] [Render thread/DEBUG] (FabricLoader/Mixin) Mixing MixinMaxFpsCrashFix from mixins.iris.fixes.maxfpscrash.json into net.minecraft.client.Options
[12:26:28] [Render thread/DEBUG] (FabricLoader/Mixin) mixins.iris.fixes.maxfpscrash.json:MixinMaxFpsCrashFix from mod iris: Class version 65 required is higher than the class version supported by the current version of Mixin (JAVA_8 supports class version 52)
[12:26:28] [Render thread/DEBUG] (FabricLoader/Mixin) Mixing GameOptionsMixin from fabric-resource-loader-v0.client.mixins.json into net.minecraft.client.Options
[12:26:28] [Render thread/DEBUG] (FabricLoader/Mixin) Mixing MixinGameOptions from gammautils.mixins.json into net.minecraft.client.Options
[12:26:28] [Render thread/DEBUG] (FabricLoader/Mixin) Mixing sky.MixinOptions_CloudsOverride from mixins.iris.json into net.minecraft.client.Options
[12:26:28] [Render thread/DEBUG] (FabricLoader/Mixin) mixins.iris.json:sky.MixinOptions_CloudsOverride from mod iris: Class version 65 required is higher than the class version supported by the current version of Mixin (JAVA_8 supports class version 52)
[12:26:28] [Render thread/DEBUG] (FabricLoader/Mixin) Renaming synthetic method lambda$iris$overrideCloudsType$0(Lorg/spongepowered/asm/mixin/injection/callback/CallbackInfoReturnable;Lnet/irisshaders/iris/pipeline/WorldRenderingPipeline;)V to mdab7149$iris$lambda$iris$overrideCloudsType$0$0 in mixins.iris.json:sky.MixinOptions_CloudsOverride from mod iris
[12:26:28] [Render thread/DEBUG] (FabricLoader/Mixin) fabric-key-binding-api-v1.mixins.json:GameOptionsMixin from mod fabric-key-binding-api-v1->@Inject::loadHook(Lorg/spongepowered/asm/mixin/injection/callback/CallbackInfo;)V doesn't use it's CallbackInfo
[12:26:28] [Render thread/DEBUG] (FabricLoader/Mixin) fabric-key-binding-api-v1.mixins.json:GameOptionsMixin from mod fabric-key-binding-api-v1->@Inject::loadHook(Lorg/spongepowered/asm/mixin/injection/callback/CallbackInfo;)V has 0 override(s) in child classes
[12:26:28] [Render thread/DEBUG] (FabricLoader/Mixin) fabric-key-binding-api-v1.mixins.json:GameOptionsMixin from mod fabric-key-binding-api-v1->@Inject::loadHook(Lorg/spongepowered/asm/mixin/injection/callback/CallbackInfo;)V won't be passed a CallbackInfo as a result
[12:26:28] [Render thread/DEBUG] (FabricLoader/Mixin) fabric-resource-loader-v0.client.mixins.json:GameOptionsMixin from mod fabric-resource-loader-v0->@Inject::onLoad(Lorg/spongepowered/asm/mixin/injection/callback/CallbackInfo;)V doesn't use it's CallbackInfo
[12:26:28] [Render thread/DEBUG] (FabricLoader/Mixin) fabric-resource-loader-v0.client.mixins.json:GameOptionsMixin from mod fabric-resource-loader-v0->@Inject::onLoad(Lorg/spongepowered/asm/mixin/injection/callback/CallbackInfo;)V has 0 override(s) in child classes
[12:26:28] [Render thread/DEBUG] (FabricLoader/Mixin) fabric-resource-loader-v0.client.mixins.json:GameOptionsMixin from mod fabric-resource-loader-v0->@Inject::onLoad(Lorg/spongepowered/asm/mixin/injection/callback/CallbackInfo;)V won't be passed a CallbackInfo as a result
[12:26:28] [Render thread/DEBUG] (FabricLoader/Mixin) fabric-resource-loader-v0.client.mixins.json:GameOptionsMixin from mod fabric-resource-loader-v0->@Inject::onLoad(Lorg/spongepowered/asm/mixin/injection/callback/CallbackInfo;)V doesn't use it's CallbackInfo
[12:26:28] [Render thread/DEBUG] (FabricLoader/Mixin) fabric-resource-loader-v0.client.mixins.json:GameOptionsMixin from mod fabric-resource-loader-v0->@Inject::onLoad(Lorg/spongepowered/asm/mixin/injection/callback/CallbackInfo;)V has 0 override(s) in child classes
[12:26:28] [Render thread/DEBUG] (FabricLoader/Mixin) fabric-resource-loader-v0.client.mixins.json:GameOptionsMixin from mod fabric-resource-loader-v0->@Inject::onLoad(Lorg/spongepowered/asm/mixin/injection/callback/CallbackInfo;)V won't be passed a CallbackInfo as a result
[12:26:28] [Render thread/DEBUG] (FabricLoader/Mixin) mixins.iris.json:sky.MixinOptions_CloudsOverride from mod iris->@Inject::iris$overrideCloudsType(Lorg/spongepowered/asm/mixin/injection/callback/CallbackInfoReturnable;)V does use it's CallbackInfoReturnable
[12:26:28] [Render thread/DEBUG] (FabricLoader/Mixin) Mixing SoundInstanceMixin from fabric-sound-api-v1.mixins.json into net.minecraft.client.resources.sounds.SoundInstance
[12:26:28] [Render thread/DEBUG] (FabricLoader/Mixin) Mixing MixinSimpleOption from gammautils.mixins.json into net.minecraft.client.OptionInstance
[12:26:28] [Render thread/DEBUG] (FabricLoader/Mixin) gammautils.mixins.json:MixinSimpleOption from mod gammautils->@Inject::getModValue(Lorg/spongepowered/asm/mixin/injection/callback/CallbackInfoReturnable;)V does use it's CallbackInfoReturnable
[12:26:28] [Render thread/DEBUG] (FabricLoader/Mixin) gammautils.mixins.json:MixinSimpleOption from mod gammautils->@Inject::setModValue(Ljava/lang/Object;Lorg/spongepowered/asm/mixin/injection/callback/CallbackInfo;)V does use it's CallbackInfo
[12:26:28] [Render thread/DEBUG] (FabricLoader/Mixin) Mixing tick.MixinTutorial from fabric-badoptimizations.mixins.json into net.minecraft.client.tutorial.Tutorial
[12:26:28] [Render thread/DEBUG] (FabricLoader/Mixin) fabric-badoptimizations.mixins.json:tick.MixinTutorial from mod badoptimizations: Class version 65 required is higher than the class version supported by the current version of Mixin (JAVA_17 supports class version 61)
[12:26:28] [Render thread/DEBUG] (FabricLoader/Mixin) fabric-badoptimizations.mixins.json:tick.MixinTutorial from mod badoptimizations->@Inject::onTick(Lorg/spongepowered/asm/mixin/injection/callback/CallbackInfo;)V does use it's CallbackInfo
[12:26:28] [Render thread/DEBUG] (FabricLoader/Mixin) Mixing MixinPerspective from infernum.mixins.json into net.minecraft.client.CameraType
[12:26:28] [Render thread/DEBUG] (FabricLoader/Mixin) infernum.mixins.json:MixinPerspective from mod infernum->@Inject::frozen$onNext(Lorg/spongepowered/asm/mixin/injection/callback/CallbackInfoReturnable;)V does use it's CallbackInfoReturnable
[12:26:28] [ModMenu/Update Checker/Fabric Loader/DEBUG] (Mod Menu/Fabric Update Checker) Fabric Loader has a matching update available!
[12:26:28] [ModMenu/Update Checker/Fabric Loader/INFO] (Mod Menu/Update Checker) Update available for 'fabricloader@0.18.4'
[12:26:28] [Render thread/DEBUG] (FabricLoader/Mixin) Mixing ResourcePackProfileMixin from fabric-resource-loader-v0.mixins.json into net.minecraft.server.packs.repository.Pack
[12:26:28] [Render thread/DEBUG] (FabricLoader/Mixin) Renaming synthetic method lambda$static$0(Ljava/util/Set;)Z to mdab7149$fabric-resource-loader-v0$lambda$static$0$0 in fabric-resource-loader-v0.mixins.json:ResourcePackProfileMixin from mod fabric-resource-loader-v0
[12:26:28] [Render thread/DEBUG] (FabricLoader/Mixin) Mixing ResourcePackProfileMixin from fabric-resource-conditions-api-v1.mixins.json into net.minecraft.server.packs.repository.Pack
[12:26:28] [Render thread/DEBUG] (FabricLoader/Mixin) fabric-resource-loader-v0.mixins.json:ResourcePackProfileMixin from mod fabric-resource-loader-v0->@Inject::onCreateResourcePack(Lorg/spongepowered/asm/mixin/injection/callback/CallbackInfoReturnable;)V does use it's CallbackInfoReturnable
[12:26:28] [ModMenu/Update Checker/2/DEBUG] (Mod Menu/Update Checker) Status: 200
[12:26:28] [ModMenu/Update Checker/2/DEBUG] (Mod Menu/Update Checker) {"8c3890fb116dfaf681f5f483ea0d1bfecfb87dd584cc72e772fe43ea6ecf15a09c782fedbe5cea3b8bf7e930bd5c00753a619ac5ce7afa7fd092769d68e9beec":{"game_versions":["1.21.9","1.21.10"],"loaders":["fabric"],"id":"bPLllEgi","project_id":"uXXizFIs","author_id":"cXzLZ8YY","featured":false,"name":"ferritecore-8.1.0-fabric","version_number":"8.1.0-fabric","changelog":"- Port changes from build 7.0.3 to 1.21.9\n  - Reduce memory usage of data component patches\n  - Fix loading slowdown with ModernFix dynamic resources\n","changelog_url":null,"date_published":"2026-01-25T13:58:42.216663Z","downloads":742692,"version_type":"release","status":"listed","requested_status":null,"files":[{"id":"3utHGfhV","hashes":{"sha1":"fbc854f0a30657a0f8b4a5c79ce6580f3f8fbea9","sha512":"0596c83d69867380260e20500e5ab184415a1178317464c2b7c8c68a87db435fbe7a80b22b4f50b56558d6506f7dbb35ad7bda16f46eab5b79d38f0d726f08f5"},"url":"https://cdn.modrinth.com/data/uXXizFIs/versions/bPLllEgi/ferritecore-8.1.0-fabric.jar","filename":"ferritecore-8.1.0-fabric.jar","primary":true,"size":82450,"file_type":null}],"dependencies":[]},"765837034be497b83ceef1a46dfdb305a9edf0c05762979d261b3917b6513ce25158d74252315523157bc02217354da36686479f0e09c1ae453a987fb9f8bfb3":{"game_versions":["1.21.9","1.21.10"],"loaders":["fabric"],"id":"a98UkgML","project_id":"YL57xq9U","author_id":"DzLrfrbK","featured":false,"name":"Iris 1.9.7 for Fabric 1.21.10","version_number":"1.9.7+1.21.10-fabric","changelog":"fixes sky bug ","changelog_url":null,"date_published":"2025-12-18T21:18:30.951875Z","downloads":1739835,"version_type":"release","status":"listed","requested_status":null,"files":[{"id":"iaSLTjyW","hashes":{"sha1":"f96d48791a372edb0fa3adfc80848c4f27eae737","sha512":"765837034be497b83ceef1a46dfdb305a9edf0c05762979d261b3917b6513ce25158d74252315523157bc02217354da36686479f0e09c1ae453a987fb9f8bfb3"},"url":"https://cdn.modrinth.com/data/YL57xq9U/versions/a98UkgML/iris-fabric-1.9.7%2Bmc1.21.10.jar","filename":"iris-fabric-1.9.7+mc1.21.10.jar","primary":true,"size":2717422,"file_type":null}],"dependencies":[{"version_id":"sFfidWgd","project_id":"AANobbMI","file_name":null,"dependency_type":"required"}]},"93ef2bce695fd7d180d03d8d1d2a15c74e7807f74f087518d607f754d58b1945fb571c5aa426e673c70c4c08dab54034cc927c89d4e5bf9521035dbbd5a6f236":{"game_versions":["1.21.5","1.21.6","1.21.7","1.21.8","1.21.9","1.21.10"],"loaders":["fabric","quilt"],"id":"wXhtL4fb","project_id":"ETlrkaYF","author_id":"GCrw5dng","featured":true,"name":"3.0.0+1.21.5","version_number":"3.0.0+1.21.5","changelog":"## Features\n\n - Added support for NeoForge\n - Added support for Sodium `0.6.0-beta` ([#30](https://github.com/Kir-Antipov/cubes-without-borders/issues/30))\n - Implemented a configuration screen\n - Added a simpler way to access the `Pause On Lost Focus` option through the said configuration screen ([#35](https://github.com/Kir-Antipov/cubes-without-borders/issues/35))\n - Introduced software scaling to replace the screen resolution setting when it's unavailable; e.g., on macOS, Linux, or when the window is in borderless fullscreen mode ([#25](https://github.com/Kir-Antipov/cubes-without-borders/issues/25))\n - Enhanced fullscreen settings on macOS to better align with expected borderless fullscreen capabilities ([#23](https://github.com/Kir-Antipov/cubes-without-borders/issues/23))\n\n\n## Fixes\n\n - Reverted the default borderless fullscreen mode on Windows to `windows:windowed` ([#14](https://github.com/Kir-Antipov/cubes-without-borders/issues/14), [#21](https://github.com/Kir-Antipov/cubes-without-borders/issues/21), [#22](https://github.com/Kir-Antipov/cubes-without-borders/issues/22), [#27](https://github.com/Kir-Antipov/cubes-without-borders/issues/27), [#28](https://github.com/Kir-Antipov/cubes-without-borders/issues/28))\n\n\n## New Contributors\n\n - @Radk6 made their first contribution in [#26](https://github.com/Kir-Antipov/cubes-without-borders/pull/26)\n - @301haru made their first contribution in [#32](https://github.com/Kir-Antipov/cubes-without-borders/pull/32)\n\n**Full Changelog**: [`2.1.1+1.21...3.0.0+1.21.5`](https://github.com/Kir-Antipov/cubes-without-borders/commits/3.0.0+1.21.5)","changelog_url":null,"date_published":"2025-04-03T14:21:35.810364Z","downloads":5815746,"version_type":"release","status":"listed","requested_status":null,"files":[{"id":"qCYuOt0D","hashes":{"sha512":"93ef2bce695fd7d180d03d8d1d2a15c74e7807f74f087518d607f754d58b1945fb571c5aa426e673c70c4c08dab54034cc927c89d4e5bf9521035dbbd5a6f236","sha1":"b663eb9a8238be3cd71173e39b6f9d01d0948c1d"},"url":"https://cdn.modrinth.com/data/ETlrkaYF/versions/wXhtL4fb/cwb-fabric-3.0.0%2Bmc1.21.5.jar","filename":"cwb-fabric-3.0.0+mc1.21.5.jar","primary":true,"size":81623,"file_type":null},{"id":"pxqUPf2w","hashes":{"sha1":"66ad1e79bb5bfff5b635bff683f8e88ff1c8e478","sha512":"80b29743e4efcdcc300a6100f4bb472e66e8a80db869c6331abead245aaf1ba2ec8f30acd015405ec6cf189191491e9cb239752432bd17a534a667cef08babb8"},"url":"https://cdn.modrinth.com/data/ETlrkaYF/versions/wXhtL4fb/cwb-fabric-3.0.0%2Bmc1.21.5-sources.jar","filename":"cwb-fabric-3.0.0+mc1.21.5-sources.jar","primary":false,"size":56160,"file_type":null}],"dependencies":[{"version_id":null,"project_id":"9s6osm5g","file_name":null,"dependency_type":"optional"},{"version_id":null,"project_id":"mOgUt4GM","file_name":null,"dependency_type":"optional"}]},"f6a96fb3cbd8db2dc6af402c591f0c6f8259e8df9d7799c55e013fb00503b7585ffb45b6f05d7d4cf9b270af7c625bd74d17e8bd72d2b2e8d1141bde90b35268":{"game_versions":["1.21.10"],"loaders":["fabric","neoforge"],"id":"dOFYYhIv","project_id":"g96Z4WVZ","author_id":"MtdsrsRk","featured":true,"name":"2.4.1 (1.21.10)","version_number":"2.4.1","changelog":"Version 2.4.1:\n - Migrate to Mojang Mappings\n - Change some comments in the config file\n - Update to 1.21.11\n   - Sky color is now data driven making sky color caching infeasible so it's been removed\n   - Lightmap caching remains but no longer directly uses time as a factor, so lightmap_time_change_needed_for_update no longer has any effect\n   - These changes don't apply to 1.21.10-","changelog_url":null,"date_published":"2025-12-15T23:44:14.637494Z","downloads":582712,"version_type":"release","status":"listed","requested_status":null,"files":[{"id":"KNfImjhx","hashes":{"sha1":"1afd5c9c6a1d5970285d1b08af1fa6c7585842dc","sha512":"f6a96fb3cbd8db2dc6af402c591f0c6f8259e8df9d7799c55e013fb00503b7585ffb45b6f05d7d4cf9b270af7c625bd74d17e8bd72d2b2e8d1141bde90b35268"},"url":"https://cdn.modrinth.com/data/g96Z4WVZ/versions/dOFYYhIv/BadOptimizations-2.4.1-1.21.10.jar","filename":"BadOptimizations-2.4.1-1.21.10.jar","primary":true,"size":280916,"file_type":null}],"dependencies":[]},"3f26208d69ff9adb026d68a765f823918d1ad7680262c2744f384d18dcc10c00b2741ea7dfd8302965b5fbefaefc3b7596b1c7507f3f8c7e3024368e71bfe710":{"game_versions":["1.21.9","1.21.10"],"loaders":["fabric","quilt"],"id":"nIoTbJd0","project_id":"8shC1gFX","author_id":"8ffpigk3","featured":false,"name":"BetterF3 Fabric v16.0.3 (1.21.9/1.21.10)","version_number":"16.0.3","changelog":"## BetterF3 v16.0.3 for Minecraft 1.21.9/1.21.10\nPublished 2025-11-03\n\n### Fixes\n- Scoreboard hiding incorrectly\n\n## Updates\n- Crowdin translations\n\nFull Changelog: [`v16.0.2...v16.0.3`](https://github.com/TreyRuffy/BetterF3/compare/v16.0.2...v16.0.3)","changelog_url":null,"date_published":"2025-11-03T04:50:02.594784Z","downloads":992055,"version_type":"release","status":"listed","requested_status":null,"files":[{"id":"L9ann4zC","hashes":{"sha512":"3f26208d69ff9adb026d68a765f823918d1ad7680262c2744f384d18dcc10c00b2741ea7dfd8302965b5fbefaefc3b7596b1c7507f3f8c7e3024368e71bfe710","sha1":"5baeed05a286409c8c49bb091f26d7f70c9d7503"},"url":"https://cdn.modrinth.com/data/8shC1gFX/versions/nIoTbJd0/BetterF3-16.0.3-Fabric-1.21.10.jar","filename":"BetterF3-16.0.3-Fabric-1.21.10.jar","primary":true,"size":1814114,"file_type":null}],"dependencies":[{"version_id":null,"project_id":"mOgUt4GM","file_name":null,"dependency_type":"optional"},{"version_id":null,"project_id":"9s6osm5g","file_name":null,"dependency_type":"required"}]},"1cccdc75d972f5c176a488dcc84cce7320b608a2d105412f2847245affbf5aa22b1995eda392132453fa6e1a9154ac99a87acaf8d7989b9f1a23ac1059a93daf":{"game_versions":["1.21.9","1.21.10"],"loaders":["fabric"],"id":"sFfidWgd","project_id":"AANobbMI","author_id":"DzLrfrbK","featured":false,"name":"Sodium 0.7.3 for Fabric 1.21.10","version_number":"mc1.21.10-0.7.3-fabric","changelog":"This release fixes a stuttering issue affecting Intel cards.\n\n","changelog_url":null,"date_published":"2025-11-10T18:51:15.477709Z","downloads":4652049,"version_type":"release","status":"listed","requested_status":null,"files":[{"id":"viwuP605","hashes":{"sha1":"1c3ffa862d9fa4479abf67a88527907d60237248","sha512":"1cccdc75d972f5c176a488dcc84cce7320b608a2d105412f2847245affbf5aa22b1995eda392132453fa6e1a9154ac99a87acaf8d7989b9f1a23ac1059a93daf"},"url":"https://cdn.modrinth.com/data/AANobbMI/versions/sFfidWgd/sodium-fabric-0.7.3%2Bmc1.21.10.jar","filename":"sodium-fabric-0.7.3+mc1.21.10.jar","primary":true,"size":1676903,"file_type":null}],"dependencies":[]},"144c629caf0eb2565a1d44a90f1845af2b1bcfbb60b0fa705f36a9c93c7f2871bc01bbdf4dcb6432f3ef38928b261a9470bc9f8072d7ab84f8fa69093d880d5a":{"game_versions":["1.21.9","1.21.10"],"loaders":["fabric","quilt"],"id":"QA7Jdm3C","project_id":"wdLuzzEP","author_id":"ay3VNgO1","featured":false,"name":"Gamma Utils 2.4.9","version_number":"2.4.9","changelog":"- Made Night Vision of this mod now also compatible with BadOptimizations, thanks to their newly introduced lightmap cache hook. If you do use BadOptimizations, make sure it's version 2.4.0 or later.","changelog_url":null,"date_published":"2025-11-30T20:43:55.041683Z","downloads":592865,"version_type":"release","status":"listed","requested_status":null,"files":[{"id":"rPUce3wY","hashes":{"sha1":"855c88cf0a01aa97f9b92368f71babc943e816d7","sha512":"144c629caf0eb2565a1d44a90f1845af2b1bcfbb60b0fa705f36a9c93c7f2871bc01bbdf4dcb6432f3ef38928b261a9470bc9f8072d7ab84f8fa69093d880d5a"},"url":"https://cdn.modrinth.com/data/wdLuzzEP/versions/QA7Jdm3C/Gamma-Utils-2.4.9%2Bmc1.21.10.jar","filename":"Gamma-Utils-2.4.9+mc1.21.10.jar","primary":true,"size":99372,"file_type":null}],"dependencies":[{"version_id":null,"project_id":"mOgUt4GM","file_name":null,"dependency_type":"optional"},{"version_id":null,"project_id":"P7dR8mSH","file_name":null,"dependency_type":"required"},{"version_id":null,"project_id":"9s6osm5g","file_name":null,"dependency_type":"required"}]},"ee83fc96936c25b813818ad348c5e856e768f84ca746933d1ad30e8f8d239354748c806f1448b1ec12442f24c9a148e6b73b6d46f74f9e38b54e8d6d3f74ea2b":{"game_versions":["1.21.10"],"loaders":["fabric"],"id":"v0AYUtT6","project_id":"NNAgCjsB","author_id":"Qnt13hO8","featured":false,"name":"1.10.1-1.21.10 - Fabric","version_number":"1.10.1","changelog":"Sorry for the delay.\r\n\r\n## What's Changed\r\n* Set 26.1.x as compatible (like 26.1.1/26.1.2, in the potential future 26.1.3)\r\n* Added some new debug tools, but its WIP\r\n* Update libs to fix stuff like broken controls\r\n* Set client-side/java version flags on Curseforge\r\n* Update uk_ua.json by @StarmanMine142 in https://github.com/tr7zw/EntityCulling/pull/287\r\n\r\n\r\n**Full Changelog**: https://github.com/tr7zw/EntityCulling/compare/1.10.0...1.10.1\n","changelog_url":null,"date_published":"2026-04-09T16:06:30.410304Z","downloads":91132,"version_type":"release","status":"listed","requested_status":null,"files":[{"id":"FSegK3Wx","hashes":{"sha1":"460948c5fa8908cda5709c5268c455709ddcf91d","sha512":"c4453ecd141c0f837b1bbae46e19ffe82b27e0ad72aa3ea43d971be2441a296be3b98617fdfb50334fd6319d9d6e1a55f94eeb26d5a6928a9b7f1d12562a125e"},"url":"https://cdn.modrinth.com/data/NNAgCjsB/versions/v0AYUtT6/entityculling-fabric-1.10.1-mc1.21.10.jar","filename":"entityculling-fabric-1.10.1-mc1.21.10.jar","primary":true,"size":1585497,"file_type":null}],"dependencies":[{"version_id":null,"project_id":"P7dR8mSH","file_name":null,"dependency_type":"required"}]},"df1d9e0349dc64fc0859f17b65b67b0d7745a26b4905e87fc148ddebc0285de51a3255848599f0d5ee24f6aab00fbac4849d40bb9052936eaa452d216c7ada62":{"game_versions":["1.21.9","1.21.10"],"loaders":["fabric"],"id":"qMxkrrmq","project_id":"9s6osm5g","author_id":"1Hsaf75m","featured":false,"name":"[Fabric 1.21.9] v20.0.149","version_number":"20.0.149+fabric","changelog":"","changelog_url":null,"date_published":"2025-10-26T08:07:41.857367Z","downloads":3994002,"version_type":"release","status":"listed","requested_status":null,"files":[{"id":"4XBYmD2G","hashes":{"sha512":"df1d9e0349dc64fc0859f17b65b67b0d7745a26b4905e87fc148ddebc0285de51a3255848599f0d5ee24f6aab00fbac4849d40bb9052936eaa452d216c7ada62","sha1":"c86e380bdac24e4ecdd148558e9d4ddf32c86059"},"url":"https://cdn.modrinth.com/data/9s6osm5g/versions/qMxkrrmq/cloth-config-20.0.149-fabric.jar","filename":"cloth-config-20.0.149-fabric.jar","primary":true,"size":1150288,"file_type":null}],"dependencies":[]},"fb682c168c3656d72f2cfeee410f61b58721e726a2dbfd04a685b492821814dbca4079f716e1505fb31d82a7295d5f7b911b48d125122f995c6af459399912d1":{"game_versions":["1.21.9","1.21.10"],"loaders":["fabric","quilt"],"id":"ntac1Na0","project_id":"5ZwdcRci","author_id":"XEedK03N","featured":false,"name":"ImmediatelyFast 1.13.5","version_number":"1.13.5+1.21.10-fabric","changelog":"* Fixed player nametag render order\r\n* Fixed core shader incompatibility detection logic bug\r\n* Added allocated bytes of Buffer Pool to the debug hud\r\n* Added advanced memory leak detector\r\n* Fixed batching buffer clearing\r\n","changelog_url":null,"date_published":"2026-01-27T21:23:31.345329Z","downloads":661729,"version_type":"release","status":"listed","requested_status":null,"files":[{"id":"nkbwmcIN","hashes":{"sha512":"184fd52f65f49a5acdfc9e2faf1ccd0a13b59c9d40ae8f2f1938a8ab9a5ecec973d453a8fa3985d74b64a909f41c870a8e1fc18b72518b04d4b19c74c416649d","sha1":"4c51b05f08693df1636945b3823d122c432b7757"},"url":"https://cdn.modrinth.com/data/5ZwdcRci/versions/ntac1Na0/ImmediatelyFast-Fabric-1.13.5%2B1.21.10.jar","filename":"ImmediatelyFast-Fabric-1.13.5+1.21.10.jar","primary":true,"size":310340,"file_type":null}],"dependencies":[]}}
[12:26:28] [Worker-Main-1/INFO] (Mod Menu/Update Checker) Update available for 'entityculling@1.9.5', (-> 1.10.1)
[12:26:28] [Worker-Main-1/INFO] (Mod Menu/Update Checker) Update available for 'immediatelyfast@1.13.4+1.21.10', (-> 1.13.5+1.21.10-fabric)
[12:26:28] [Worker-Main-1/INFO] (Mod Menu/Update Checker) Update available for 'ferritecore@8.0.2', (-> 8.1.0-fabric)
[12:26:28] [ForkJoinPool.commonPool-worker-1/WARN] (Iris) [Iris Update Check] This version doesn't have an update index, skipping.
[12:26:28] [Render thread/DEBUG] (FabricLoader/Mixin) Mixing MixinToastComponent from fabric-badoptimizations.mixins.json into net.minecraft.client.gui.components.toasts.ToastManager
[12:26:28] [Render thread/DEBUG] (FabricLoader/Mixin) fabric-badoptimizations.mixins.json:MixinToastComponent from mod badoptimizations: Class version 65 required is higher than the class version supported by the current version of Mixin (JAVA_17 supports class version 61)
[12:26:28] [Render thread/DEBUG] (FabricLoader/Mixin) Mixing GameOptionsWriteVisitorMixin from fabric-resource-loader-v0.client.mixins.json into net.minecraft.client.Options$3
[12:26:28] [Render thread/INFO] (net.minecraft.client.Minecraft) Backend library: LWJGL version 3.3.3-snapshot
[12:26:28] [Render thread/DEBUG] (FabricLoader/Mixin) Mixing WindowMixin from cubes-without-borders.mixins.json into com.mojang.blaze3d.platform.Window
[12:26:28] [Render thread/DEBUG] (FabricLoader/Mixin) Mixing core.WindowMixin from sodium-common.mixins.json into com.mojang.blaze3d.platform.Window
[12:26:28] [Render thread/DEBUG] (FabricLoader/Mixin) sodium-common.mixins.json:core.WindowMixin from mod sodium: Class version 65 required is higher than the class version supported by the current version of Mixin (JAVA_17 supports class version 61)
[12:26:28] [Render thread/DEBUG] (FabricLoader/Mixin) Mixing workarounds.context_creation.WindowMixin from sodium-common.mixins.json into com.mojang.blaze3d.platform.Window
[12:26:28] [Render thread/DEBUG] (FabricLoader/Mixin) sodium-common.mixins.json:workarounds.context_creation.WindowMixin from mod sodium: Class version 65 required is higher than the class version supported by the current version of Mixin (JAVA_17 supports class version 61)
[12:26:28] [Render thread/DEBUG] (FabricLoader/Mixin) Mixing MixinWindow from mixins.iris.json into com.mojang.blaze3d.platform.Window
[12:26:28] [Render thread/DEBUG] (FabricLoader/Mixin) mixins.iris.json:MixinWindow from mod iris: Class version 65 required is higher than the class version supported by the current version of Mixin (JAVA_8 supports class version 52)
[12:26:28] [Render thread/DEBUG] (FabricLoader/Mixin) cubes-without-borders.mixins.json:WindowMixin from mod cubes-without-borders->@Inject::enableFullscreen(Lorg/spongepowered/asm/mixin/injection/callback/CallbackInfo;)V does use it's CallbackInfo
[12:26:28] [Render thread/DEBUG] (FabricLoader/Mixin) cubes-without-borders.mixins.json:WindowMixin from mod cubes-without-borders->@Inject::disableFullscreen(Lorg/spongepowered/asm/mixin/injection/callback/CallbackInfo;)V doesn't use it's CallbackInfo
[12:26:28] [Render thread/DEBUG] (FabricLoader/Mixin) cubes-without-borders.mixins.json:WindowMixin from mod cubes-without-borders->@Inject::disableFullscreen(Lorg/spongepowered/asm/mixin/injection/callback/CallbackInfo;)V doesn't use it's CallbackInfo
[12:26:28] [Render thread/DEBUG] (FabricLoader/Mixin) cubes-without-borders.mixins.json:WindowMixin from mod cubes-without-borders->@Inject::save(Lorg/spongepowered/asm/mixin/injection/callback/CallbackInfo;)V doesn't use it's CallbackInfo
[12:26:28] [Render thread/DEBUG] (FabricLoader/Mixin) mixins.iris.json:MixinWindow from mod iris->@Inject::iris$enableDebugContext(Lcom/mojang/blaze3d/platform/WindowEventHandler;Lcom/mojang/blaze3d/platform/ScreenManager;Lcom/mojang/blaze3d/platform/DisplayData;Ljava/lang/String;Ljava/lang/String;Lorg/spongepowered/asm/mixin/injection/callback/CallbackInfo;)V doesn't use it's CallbackInfo
[12:26:28] [Render thread/DEBUG] (com.mojang.blaze3d.platform.ScreenManager) Selecting monitor - primary: 1529036088016, current monitors: {1529036083408=Monitor[1529036083408 -1920x130 1920x1080@59 (24bit)], 1529036088016=Monitor[1529036088016 0x0 2560x1440@155 (24bit)]}
[12:26:28] [Render thread/DEBUG] (com.mojang.blaze3d.platform.ScreenManager) Selected monitor: Monitor[1529036088016 0x0 2560x1440@155 (24bit)]
[12:26:28] [Render thread/DEBUG] (com.mojang.blaze3d.platform.ScreenManager) Selecting monitor - primary: 1529036088016, current monitors: {1529036083408=Monitor[1529036083408 -1920x130 1920x1080@59 (24bit)], 1529036088016=Monitor[1529036088016 0x0 2560x1440@155 (24bit)]}
[12:26:28] [Render thread/DEBUG] (com.mojang.blaze3d.platform.ScreenManager) Selected monitor: Monitor[1529036088016 0x0 2560x1440@155 (24bit)]
[12:26:28] [Render thread/DEBUG] (FabricLoader/Mixin) Mixing features.textures.NativeImageAccessor from sodium-common.mixins.json into com.mojang.blaze3d.platform.NativeImage
[12:26:28] [Render thread/DEBUG] (FabricLoader/Mixin) sodium-common.mixins.json:features.textures.NativeImageAccessor from mod sodium: Class version 65 required is higher than the class version supported by the current version of Mixin (JAVA_17 supports class version 61)
[12:26:28] [Render thread/DEBUG] (FabricLoader/Mixin) Mixing MixinTextureUtil from mixins.iris.json into com.mojang.blaze3d.platform.TextureUtil
[12:26:28] [Render thread/DEBUG] (FabricLoader/Mixin) mixins.iris.json:MixinTextureUtil from mod iris: Class version 65 required is higher than the class version supported by the current version of Mixin (JAVA_8 supports class version 52)
[12:26:28] [Render thread/DEBUG] (FabricLoader/Mixin) Mixing MixinMouseHandler from infernum.mixins.json into net.minecraft.client.MouseHandler
[12:26:28] [Render thread/DEBUG] (FabricLoader/Mixin) Mixing MouseMixin from fabric-screen-api-v1.mixins.json into net.minecraft.client.MouseHandler
[12:26:28] [Render thread/DEBUG] (FabricLoader/Mixin) infernum.mixins.json:MixinMouseHandler from mod infernum->@Inject::frozen$onScroll(JDDLorg/spongepowered/asm/mixin/injection/callback/CallbackInfo;)V does use it's CallbackInfo
[12:26:28] [Render thread/DEBUG] (FabricLoader/Mixin) Mixing KeyboardMixin from fabric-screen-api-v1.mixins.json into net.minecraft.client.KeyboardHandler
[12:26:28] [Render thread/DEBUG] (FabricLoader/Mixin) Mixing KeyboardMixin from betterf3.mixins.json into net.minecraft.client.KeyboardHandler
[12:26:28] [Render thread/DEBUG] (FabricLoader/Mixin) betterf3.mixins.json:KeyboardMixin from mod betterf3: Class version 65 required is higher than the class version supported by the current version of Mixin (JAVA_17 supports class version 61)
[12:26:28] [Render thread/DEBUG] (FabricLoader/Mixin) betterf3.mixins.json:KeyboardMixin from mod betterf3->@Inject::processF3(Lnet/minecraft/client/input/KeyEvent;Lorg/spongepowered/asm/mixin/injection/callback/CallbackInfoReturnable;)V does use it's CallbackInfoReturnable
[12:26:28] [Render thread/DEBUG] (FabricLoader/Mixin) betterf3.mixins.json:KeyboardMixin from mod betterf3->@Inject::processF3Messages(Lnet/minecraft/client/input/KeyEvent;Lorg/spongepowered/asm/mixin/injection/callback/CallbackInfoReturnable;)V doesn't use it's CallbackInfoReturnable
[12:26:28] [Render thread/DEBUG] (FabricLoader/Mixin) betterf3.mixins.json:KeyboardMixin from mod betterf3->@Inject::processF3Messages(Lnet/minecraft/client/input/KeyEvent;Lorg/spongepowered/asm/mixin/injection/callback/CallbackInfoReturnable;)V has 0 override(s) in child classes
[12:26:28] [Render thread/DEBUG] (FabricLoader/Mixin) betterf3.mixins.json:KeyboardMixin from mod betterf3->@Inject::processF3Messages(Lnet/minecraft/client/input/KeyEvent;Lorg/spongepowered/asm/mixin/injection/callback/CallbackInfoReturnable;)V won't be passed a CallbackInfoReturnable as a result
[12:26:28] [Render thread/DEBUG] (FabricLoader/Mixin) betterf3.mixins.json:KeyboardMixin from mod betterf3->@Inject::animationAndAlwaysEnableProfiler(JILnet/minecraft/client/input/KeyEvent;Lorg/spongepowered/asm/mixin/injection/callback/CallbackInfo;)V does use it's CallbackInfo
[12:26:28] [Render thread/DEBUG] (FabricLoader/Mixin) Mixing MixinShaderManager_Overrides from mixins.iris.json into com.mojang.blaze3d.opengl.GlDevice
[12:26:29] [Render thread/DEBUG] (FabricLoader/Mixin) mixins.iris.json:MixinShaderManager_Overrides from mod iris: Class version 65 required is higher than the class version supported by the current version of Mixin (JAVA_8 supports class version 52)
[12:26:29] [Render thread/DEBUG] (FabricLoader/Mixin) mixins.iris.json:MixinShaderManager_Overrides from mod iris->@Inject::redirectIrisProgram(Lcom/mojang/blaze3d/pipeline/RenderPipeline;Lorg/spongepowered/asm/mixin/injection/callback/CallbackInfoReturnable;)V does use it's CallbackInfoReturnable
[12:26:29] [Render thread/DEBUG] (FabricLoader/Mixin) Mixing MixinGpuTexture2 from mixins.iris.json into com.mojang.blaze3d.textures.GpuTexture
[12:26:29] [Render thread/DEBUG] (FabricLoader/Mixin) mixins.iris.json:MixinGpuTexture2 from mod iris: Class version 65 required is higher than the class version supported by the current version of Mixin (JAVA_8 supports class version 52)
[12:26:29] [Render thread/DEBUG] (FabricLoader/Mixin) Mixing MixinGpuTexture from mixins.iris.json into com.mojang.blaze3d.opengl.GlTexture
[12:26:29] [Render thread/DEBUG] (FabricLoader/Mixin) mixins.iris.json:MixinGpuTexture from mod iris: Class version 65 required is higher than the class version supported by the current version of Mixin (JAVA_8 supports class version 52)
[12:26:29] [Render thread/DEBUG] (FabricLoader/Mixin) Mixing GlStateManagerAccessor from mixins.iris.json into com.mojang.blaze3d.opengl.GlStateManager
[12:26:29] [Render thread/DEBUG] (FabricLoader/Mixin) mixins.iris.json:GlStateManagerAccessor from mod iris: Class version 65 required is higher than the class version supported by the current version of Mixin (JAVA_8 supports class version 52)
[12:26:29] [Render thread/DEBUG] (FabricLoader/Mixin) Renaming @Accessor method getBLEND()Lcom/mojang/blaze3d/opengl/GlStateManager$BlendState; to getBLEND$iris_$md$ab7149$0 in mixins.iris.json:GlStateManagerAccessor from mod iris
[12:26:29] [Render thread/DEBUG] (FabricLoader/Mixin) Renaming @Accessor method getCOLOR_MASK()Lcom/mojang/blaze3d/opengl/GlStateManager$ColorMask; to getCOLOR_MASK$iris_$md$ab7149$1 in mixins.iris.json:GlStateManagerAccessor from mod iris
[12:26:29] [Render thread/DEBUG] (FabricLoader/Mixin) Renaming @Accessor method getDEPTH()Lcom/mojang/blaze3d/opengl/GlStateManager$DepthState; to getDEPTH$iris_$md$ab7149$2 in mixins.iris.json:GlStateManagerAccessor from mod iris
[12:26:29] [Render thread/DEBUG] (FabricLoader/Mixin) Renaming @Accessor method getActiveTexture()I to getActiveTexture$iris_$md$ab7149$3 in mixins.iris.json:GlStateManagerAccessor from mod iris
[12:26:29] [Render thread/DEBUG] (FabricLoader/Mixin) Renaming @Accessor method getTEXTURES()[Lcom/mojang/blaze3d/opengl/GlStateManager$TextureState; to getTEXTURES$iris_$md$ab7149$4 in mixins.iris.json:GlStateManagerAccessor from mod iris
[12:26:29] [Render thread/DEBUG] (FabricLoader/Mixin) Mixing MixinGlStateManager from mixins.iris.json into com.mojang.blaze3d.opengl.GlStateManager
[12:26:29] [Render thread/DEBUG] (FabricLoader/Mixin) mixins.iris.json:MixinGlStateManager from mod iris: Class version 65 required is higher than the class version supported by the current version of Mixin (JAVA_8 supports class version 52)
[12:26:29] [Render thread/DEBUG] (FabricLoader/Mixin) Mixing MixinGlStateManager_BlendOverride from mixins.iris.json into com.mojang.blaze3d.opengl.GlStateManager
[12:26:29] [Render thread/DEBUG] (FabricLoader/Mixin) mixins.iris.json:MixinGlStateManager_BlendOverride from mod iris: Class version 65 required is higher than the class version supported by the current version of Mixin (JAVA_8 supports class version 52)
[12:26:29] [Render thread/DEBUG] (FabricLoader/Mixin) Mixing MixinGlStateManager_DepthColorOverride from mixins.iris.json into com.mojang.blaze3d.opengl.GlStateManager
[12:26:29] [Render thread/DEBUG] (FabricLoader/Mixin) mixins.iris.json:MixinGlStateManager_DepthColorOverride from mod iris: Class version 65 required is higher than the class version supported by the current version of Mixin (JAVA_8 supports class version 52)
[12:26:29] [Render thread/DEBUG] (FabricLoader/Mixin) Mixing MixinGlStateManager_FramebufferBinding from mixins.iris.json into com.mojang.blaze3d.opengl.GlStateManager
[12:26:29] [Render thread/DEBUG] (FabricLoader/Mixin) mixins.iris.json:MixinGlStateManager_FramebufferBinding from mod iris: Class version 65 required is higher than the class version supported by the current version of Mixin (JAVA_8 supports class version 52)
[12:26:29] [Render thread/DEBUG] (FabricLoader/Mixin) Mixing MixinUniform from mixins.iris.json into com.mojang.blaze3d.opengl.GlStateManager
[12:26:29] [Render thread/DEBUG] (FabricLoader/Mixin) mixins.iris.json:MixinUniform from mod iris: Class version 65 required is higher than the class version supported by the current version of Mixin (JAVA_8 supports class version 52)
[12:26:29] [Render thread/DEBUG] (FabricLoader/Mixin) Mixing statelisteners.MixinGlStateManager from mixins.iris.json into com.mojang.blaze3d.opengl.GlStateManager
[12:26:29] [Render thread/DEBUG] (FabricLoader/Mixin) mixins.iris.json:statelisteners.MixinGlStateManager from mod iris: Class version 65 required is higher than the class version supported by the current version of Mixin (JAVA_8 supports class version 52)
[12:26:29] [Render thread/DEBUG] (FabricLoader/Mixin) Renaming synthetic method lambda$static$0(Ljava/lang/Runnable;)V to mdab7149$iris$lambda$static$0$5 in mixins.iris.json:statelisteners.MixinGlStateManager from mod iris
[12:26:29] [Render thread/DEBUG] (FabricLoader/Mixin) Mixing texture.MixinGlStateManager from mixins.iris.json into com.mojang.blaze3d.opengl.GlStateManager
[12:26:29] [Render thread/DEBUG] (FabricLoader/Mixin) mixins.iris.json:texture.MixinGlStateManager from mod iris: Class version 65 required is higher than the class version supported by the current version of Mixin (JAVA_8 supports class version 52)
[12:26:29] [Render thread/DEBUG] (FabricLoader/Mixin) mixins.iris.json:MixinGlStateManager_BlendOverride from mod iris->@Inject::iris$blendDisableLock(Lorg/spongepowered/asm/mixin/injection/callback/CallbackInfo;)V does use it's CallbackInfo
[12:26:29] [Render thread/DEBUG] (FabricLoader/Mixin) mixins.iris.json:MixinGlStateManager_BlendOverride from mod iris->@Inject::iris$blendEnableLock(Lorg/spongepowered/asm/mixin/injection/callback/CallbackInfo;)V does use it's CallbackInfo
[12:26:29] [Render thread/DEBUG] (FabricLoader/Mixin) mixins.iris.json:MixinGlStateManager_BlendOverride from mod iris->@Inject::iris$blendFuncSeparateLock(IIIILorg/spongepowered/asm/mixin/injection/callback/CallbackInfo;)V does use it's CallbackInfo
[12:26:29] [Render thread/DEBUG] (FabricLoader/Mixin) mixins.iris.json:MixinGlStateManager_DepthColorOverride from mod iris->@Inject::iris$colorMaskLock(ZZZZLorg/spongepowered/asm/mixin/injection/callback/CallbackInfo;)V does use it's CallbackInfo
[12:26:29] [Render thread/DEBUG] (FabricLoader/Mixin) mixins.iris.json:MixinGlStateManager_DepthColorOverride from mod iris->@Inject::iris$depthMaskLock(ZLorg/spongepowered/asm/mixin/injection/callback/CallbackInfo;)V does use it's CallbackInfo
[12:26:29] [Render thread/DEBUG] (FabricLoader/Mixin) mixins.iris.json:MixinGlStateManager_DepthColorOverride from mod iris->@Inject::iris$resetTessellation(ILorg/spongepowered/asm/mixin/injection/callback/CallbackInfo;)V doesn't use it's CallbackInfo
[12:26:29] [Render thread/DEBUG] (FabricLoader/Mixin) mixins.iris.json:MixinGlStateManager_FramebufferBinding from mod iris->@Inject::iris$avoidRedundantBind2(ILorg/spongepowered/asm/mixin/injection/callback/CallbackInfo;)V does use it's CallbackInfo
[12:26:29] [Render thread/DEBUG] (FabricLoader/Mixin) mixins.iris.json:MixinGlStateManager_FramebufferBinding from mod iris->@Inject::iris$checkActiveTexture(ILorg/spongepowered/asm/mixin/injection/callback/CallbackInfo;)V doesn't use it's CallbackInfo
[12:26:29] [Render thread/DEBUG] (FabricLoader/Mixin) mixins.iris.json:MixinGlStateManager_FramebufferBinding from mod iris->@Inject::iris$avoidRedundantBind1(IIIILorg/spongepowered/asm/mixin/injection/callback/CallbackInfo;)V does use it's CallbackInfo
[12:26:29] [Render thread/DEBUG] (FabricLoader/Mixin) mixins.iris.json:MixinUniform from mod iris->@Inject::iris$glGetUniformLocation(ILjava/lang/CharSequence;Lorg/spongepowered/asm/mixin/injection/callback/CallbackInfoReturnable;)V does use it's CallbackInfoReturnable
[12:26:29] [Render thread/DEBUG] (FabricLoader/Mixin) mixins.iris.json:statelisteners.MixinGlStateManager from mod iris->@Inject::iris$onBlendFunc(IIIILorg/spongepowered/asm/mixin/injection/callback/CallbackInfo;)V doesn't use it's CallbackInfo
[12:26:29] [Render thread/DEBUG] (FabricLoader/Mixin) mixins.iris.json:texture.MixinGlStateManager from mod iris->@Inject::iris$onTexImage2D(IIIIIIIILjava/nio/ByteBuffer;Lorg/spongepowered/asm/mixin/injection/callback/CallbackInfo;)V doesn't use it's CallbackInfo
[12:26:29] [Render thread/DEBUG] (FabricLoader/Mixin) mixins.iris.json:texture.MixinGlStateManager from mod iris->@Inject::iris$onDeleteTexture(ILorg/spongepowered/asm/mixin/injection/callback/CallbackInfo;)V doesn't use it's CallbackInfo
[12:26:29] [Render thread/DEBUG] (FabricLoader/Mixin) Mixing MixinBooleanState from mixins.iris.json into com.mojang.blaze3d.opengl.GlStateManager$BooleanState
[12:26:29] [Render thread/DEBUG] (FabricLoader/Mixin) mixins.iris.json:MixinBooleanState from mod iris: Class version 65 required is higher than the class version supported by the current version of Mixin (JAVA_8 supports class version 52)
[12:26:29] [Render thread/DEBUG] (FabricLoader/Mixin) Mixing statelisteners.BooleanStateAccessor from mixins.iris.json into com.mojang.blaze3d.opengl.GlStateManager$BooleanState
[12:26:29] [Render thread/DEBUG] (FabricLoader/Mixin) mixins.iris.json:statelisteners.BooleanStateAccessor from mod iris: Class version 65 required is higher than the class version supported by the current version of Mixin (JAVA_8 supports class version 52)
[12:26:29] [Render thread/DEBUG] (FabricLoader/Mixin) mixins.iris.json:MixinBooleanState from mod iris->@Inject::iris$setUnknownState(ZLorg/spongepowered/asm/mixin/injection/callback/CallbackInfo;)V does use it's CallbackInfo
[12:26:29] [Render thread/DEBUG] (FabricLoader/Mixin) Mixing MixinGlCommandEncoder from mixins.iris.json into com.mojang.blaze3d.opengl.GlCommandEncoder
[12:26:29] [Render thread/DEBUG] (FabricLoader/Mixin) mixins.iris.json:MixinGlCommandEncoder from mod iris: Class version 65 required is higher than the class version supported by the current version of Mixin (JAVA_8 supports class version 52)
[12:26:29] [Render thread/DEBUG] (FabricLoader/Mixin) Mixing avoid_redundant_framebuffer_switching.MixinGlCommandEncoder from immediatelyfast-common.mixins.json into com.mojang.blaze3d.opengl.GlCommandEncoder
[12:26:29] [Render thread/DEBUG] (FabricLoader/Mixin) Mixing fix_slow_buffer_upload_on_apple_gpu.MixinGlCommandEncoder from immediatelyfast-common.mixins.json into com.mojang.blaze3d.opengl.GlCommandEncoder
[12:26:29] [Render thread/DEBUG] (FabricLoader/Mixin) Mixing core.GlCommandEncoderAccessor from sodium-common.mixins.json into com.mojang.blaze3d.opengl.GlCommandEncoder
[12:26:29] [Render thread/DEBUG] (FabricLoader/Mixin) sodium-common.mixins.json:core.GlCommandEncoderAccessor from mod sodium: Class version 65 required is higher than the class version supported by the current version of Mixin (JAVA_17 supports class version 61)
[12:26:29] [Render thread/DEBUG] (FabricLoader/Mixin) mixins.iris.json:MixinGlCommandEncoder from mod iris->@Inject::iris$bypassSetup(Lcom/mojang/blaze3d/opengl/GlRenderPass;Ljava/util/Collection;Lorg/spongepowered/asm/mixin/injection/callback/CallbackInfoReturnable;)V does use it's CallbackInfoReturnable
[12:26:29] [Render thread/DEBUG] (FabricLoader/Mixin) mixins.iris.json:MixinGlCommandEncoder from mod iris->@Inject::iris$setupState(Lcom/mojang/blaze3d/opengl/GlRenderPass;Ljava/util/Collection;Lorg/spongepowered/asm/mixin/injection/callback/CallbackInfoReturnable;)V doesn't use it's CallbackInfoReturnable
[12:26:29] [Render thread/DEBUG] (FabricLoader/Mixin) mixins.iris.json:MixinGlCommandEncoder from mod iris->@Inject::iris$setupState(Lcom/mojang/blaze3d/opengl/GlRenderPass;Ljava/util/Collection;Lorg/spongepowered/asm/mixin/injection/callback/CallbackInfoReturnable;)V has 0 override(s) in child classes
[12:26:29] [Render thread/DEBUG] (FabricLoader/Mixin) mixins.iris.json:MixinGlCommandEncoder from mod iris->@Inject::iris$setupState(Lcom/mojang/blaze3d/opengl/GlRenderPass;Ljava/util/Collection;Lorg/spongepowered/asm/mixin/injection/callback/CallbackInfoReturnable;)V won't be passed a CallbackInfoReturnable as a result
[12:26:29] [Render thread/DEBUG] (FabricLoader/Mixin) mixins.iris.json:MixinGlCommandEncoder from mod iris->@Inject::iris$setupState(Lcom/mojang/blaze3d/opengl/GlRenderPass;Ljava/util/Collection;Lorg/spongepowered/asm/mixin/injection/callback/CallbackInfoReturnable;)V doesn't use it's CallbackInfoReturnable
[12:26:29] [Render thread/DEBUG] (FabricLoader/Mixin) mixins.iris.json:MixinGlCommandEncoder from mod iris->@Inject::iris$setupState(Lcom/mojang/blaze3d/opengl/GlRenderPass;Ljava/util/Collection;Lorg/spongepowered/asm/mixin/injection/callback/CallbackInfoReturnable;)V has 0 override(s) in child classes
[12:26:29] [Render thread/DEBUG] (FabricLoader/Mixin) mixins.iris.json:MixinGlCommandEncoder from mod iris->@Inject::iris$setupState(Lcom/mojang/blaze3d/opengl/GlRenderPass;Ljava/util/Collection;Lorg/spongepowered/asm/mixin/injection/callback/CallbackInfoReturnable;)V won't be passed a CallbackInfoReturnable as a result
[12:26:29] [Render thread/DEBUG] (FabricLoader/Mixin) mixins.iris.json:MixinGlCommandEncoder from mod iris->@Inject::iris$clearState(Lorg/spongepowered/asm/mixin/injection/callback/CallbackInfo;)V doesn't use it's CallbackInfo
[12:26:29] [Render thread/DEBUG] (FabricLoader/Mixin) mixins.iris.json:MixinGlCommandEncoder from mod iris->@Inject::iris$clearState(Lorg/spongepowered/asm/mixin/injection/callback/CallbackInfo;)V has 0 override(s) in child classes
[12:26:29] [Render thread/DEBUG] (FabricLoader/Mixin) mixins.iris.json:MixinGlCommandEncoder from mod iris->@Inject::iris$clearState(Lorg/spongepowered/asm/mixin/injection/callback/CallbackInfo;)V won't be passed a CallbackInfo as a result
[12:26:29] [Render thread/DEBUG] (FabricLoader/Mixin) immediatelyfast-common.mixins.json:avoid_redundant_framebuffer_switching.MixinGlCommandEncoder from mod immediatelyfast->@Inject::unbindFramebufferBeforePresenting(Lorg/spongepowered/asm/mixin/injection/callback/CallbackInfo;)V doesn't use it's CallbackInfo
[12:26:29] [Render thread/DEBUG] (FabricLoader/Mixin) immediatelyfast-common.mixins.json:avoid_redundant_framebuffer_switching.MixinGlCommandEncoder from mod immediatelyfast->@Inject::unbindFramebufferBeforePresenting(Lorg/spongepowered/asm/mixin/injection/callback/CallbackInfo;)V has 0 override(s) in child classes
[12:26:29] [Render thread/DEBUG] (FabricLoader/Mixin) immediatelyfast-common.mixins.json:avoid_redundant_framebuffer_switching.MixinGlCommandEncoder from mod immediatelyfast->@Inject::unbindFramebufferBeforePresenting(Lorg/spongepowered/asm/mixin/injection/callback/CallbackInfo;)V won't be passed a CallbackInfo as a result
[12:26:29] [Render thread/DEBUG] (FabricLoader/Mixin) Mixing MixinRenderPass_Stub from mixins.iris.json into com.mojang.blaze3d.systems.RenderPass
[12:26:29] [Render thread/DEBUG] (FabricLoader/Mixin) mixins.iris.json:MixinRenderPass_Stub from mod iris: Class version 65 required is higher than the class version supported by the current version of Mixin (JAVA_8 supports class version 52)
[12:26:29] [Render thread/INFO] (Iris) Debug functionality is disabled.
[12:26:29] [Render thread/INFO] (Iris) ARB_direct_state_access detected, enabling DSA.
[12:26:29] [Render thread/INFO] (Iris) Shaders are disabled because enableShaders is set to false in iris.properties
[12:26:29] [Render thread/INFO] (ImmediatelyFast) Initializing ImmediatelyFast 1.13.4+1.21.10 on AMD Radeon RX 9070 XT (ATI Technologies Inc.) with OpenGL 3.3.0 Core Profile Context 26.3.1.260309
[12:26:29] [Render thread/INFO] (ImmediatelyFast) Found Iris 1.9.7+mc1.21.10. Enabling compatibility.
[12:26:29] [Render thread/INFO] (com.mojang.blaze3d.systems.RenderSystem) OpenGL Vendor: ATI Technologies Inc.
[12:26:29] [Render thread/INFO] (com.mojang.blaze3d.systems.RenderSystem) OpenGL Renderer: AMD Radeon RX 9070 XT
[12:26:29] [Render thread/INFO] (com.mojang.blaze3d.systems.RenderSystem) OpenGL Version: 3.3.0 Core Profile Context 26.3.1.260309
[12:26:29] [Render thread/INFO] (net.minecraft.client.Minecraft) Using optional rendering extensions: GL_ARB_buffer_storage, GL_KHR_debug, GL_ARB_vertex_attrib_binding, GL_ARB_direct_state_access
[12:26:29] [Render thread/DEBUG] (FabricLoader/Mixin) Mixing LifecycledResourceManagerImplMixin from fabric-resource-loader-v1.mixins.json into net.minecraft.server.packs.resources.MultiPackResourceManager
[12:26:29] [Render thread/DEBUG] (FabricLoader/Mixin) fabric-resource-loader-v1.mixins.json:LifecycledResourceManagerImplMixin from mod fabric-resource-loader-v1->@Inject::init(Lnet/minecraft/server/packs/PackType;Ljava/util/List;Lorg/spongepowered/asm/mixin/injection/callback/CallbackInfo;)V doesn't use it's CallbackInfo
[12:26:29] [Render thread/DEBUG] (FabricLoader/Mixin) fabric-resource-loader-v1.mixins.json:LifecycledResourceManagerImplMixin from mod fabric-resource-loader-v1->@Inject::init(Lnet/minecraft/server/packs/PackType;Ljava/util/List;Lorg/spongepowered/asm/mixin/injection/callback/CallbackInfo;)V has 0 override(s) in child classes
[12:26:29] [Render thread/DEBUG] (FabricLoader/Mixin) fabric-resource-loader-v1.mixins.json:LifecycledResourceManagerImplMixin from mod fabric-resource-loader-v1->@Inject::init(Lnet/minecraft/server/packs/PackType;Ljava/util/List;Lorg/spongepowered/asm/mixin/injection/callback/CallbackInfo;)V won't be passed a CallbackInfo as a result
[12:26:29] [Render thread/DEBUG] (net.fabricmc.fabric.impl.resource.loader.ModResourcePackUtil) [Fabric] Starting internal pack sorting with: [vanilla, badoptimizations, betterf3, cloth-config, cubes-without-borders, devauth, entityculling, fabric, fabric-api, fabric-api-base, fabric-api-lookup-api-v1, fabric-biome-api-v1, fabric-block-api-v1, fabric-block-view-api-v2, fabric-client-gametest-api-v1, fabric-command-api-v2, fabric-content-registries-v0, fabric-convention-tags-v1, fabric-convention-tags-v2, fabric-crash-report-info-v1, fabric-data-attachment-api-v1, fabric-data-generation-api-v1, fabric-dimensions-v1, fabric-entity-events-v1, fabric-events-interaction-v0, fabric-game-rule-api-v1, fabric-gametest-api-v1, fabric-item-api-v1, fabric-item-group-api-v1, fabric-item-group-api-v1_programmer_art, fabric-key-binding-api-v1, fabric-language-kotlin, fabric-lifecycle-events-v1, fabric-loot-api-v2, fabric-loot-api-v3, fabric-message-api-v1, fabric-model-loading-api-v1, fabric-networking-api-v1, fabric-object-builder-api-v1, fabric-particles-v1, fabric-recipe-api-v1, fabric-registry-sync-v0, fabric-renderer-api-v1, fabric-renderer-indigo, fabric-rendering-fluids-v1, fabric-rendering-v1, fabric-resource-conditions-api-v1, fabric-resource-loader-v0, fabric-resource-loader-v1, fabric-screen-api-v1, fabric-screen-handler-api-v1, fabric-serialization-api-v1, fabric-sound-api-v1, fabric-tag-api-v1, fabric-transfer-api-v1, fabric-transitive-access-wideners-v1, fabricloader, gammautils, immediatelyfast, infernum, iris, modmenu, modmenu_high_contrast, modmenu_programmer_art, sodium, sodium_programmer_art, trender]
[12:26:29] [Render thread/DEBUG] (net.fabricmc.fabric.impl.resource.loader.ModResourcePackUtil) [Fabric] Removed all internal packs, result: [vanilla, fabric]
[12:26:29] [Render thread/DEBUG] (net.fabricmc.fabric.impl.resource.loader.ModResourcePackUtil) [Fabric] cur @ fabric, auto-enabled badoptimizations, currently enabled: [vanilla, fabric, badoptimizations]
[12:26:29] [Render thread/DEBUG] (net.fabricmc.fabric.impl.resource.loader.ModResourcePackUtil) [Fabric] cur @ fabric, auto-enabled betterf3, currently enabled: [vanilla, fabric, badoptimizations, betterf3]
[12:26:29] [Render thread/DEBUG] (net.fabricmc.fabric.impl.resource.loader.ModResourcePackUtil) [Fabric] cur @ fabric, auto-enabled cloth-config, currently enabled: [vanilla, fabric, badoptimizations, betterf3, cloth-config]
[12:26:29] [Render thread/DEBUG] (net.fabricmc.fabric.impl.resource.loader.ModResourcePackUtil) [Fabric] cur @ fabric, auto-enabled cubes-without-borders, currently enabled: [vanilla, fabric, badoptimizations, betterf3, cloth-config, cubes-without-borders]
[12:26:29] [Render thread/DEBUG] (net.fabricmc.fabric.impl.resource.loader.ModResourcePackUtil) [Fabric] cur @ fabric, auto-enabled devauth, currently enabled: [vanilla, fabric, badoptimizations, betterf3, cloth-config, cubes-without-borders, devauth]
[12:26:29] [Render thread/DEBUG] (net.fabricmc.fabric.impl.resource.loader.ModResourcePackUtil) [Fabric] cur @ fabric, auto-enabled entityculling, currently enabled: [vanilla, fabric, badoptimizations, betterf3, cloth-config, cubes-without-borders, devauth, entityculling]
[12:26:29] [Render thread/DEBUG] (net.fabricmc.fabric.impl.resource.loader.ModResourcePackUtil) [Fabric] cur @ fabric, auto-enabled fabric-api, currently enabled: [vanilla, fabric, badoptimizations, betterf3, cloth-config, cubes-without-borders, devauth, entityculling, fabric-api]
[12:26:29] [Render thread/DEBUG] (net.fabricmc.fabric.impl.resource.loader.ModResourcePackUtil) [Fabric] cur @ fabric, auto-enabled fabric-api-base, currently enabled: [vanilla, fabric, badoptimizations, betterf3, cloth-config, cubes-without-borders, devauth, entityculling, fabric-api, fabric-api-base]
[12:26:29] [Render thread/DEBUG] (net.fabricmc.fabric.impl.resource.loader.ModResourcePackUtil) [Fabric] cur @ fabric, auto-enabled fabric-api-lookup-api-v1, currently enabled: [vanilla, fabric, badoptimizations, betterf3, cloth-config, cubes-without-borders, devauth, entityculling, fabric-api, fabric-api-base, fabric-api-lookup-api-v1]
[12:26:29] [Render thread/DEBUG] (net.fabricmc.fabric.impl.resource.loader.ModResourcePackUtil) [Fabric] cur @ fabric, auto-enabled fabric-biome-api-v1, currently enabled: [vanilla, fabric, badoptimizations, betterf3, cloth-config, cubes-without-borders, devauth, entityculling, fabric-api, fabric-api-base, fabric-api-lookup-api-v1, fabric-biome-api-v1]
[12:26:29] [Render thread/DEBUG] (net.fabricmc.fabric.impl.resource.loader.ModResourcePackUtil) [Fabric] cur @ fabric, auto-enabled fabric-block-api-v1, currently enabled: [vanilla, fabric, badoptimizations, betterf3, cloth-config, cubes-without-borders, devauth, entityculling, fabric-api, fabric-api-base, fabric-api-lookup-api-v1, fabric-biome-api-v1, fabric-block-api-v1]
[12:26:29] [Render thread/DEBUG] (net.fabricmc.fabric.impl.resource.loader.ModResourcePackUtil) [Fabric] cur @ fabric, auto-enabled fabric-block-view-api-v2, currently enabled: [vanilla, fabric, badoptimizations, betterf3, cloth-config, cubes-without-borders, devauth, entityculling, fabric-api, fabric-api-base, fabric-api-lookup-api-v1, fabric-biome-api-v1, fabric-block-api-v1, fabric-block-view-api-v2]
[12:26:29] [Render thread/DEBUG] (net.fabricmc.fabric.impl.resource.loader.ModResourcePackUtil) [Fabric] cur @ fabric, auto-enabled fabric-client-gametest-api-v1, currently enabled: [vanilla, fabric, badoptimizations, betterf3, cloth-config, cubes-without-borders, devauth, entityculling, fabric-api, fabric-api-base, fabric-api-lookup-api-v1, fabric-biome-api-v1, fabric-block-api-v1, fabric-block-view-api-v2, fabric-client-gametest-api-v1]
[12:26:29] [Render thread/DEBUG] (net.fabricmc.fabric.impl.resource.loader.ModResourcePackUtil) [Fabric] cur @ fabric, auto-enabled fabric-command-api-v2, currently enabled: [vanilla, fabric, badoptimizations, betterf3, cloth-config, cubes-without-borders, devauth, entityculling, fabric-api, fabric-api-base, fabric-api-lookup-api-v1, fabric-biome-api-v1, fabric-block-api-v1, fabric-block-view-api-v2, fabric-client-gametest-api-v1, fabric-command-api-v2]
[12:26:29] [Render thread/DEBUG] (net.fabricmc.fabric.impl.resource.loader.ModResourcePackUtil) [Fabric] cur @ fabric, auto-enabled fabric-content-registries-v0, currently enabled: [vanilla, fabric, badoptimizations, betterf3, cloth-config, cubes-without-borders, devauth, entityculling, fabric-api, fabric-api-base, fabric-api-lookup-api-v1, fabric-biome-api-v1, fabric-block-api-v1, fabric-block-view-api-v2, fabric-client-gametest-api-v1, fabric-command-api-v2, fabric-content-registries-v0]
[12:26:29] [Render thread/DEBUG] (net.fabricmc.fabric.impl.resource.loader.ModResourcePackUtil) [Fabric] cur @ fabric, auto-enabled fabric-convention-tags-v1, currently enabled: [vanilla, fabric, badoptimizations, betterf3, cloth-config, cubes-without-borders, devauth, entityculling, fabric-api, fabric-api-base, fabric-api-lookup-api-v1, fabric-biome-api-v1, fabric-block-api-v1, fabric-block-view-api-v2, fabric-client-gametest-api-v1, fabric-command-api-v2, fabric-content-registries-v0, fabric-convention-tags-v1]
[12:26:29] [Render thread/DEBUG] (net.fabricmc.fabric.impl.resource.loader.ModResourcePackUtil) [Fabric] cur @ fabric, auto-enabled fabric-convention-tags-v2, currently enabled: [vanilla, fabric, badoptimizations, betterf3, cloth-config, cubes-without-borders, devauth, entityculling, fabric-api, fabric-api-base, fabric-api-lookup-api-v1, fabric-biome-api-v1, fabric-block-api-v1, fabric-block-view-api-v2, fabric-client-gametest-api-v1, fabric-command-api-v2, fabric-content-registries-v0, fabric-convention-tags-v1, fabric-convention-tags-v2]
[12:26:29] [Render thread/DEBUG] (net.fabricmc.fabric.impl.resource.loader.ModResourcePackUtil) [Fabric] cur @ fabric, auto-enabled fabric-crash-report-info-v1, currently enabled: [vanilla, fabric, badoptimizations, betterf3, cloth-config, cubes-without-borders, devauth, entityculling, fabric-api, fabric-api-base, fabric-api-lookup-api-v1, fabric-biome-api-v1, fabric-block-api-v1, fabric-block-view-api-v2, fabric-client-gametest-api-v1, fabric-command-api-v2, fabric-content-registries-v0, fabric-convention-tags-v1, fabric-convention-tags-v2, fabric-crash-report-info-v1]
[12:26:29] [Render thread/DEBUG] (net.fabricmc.fabric.impl.resource.loader.ModResourcePackUtil) [Fabric] cur @ fabric, auto-enabled fabric-data-attachment-api-v1, currently enabled: [vanilla, fabric, badoptimizations, betterf3, cloth-config, cubes-without-borders, devauth, entityculling, fabric-api, fabric-api-base, fabric-api-lookup-api-v1, fabric-biome-api-v1, fabric-block-api-v1, fabric-block-view-api-v2, fabric-client-gametest-api-v1, fabric-command-api-v2, fabric-content-registries-v0, fabric-convention-tags-v1, fabric-convention-tags-v2, fabric-crash-report-info-v1, fabric-data-attachment-api-v1]
[12:26:29] [Render thread/DEBUG] (net.fabricmc.fabric.impl.resource.loader.ModResourcePackUtil) [Fabric] cur @ fabric, auto-enabled fabric-data-generation-api-v1, currently enabled: [vanilla, fabric, badoptimizations, betterf3, cloth-config, cubes-without-borders, devauth, entityculling, fabric-api, fabric-api-base, fabric-api-lookup-api-v1, fabric-biome-api-v1, fabric-block-api-v1, fabric-block-view-api-v2, fabric-client-gametest-api-v1, fabric-command-api-v2, fabric-content-registries-v0, fabric-convention-tags-v1, fabric-convention-tags-v2, fabric-crash-report-info-v1, fabric-data-attachment-api-v1, fabric-data-generation-api-v1]
[12:26:29] [Render thread/DEBUG] (net.fabricmc.fabric.impl.resource.loader.ModResourcePackUtil) [Fabric] cur @ fabric, auto-enabled fabric-dimensions-v1, currently enabled: [vanilla, fabric, badoptimizations, betterf3, cloth-config, cubes-without-borders, devauth, entityculling, fabric-api, fabric-api-base, fabric-api-lookup-api-v1, fabric-biome-api-v1, fabric-block-api-v1, fabric-block-view-api-v2, fabric-client-gametest-api-v1, fabric-command-api-v2, fabric-content-registries-v0, fabric-convention-tags-v1, fabric-convention-tags-v2, fabric-crash-report-info-v1, fabric-data-attachment-api-v1, fabric-data-generation-api-v1, fabric-dimensions-v1]
[12:26:29] [Render thread/DEBUG] (net.fabricmc.fabric.impl.resource.loader.ModResourcePackUtil) [Fabric] cur @ fabric, auto-enabled fabric-entity-events-v1, currently enabled: [vanilla, fabric, badoptimizations, betterf3, cloth-config, cubes-without-borders, devauth, entityculling, fabric-api, fabric-api-base, fabric-api-lookup-api-v1, fabric-biome-api-v1, fabric-block-api-v1, fabric-block-view-api-v2, fabric-client-gametest-api-v1, fabric-command-api-v2, fabric-content-registries-v0, fabric-convention-tags-v1, fabric-convention-tags-v2, fabric-crash-report-info-v1, fabric-data-attachment-api-v1, fabric-data-generation-api-v1, fabric-dimensions-v1, fabric-entity-events-v1]
[12:26:29] [Render thread/DEBUG] (net.fabricmc.fabric.impl.resource.loader.ModResourcePackUtil) [Fabric] cur @ fabric, auto-enabled fabric-events-interaction-v0, currently enabled: [vanilla, fabric, badoptimizations, betterf3, cloth-config, cubes-without-borders, devauth, entityculling, fabric-api, fabric-api-base, fabric-api-lookup-api-v1, fabric-biome-api-v1, fabric-block-api-v1, fabric-block-view-api-v2, fabric-client-gametest-api-v1, fabric-command-api-v2, fabric-content-registries-v0, fabric-convention-tags-v1, fabric-convention-tags-v2, fabric-crash-report-info-v1, fabric-data-attachment-api-v1, fabric-data-generation-api-v1, fabric-dimensions-v1, fabric-entity-events-v1, fabric-events-interaction-v0]
[12:26:29] [Render thread/DEBUG] (net.fabricmc.fabric.impl.resource.loader.ModResourcePackUtil) [Fabric] cur @ fabric, auto-enabled fabric-game-rule-api-v1, currently enabled: [vanilla, fabric, badoptimizations, betterf3, cloth-config, cubes-without-borders, devauth, entityculling, fabric-api, fabric-api-base, fabric-api-lookup-api-v1, fabric-biome-api-v1, fabric-block-api-v1, fabric-block-view-api-v2, fabric-client-gametest-api-v1, fabric-command-api-v2, fabric-content-registries-v0, fabric-convention-tags-v1, fabric-convention-tags-v2, fabric-crash-report-info-v1, fabric-data-attachment-api-v1, fabric-data-generation-api-v1, fabric-dimensions-v1, fabric-entity-events-v1, fabric-events-interaction-v0, fabric-game-rule-api-v1]
[12:26:29] [Render thread/DEBUG] (net.fabricmc.fabric.impl.resource.loader.ModResourcePackUtil) [Fabric] cur @ fabric, auto-enabled fabric-gametest-api-v1, currently enabled: [vanilla, fabric, badoptimizations, betterf3, cloth-config, cubes-without-borders, devauth, entityculling, fabric-api, fabric-api-base, fabric-api-lookup-api-v1, fabric-biome-api-v1, fabric-block-api-v1, fabric-block-view-api-v2, fabric-client-gametest-api-v1, fabric-command-api-v2, fabric-content-registries-v0, fabric-convention-tags-v1, fabric-convention-tags-v2, fabric-crash-report-info-v1, fabric-data-attachment-api-v1, fabric-data-generation-api-v1, fabric-dimensions-v1, fabric-entity-events-v1, fabric-events-interaction-v0, fabric-game-rule-api-v1, fabric-gametest-api-v1]
[12:26:29] [Render thread/DEBUG] (net.fabricmc.fabric.impl.resource.loader.ModResourcePackUtil) [Fabric] cur @ fabric, auto-enabled fabric-item-api-v1, currently enabled: [vanilla, fabric, badoptimizations, betterf3, cloth-config, cubes-without-borders, devauth, entityculling, fabric-api, fabric-api-base, fabric-api-lookup-api-v1, fabric-biome-api-v1, fabric-block-api-v1, fabric-block-view-api-v2, fabric-client-gametest-api-v1, fabric-command-api-v2, fabric-content-registries-v0, fabric-convention-tags-v1, fabric-convention-tags-v2, fabric-crash-report-info-v1, fabric-data-attachment-api-v1, fabric-data-generation-api-v1, fabric-dimensions-v1, fabric-entity-events-v1, fabric-events-interaction-v0, fabric-game-rule-api-v1, fabric-gametest-api-v1, fabric-item-api-v1]
[12:26:29] [Render thread/DEBUG] (net.fabricmc.fabric.impl.resource.loader.ModResourcePackUtil) [Fabric] cur @ fabric, auto-enabled fabric-item-group-api-v1, currently enabled: [vanilla, fabric, badoptimizations, betterf3, cloth-config, cubes-without-borders, devauth, entityculling, fabric-api, fabric-api-base, fabric-api-lookup-api-v1, fabric-biome-api-v1, fabric-block-api-v1, fabric-block-view-api-v2, fabric-client-gametest-api-v1, fabric-command-api-v2, fabric-content-registries-v0, fabric-convention-tags-v1, fabric-convention-tags-v2, fabric-crash-report-info-v1, fabric-data-attachment-api-v1, fabric-data-generation-api-v1, fabric-dimensions-v1, fabric-entity-events-v1, fabric-events-interaction-v0, fabric-game-rule-api-v1, fabric-gametest-api-v1, fabric-item-api-v1, fabric-item-group-api-v1]
[12:26:29] [Render thread/DEBUG] (net.fabricmc.fabric.impl.resource.loader.ModResourcePackUtil) [Fabric] cur @ fabric, auto-enabled fabric-key-binding-api-v1, currently enabled: [vanilla, fabric, badoptimizations, betterf3, cloth-config, cubes-without-borders, devauth, entityculling, fabric-api, fabric-api-base, fabric-api-lookup-api-v1, fabric-biome-api-v1, fabric-block-api-v1, fabric-block-view-api-v2, fabric-client-gametest-api-v1, fabric-command-api-v2, fabric-content-registries-v0, fabric-convention-tags-v1, fabric-convention-tags-v2, fabric-crash-report-info-v1, fabric-data-attachment-api-v1, fabric-data-generation-api-v1, fabric-dimensions-v1, fabric-entity-events-v1, fabric-events-interaction-v0, fabric-game-rule-api-v1, fabric-gametest-api-v1, fabric-item-api-v1, fabric-item-group-api-v1, fabric-key-binding-api-v1]
[12:26:29] [Render thread/DEBUG] (net.fabricmc.fabric.impl.resource.loader.ModResourcePackUtil) [Fabric] cur @ fabric, auto-enabled fabric-language-kotlin, currently enabled: [vanilla, fabric, badoptimizations, betterf3, cloth-config, cubes-without-borders, devauth, entityculling, fabric-api, fabric-api-base, fabric-api-lookup-api-v1, fabric-biome-api-v1, fabric-block-api-v1, fabric-block-view-api-v2, fabric-client-gametest-api-v1, fabric-command-api-v2, fabric-content-registries-v0, fabric-convention-tags-v1, fabric-convention-tags-v2, fabric-crash-report-info-v1, fabric-data-attachment-api-v1, fabric-data-generation-api-v1, fabric-dimensions-v1, fabric-entity-events-v1, fabric-events-interaction-v0, fabric-game-rule-api-v1, fabric-gametest-api-v1, fabric-item-api-v1, fabric-item-group-api-v1, fabric-key-binding-api-v1, fabric-language-kotlin]
[12:26:29] [Render thread/DEBUG] (net.fabricmc.fabric.impl.resource.loader.ModResourcePackUtil) [Fabric] cur @ fabric, auto-enabled fabric-lifecycle-events-v1, currently enabled: [vanilla, fabric, badoptimizations, betterf3, cloth-config, cubes-without-borders, devauth, entityculling, fabric-api, fabric-api-base, fabric-api-lookup-api-v1, fabric-biome-api-v1, fabric-block-api-v1, fabric-block-view-api-v2, fabric-client-gametest-api-v1, fabric-command-api-v2, fabric-content-registries-v0, fabric-convention-tags-v1, fabric-convention-tags-v2, fabric-crash-report-info-v1, fabric-data-attachment-api-v1, fabric-data-generation-api-v1, fabric-dimensions-v1, fabric-entity-events-v1, fabric-events-interaction-v0, fabric-game-rule-api-v1, fabric-gametest-api-v1, fabric-item-api-v1, fabric-item-group-api-v1, fabric-key-binding-api-v1, fabric-language-kotlin, fabric-lifecycle-events-v1]
[12:26:29] [Render thread/DEBUG] (net.fabricmc.fabric.impl.resource.loader.ModResourcePackUtil) [Fabric] cur @ fabric, auto-enabled fabric-loot-api-v2, currently enabled: [vanilla, fabric, badoptimizations, betterf3, cloth-config, cubes-without-borders, devauth, entityculling, fabric-api, fabric-api-base, fabric-api-lookup-api-v1, fabric-biome-api-v1, fabric-block-api-v1, fabric-block-view-api-v2, fabric-client-gametest-api-v1, fabric-command-api-v2, fabric-content-registries-v0, fabric-convention-tags-v1, fabric-convention-tags-v2, fabric-crash-report-info-v1, fabric-data-attachment-api-v1, fabric-data-generation-api-v1, fabric-dimensions-v1, fabric-entity-events-v1, fabric-events-interaction-v0, fabric-game-rule-api-v1, fabric-gametest-api-v1, fabric-item-api-v1, fabric-item-group-api-v1, fabric-key-binding-api-v1, fabric-language-kotlin, fabric-lifecycle-events-v1, fabric-loot-api-v2]
[12:26:29] [Render thread/DEBUG] (net.fabricmc.fabric.impl.resource.loader.ModResourcePackUtil) [Fabric] cur @ fabric, auto-enabled fabric-loot-api-v3, currently enabled: [vanilla, fabric, badoptimizations, betterf3, cloth-config, cubes-without-borders, devauth, entityculling, fabric-api, fabric-api-base, fabric-api-lookup-api-v1, fabric-biome-api-v1, fabric-block-api-v1, fabric-block-view-api-v2, fabric-client-gametest-api-v1, fabric-command-api-v2, fabric-content-registries-v0, fabric-convention-tags-v1, fabric-convention-tags-v2, fabric-crash-report-info-v1, fabric-data-attachment-api-v1, fabric-data-generation-api-v1, fabric-dimensions-v1, fabric-entity-events-v1, fabric-events-interaction-v0, fabric-game-rule-api-v1, fabric-gametest-api-v1, fabric-item-api-v1, fabric-item-group-api-v1, fabric-key-binding-api-v1, fabric-language-kotlin, fabric-lifecycle-events-v1, fabric-loot-api-v2, fabric-loot-api-v3]
[12:26:29] [Render thread/DEBUG] (net.fabricmc.fabric.impl.resource.loader.ModResourcePackUtil) [Fabric] cur @ fabric, auto-enabled fabric-message-api-v1, currently enabled: [vanilla, fabric, badoptimizations, betterf3, cloth-config, cubes-without-borders, devauth, entityculling, fabric-api, fabric-api-base, fabric-api-lookup-api-v1, fabric-biome-api-v1, fabric-block-api-v1, fabric-block-view-api-v2, fabric-client-gametest-api-v1, fabric-command-api-v2, fabric-content-registries-v0, fabric-convention-tags-v1, fabric-convention-tags-v2, fabric-crash-report-info-v1, fabric-data-attachment-api-v1, fabric-data-generation-api-v1, fabric-dimensions-v1, fabric-entity-events-v1, fabric-events-interaction-v0, fabric-game-rule-api-v1, fabric-gametest-api-v1, fabric-item-api-v1, fabric-item-group-api-v1, fabric-key-binding-api-v1, fabric-language-kotlin, fabric-lifecycle-events-v1, fabric-loot-api-v2, fabric-loot-api-v3, fabric-message-api-v1]
[12:26:29] [Render thread/DEBUG] (net.fabricmc.fabric.impl.resource.loader.ModResourcePackUtil) [Fabric] cur @ fabric, auto-enabled fabric-model-loading-api-v1, currently enabled: [vanilla, fabric, badoptimizations, betterf3, cloth-config, cubes-without-borders, devauth, entityculling, fabric-api, fabric-api-base, fabric-api-lookup-api-v1, fabric-biome-api-v1, fabric-block-api-v1, fabric-block-view-api-v2, fabric-client-gametest-api-v1, fabric-command-api-v2, fabric-content-registries-v0, fabric-convention-tags-v1, fabric-convention-tags-v2, fabric-crash-report-info-v1, fabric-data-attachment-api-v1, fabric-data-generation-api-v1, fabric-dimensions-v1, fabric-entity-events-v1, fabric-events-interaction-v0, fabric-game-rule-api-v1, fabric-gametest-api-v1, fabric-item-api-v1, fabric-item-group-api-v1, fabric-key-binding-api-v1, fabric-language-kotlin, fabric-lifecycle-events-v1, fabric-loot-api-v2, fabric-loot-api-v3, fabric-message-api-v1, fabric-model-loading-api-v1]
[12:26:29] [Render thread/DEBUG] (net.fabricmc.fabric.impl.resource.loader.ModResourcePackUtil) [Fabric] cur @ fabric, auto-enabled fabric-networking-api-v1, currently enabled: [vanilla, fabric, badoptimizations, betterf3, cloth-config, cubes-without-borders, devauth, entityculling, fabric-api, fabric-api-base, fabric-api-lookup-api-v1, fabric-biome-api-v1, fabric-block-api-v1, fabric-block-view-api-v2, fabric-client-gametest-api-v1, fabric-command-api-v2, fabric-content-registries-v0, fabric-convention-tags-v1, fabric-convention-tags-v2, fabric-crash-report-info-v1, fabric-data-attachment-api-v1, fabric-data-generation-api-v1, fabric-dimensions-v1, fabric-entity-events-v1, fabric-events-interaction-v0, fabric-game-rule-api-v1, fabric-gametest-api-v1, fabric-item-api-v1, fabric-item-group-api-v1, fabric-key-binding-api-v1, fabric-language-kotlin, fabric-lifecycle-events-v1, fabric-loot-api-v2, fabric-loot-api-v3, fabric-message-api-v1, fabric-model-loading-api-v1, fabric-networking-api-v1]
[12:26:29] [Render thread/DEBUG] (net.fabricmc.fabric.impl.resource.loader.ModResourcePackUtil) [Fabric] cur @ fabric, auto-enabled fabric-object-builder-api-v1, currently enabled: [vanilla, fabric, badoptimizations, betterf3, cloth-config, cubes-without-borders, devauth, entityculling, fabric-api, fabric-api-base, fabric-api-lookup-api-v1, fabric-biome-api-v1, fabric-block-api-v1, fabric-block-view-api-v2, fabric-client-gametest-api-v1, fabric-command-api-v2, fabric-content-registries-v0, fabric-convention-tags-v1, fabric-convention-tags-v2, fabric-crash-report-info-v1, fabric-data-attachment-api-v1, fabric-data-generation-api-v1, fabric-dimensions-v1, fabric-entity-events-v1, fabric-events-interaction-v0, fabric-game-rule-api-v1, fabric-gametest-api-v1, fabric-item-api-v1, fabric-item-group-api-v1, fabric-key-binding-api-v1, fabric-language-kotlin, fabric-lifecycle-events-v1, fabric-loot-api-v2, fabric-loot-api-v3, fabric-message-api-v1, fabric-model-loading-api-v1, fabric-networking-api-v1, fabric-object-builder-api-v1]
[12:26:29] [Render thread/DEBUG] (net.fabricmc.fabric.impl.resource.loader.ModResourcePackUtil) [Fabric] cur @ fabric, auto-enabled fabric-particles-v1, currently enabled: [vanilla, fabric, badoptimizations, betterf3, cloth-config, cubes-without-borders, devauth, entityculling, fabric-api, fabric-api-base, fabric-api-lookup-api-v1, fabric-biome-api-v1, fabric-block-api-v1, fabric-block-view-api-v2, fabric-client-gametest-api-v1, fabric-command-api-v2, fabric-content-registries-v0, fabric-convention-tags-v1, fabric-convention-tags-v2, fabric-crash-report-info-v1, fabric-data-attachment-api-v1, fabric-data-generation-api-v1, fabric-dimensions-v1, fabric-entity-events-v1, fabric-events-interaction-v0, fabric-game-rule-api-v1, fabric-gametest-api-v1, fabric-item-api-v1, fabric-item-group-api-v1, fabric-key-binding-api-v1, fabric-language-kotlin, fabric-lifecycle-events-v1, fabric-loot-api-v2, fabric-loot-api-v3, fabric-message-api-v1, fabric-model-loading-api-v1, fabric-networking-api-v1, fabric-object-builder-api-v1, fabric-particles-v1]
[12:26:29] [Render thread/DEBUG] (net.fabricmc.fabric.impl.resource.loader.ModResourcePackUtil) [Fabric] cur @ fabric, auto-enabled fabric-recipe-api-v1, currently enabled: [vanilla, fabric, badoptimizations, betterf3, cloth-config, cubes-without-borders, devauth, entityculling, fabric-api, fabric-api-base, fabric-api-lookup-api-v1, fabric-biome-api-v1, fabric-block-api-v1, fabric-block-view-api-v2, fabric-client-gametest-api-v1, fabric-command-api-v2, fabric-content-registries-v0, fabric-convention-tags-v1, fabric-convention-tags-v2, fabric-crash-report-info-v1, fabric-data-attachment-api-v1, fabric-data-generation-api-v1, fabric-dimensions-v1, fabric-entity-events-v1, fabric-events-interaction-v0, fabric-game-rule-api-v1, fabric-gametest-api-v1, fabric-item-api-v1, fabric-item-group-api-v1, fabric-key-binding-api-v1, fabric-language-kotlin, fabric-lifecycle-events-v1, fabric-loot-api-v2, fabric-loot-api-v3, fabric-message-api-v1, fabric-model-loading-api-v1, fabric-networking-api-v1, fabric-object-builder-api-v1, fabric-particles-v1, fabric-recipe-api-v1]
[12:26:29] [Render thread/DEBUG] (net.fabricmc.fabric.impl.resource.loader.ModResourcePackUtil) [Fabric] cur @ fabric, auto-enabled fabric-registry-sync-v0, currently enabled: [vanilla, fabric, badoptimizations, betterf3, cloth-config, cubes-without-borders, devauth, entityculling, fabric-api, fabric-api-base, fabric-api-lookup-api-v1, fabric-biome-api-v1, fabric-block-api-v1, fabric-block-view-api-v2, fabric-client-gametest-api-v1, fabric-command-api-v2, fabric-content-registries-v0, fabric-convention-tags-v1, fabric-convention-tags-v2, fabric-crash-report-info-v1, fabric-data-attachment-api-v1, fabric-data-generation-api-v1, fabric-dimensions-v1, fabric-entity-events-v1, fabric-events-interaction-v0, fabric-game-rule-api-v1, fabric-gametest-api-v1, fabric-item-api-v1, fabric-item-group-api-v1, fabric-key-binding-api-v1, fabric-language-kotlin, fabric-lifecycle-events-v1, fabric-loot-api-v2, fabric-loot-api-v3, fabric-message-api-v1, fabric-model-loading-api-v1, fabric-networking-api-v1, fabric-object-builder-api-v1, fabric-particles-v1, fabric-recipe-api-v1, fabric-registry-sync-v0]
[12:26:29] [Render thread/DEBUG] (net.fabricmc.fabric.impl.resource.loader.ModResourcePackUtil) [Fabric] cur @ fabric, auto-enabled fabric-renderer-api-v1, currently enabled: [vanilla, fabric, badoptimizations, betterf3, cloth-config, cubes-without-borders, devauth, entityculling, fabric-api, fabric-api-base, fabric-api-lookup-api-v1, fabric-biome-api-v1, fabric-block-api-v1, fabric-block-view-api-v2, fabric-client-gametest-api-v1, fabric-command-api-v2, fabric-content-registries-v0, fabric-convention-tags-v1, fabric-convention-tags-v2, fabric-crash-report-info-v1, fabric-data-attachment-api-v1, fabric-data-generation-api-v1, fabric-dimensions-v1, fabric-entity-events-v1, fabric-events-interaction-v0, fabric-game-rule-api-v1, fabric-gametest-api-v1, fabric-item-api-v1, fabric-item-group-api-v1, fabric-key-binding-api-v1, fabric-language-kotlin, fabric-lifecycle-events-v1, fabric-loot-api-v2, fabric-loot-api-v3, fabric-message-api-v1, fabric-model-loading-api-v1, fabric-networking-api-v1, fabric-object-builder-api-v1, fabric-particles-v1, fabric-recipe-api-v1, fabric-registry-sync-v0, fabric-renderer-api-v1]
[12:26:29] [Render thread/DEBUG] (net.fabricmc.fabric.impl.resource.loader.ModResourcePackUtil) [Fabric] cur @ fabric, auto-enabled fabric-renderer-indigo, currently enabled: [vanilla, fabric, badoptimizations, betterf3, cloth-config, cubes-without-borders, devauth, entityculling, fabric-api, fabric-api-base, fabric-api-lookup-api-v1, fabric-biome-api-v1, fabric-block-api-v1, fabric-block-view-api-v2, fabric-client-gametest-api-v1, fabric-command-api-v2, fabric-content-registries-v0, fabric-convention-tags-v1, fabric-convention-tags-v2, fabric-crash-report-info-v1, fabric-data-attachment-api-v1, fabric-data-generation-api-v1, fabric-dimensions-v1, fabric-entity-events-v1, fabric-events-interaction-v0, fabric-game-rule-api-v1, fabric-gametest-api-v1, fabric-item-api-v1, fabric-item-group-api-v1, fabric-key-binding-api-v1, fabric-language-kotlin, fabric-lifecycle-events-v1, fabric-loot-api-v2, fabric-loot-api-v3, fabric-message-api-v1, fabric-model-loading-api-v1, fabric-networking-api-v1, fabric-object-builder-api-v1, fabric-particles-v1, fabric-recipe-api-v1, fabric-registry-sync-v0, fabric-renderer-api-v1, fabric-renderer-indigo]
[12:26:29] [Render thread/DEBUG] (net.fabricmc.fabric.impl.resource.loader.ModResourcePackUtil) [Fabric] cur @ fabric, auto-enabled fabric-rendering-fluids-v1, currently enabled: [vanilla, fabric, badoptimizations, betterf3, cloth-config, cubes-without-borders, devauth, entityculling, fabric-api, fabric-api-base, fabric-api-lookup-api-v1, fabric-biome-api-v1, fabric-block-api-v1, fabric-block-view-api-v2, fabric-client-gametest-api-v1, fabric-command-api-v2, fabric-content-registries-v0, fabric-convention-tags-v1, fabric-convention-tags-v2, fabric-crash-report-info-v1, fabric-data-attachment-api-v1, fabric-data-generation-api-v1, fabric-dimensions-v1, fabric-entity-events-v1, fabric-events-interaction-v0, fabric-game-rule-api-v1, fabric-gametest-api-v1, fabric-item-api-v1, fabric-item-group-api-v1, fabric-key-binding-api-v1, fabric-language-kotlin, fabric-lifecycle-events-v1, fabric-loot-api-v2, fabric-loot-api-v3, fabric-message-api-v1, fabric-model-loading-api-v1, fabric-networking-api-v1, fabric-object-builder-api-v1, fabric-particles-v1, fabric-recipe-api-v1, fabric-registry-sync-v0, fabric-renderer-api-v1, fabric-renderer-indigo, fabric-rendering-fluids-v1]
[12:26:29] [Render thread/DEBUG] (net.fabricmc.fabric.impl.resource.loader.ModResourcePackUtil) [Fabric] cur @ fabric, auto-enabled fabric-rendering-v1, currently enabled: [vanilla, fabric, badoptimizations, betterf3, cloth-config, cubes-without-borders, devauth, entityculling, fabric-api, fabric-api-base, fabric-api-lookup-api-v1, fabric-biome-api-v1, fabric-block-api-v1, fabric-block-view-api-v2, fabric-client-gametest-api-v1, fabric-command-api-v2, fabric-content-registries-v0, fabric-convention-tags-v1, fabric-convention-tags-v2, fabric-crash-report-info-v1, fabric-data-attachment-api-v1, fabric-data-generation-api-v1, fabric-dimensions-v1, fabric-entity-events-v1, fabric-events-interaction-v0, fabric-game-rule-api-v1, fabric-gametest-api-v1, fabric-item-api-v1, fabric-item-group-api-v1, fabric-key-binding-api-v1, fabric-language-kotlin, fabric-lifecycle-events-v1, fabric-loot-api-v2, fabric-loot-api-v3, fabric-message-api-v1, fabric-model-loading-api-v1, fabric-networking-api-v1, fabric-object-builder-api-v1, fabric-particles-v1, fabric-recipe-api-v1, fabric-registry-sync-v0, fabric-renderer-api-v1, fabric-renderer-indigo, fabric-rendering-fluids-v1, fabric-rendering-v1]
[12:26:29] [Render thread/DEBUG] (net.fabricmc.fabric.impl.resource.loader.ModResourcePackUtil) [Fabric] cur @ fabric, auto-enabled fabric-resource-conditions-api-v1, currently enabled: [vanilla, fabric, badoptimizations, betterf3, cloth-config, cubes-without-borders, devauth, entityculling, fabric-api, fabric-api-base, fabric-api-lookup-api-v1, fabric-biome-api-v1, fabric-block-api-v1, fabric-block-view-api-v2, fabric-client-gametest-api-v1, fabric-command-api-v2, fabric-content-registries-v0, fabric-convention-tags-v1, fabric-convention-tags-v2, fabric-crash-report-info-v1, fabric-data-attachment-api-v1, fabric-data-generation-api-v1, fabric-dimensions-v1, fabric-entity-events-v1, fabric-events-interaction-v0, fabric-game-rule-api-v1, fabric-gametest-api-v1, fabric-item-api-v1, fabric-item-group-api-v1, fabric-key-binding-api-v1, fabric-language-kotlin, fabric-lifecycle-events-v1, fabric-loot-api-v2, fabric-loot-api-v3, fabric-message-api-v1, fabric-model-loading-api-v1, fabric-networking-api-v1, fabric-object-builder-api-v1, fabric-particles-v1, fabric-recipe-api-v1, fabric-registry-sync-v0, fabric-renderer-api-v1, fabric-renderer-indigo, fabric-rendering-fluids-v1, fabric-rendering-v1, fabric-resource-conditions-api-v1]
[12:26:29] [Render thread/DEBUG] (net.fabricmc.fabric.impl.resource.loader.ModResourcePackUtil) [Fabric] cur @ fabric, auto-enabled fabric-resource-loader-v0, currently enabled: [vanilla, fabric, badoptimizations, betterf3, cloth-config, cubes-without-borders, devauth, entityculling, fabric-api, fabric-api-base, fabric-api-lookup-api-v1, fabric-biome-api-v1, fabric-block-api-v1, fabric-block-view-api-v2, fabric-client-gametest-api-v1, fabric-command-api-v2, fabric-content-registries-v0, fabric-convention-tags-v1, fabric-convention-tags-v2, fabric-crash-report-info-v1, fabric-data-attachment-api-v1, fabric-data-generation-api-v1, fabric-dimensions-v1, fabric-entity-events-v1, fabric-events-interaction-v0, fabric-game-rule-api-v1, fabric-gametest-api-v1, fabric-item-api-v1, fabric-item-group-api-v1, fabric-key-binding-api-v1, fabric-language-kotlin, fabric-lifecycle-events-v1, fabric-loot-api-v2, fabric-loot-api-v3, fabric-message-api-v1, fabric-model-loading-api-v1, fabric-networking-api-v1, fabric-object-builder-api-v1, fabric-particles-v1, fabric-recipe-api-v1, fabric-registry-sync-v0, fabric-renderer-api-v1, fabric-renderer-indigo, fabric-rendering-fluids-v1, fabric-rendering-v1, fabric-resource-conditions-api-v1, fabric-resource-loader-v0]
[12:26:29] [Render thread/DEBUG] (net.fabricmc.fabric.impl.resource.loader.ModResourcePackUtil) [Fabric] cur @ fabric, auto-enabled fabric-resource-loader-v1, currently enabled: [vanilla, fabric, badoptimizations, betterf3, cloth-config, cubes-without-borders, devauth, entityculling, fabric-api, fabric-api-base, fabric-api-lookup-api-v1, fabric-biome-api-v1, fabric-block-api-v1, fabric-block-view-api-v2, fabric-client-gametest-api-v1, fabric-command-api-v2, fabric-content-registries-v0, fabric-convention-tags-v1, fabric-convention-tags-v2, fabric-crash-report-info-v1, fabric-data-attachment-api-v1, fabric-data-generation-api-v1, fabric-dimensions-v1, fabric-entity-events-v1, fabric-events-interaction-v0, fabric-game-rule-api-v1, fabric-gametest-api-v1, fabric-item-api-v1, fabric-item-group-api-v1, fabric-key-binding-api-v1, fabric-language-kotlin, fabric-lifecycle-events-v1, fabric-loot-api-v2, fabric-loot-api-v3, fabric-message-api-v1, fabric-model-loading-api-v1, fabric-networking-api-v1, fabric-object-builder-api-v1, fabric-particles-v1, fabric-recipe-api-v1, fabric-registry-sync-v0, fabric-renderer-api-v1, fabric-renderer-indigo, fabric-rendering-fluids-v1, fabric-rendering-v1, fabric-resource-conditions-api-v1, fabric-resource-loader-v0, fabric-resource-loader-v1]
[12:26:29] [Render thread/DEBUG] (net.fabricmc.fabric.impl.resource.loader.ModResourcePackUtil) [Fabric] cur @ fabric, auto-enabled fabric-screen-api-v1, currently enabled: [vanilla, fabric, badoptimizations, betterf3, cloth-config, cubes-without-borders, devauth, entityculling, fabric-api, fabric-api-base, fabric-api-lookup-api-v1, fabric-biome-api-v1, fabric-block-api-v1, fabric-block-view-api-v2, fabric-client-gametest-api-v1, fabric-command-api-v2, fabric-content-registries-v0, fabric-convention-tags-v1, fabric-convention-tags-v2, fabric-crash-report-info-v1, fabric-data-attachment-api-v1, fabric-data-generation-api-v1, fabric-dimensions-v1, fabric-entity-events-v1, fabric-events-interaction-v0, fabric-game-rule-api-v1, fabric-gametest-api-v1, fabric-item-api-v1, fabric-item-group-api-v1, fabric-key-binding-api-v1, fabric-language-kotlin, fabric-lifecycle-events-v1, fabric-loot-api-v2, fabric-loot-api-v3, fabric-message-api-v1, fabric-model-loading-api-v1, fabric-networking-api-v1, fabric-object-builder-api-v1, fabric-particles-v1, fabric-recipe-api-v1, fabric-registry-sync-v0, fabric-renderer-api-v1, fabric-renderer-indigo, fabric-rendering-fluids-v1, fabric-rendering-v1, fabric-resource-conditions-api-v1, fabric-resource-loader-v0, fabric-resource-loader-v1, fabric-screen-api-v1]
[12:26:29] [Render thread/DEBUG] (net.fabricmc.fabric.impl.resource.loader.ModResourcePackUtil) [Fabric] cur @ fabric, auto-enabled fabric-screen-handler-api-v1, currently enabled: [vanilla, fabric, badoptimizations, betterf3, cloth-config, cubes-without-borders, devauth, entityculling, fabric-api, fabric-api-base, fabric-api-lookup-api-v1, fabric-biome-api-v1, fabric-block-api-v1, fabric-block-view-api-v2, fabric-client-gametest-api-v1, fabric-command-api-v2, fabric-content-registries-v0, fabric-convention-tags-v1, fabric-convention-tags-v2, fabric-crash-report-info-v1, fabric-data-attachment-api-v1, fabric-data-generation-api-v1, fabric-dimensions-v1, fabric-entity-events-v1, fabric-events-interaction-v0, fabric-game-rule-api-v1, fabric-gametest-api-v1, fabric-item-api-v1, fabric-item-group-api-v1, fabric-key-binding-api-v1, fabric-language-kotlin, fabric-lifecycle-events-v1, fabric-loot-api-v2, fabric-loot-api-v3, fabric-message-api-v1, fabric-model-loading-api-v1, fabric-networking-api-v1, fabric-object-builder-api-v1, fabric-particles-v1, fabric-recipe-api-v1, fabric-registry-sync-v0, fabric-renderer-api-v1, fabric-renderer-indigo, fabric-rendering-fluids-v1, fabric-rendering-v1, fabric-resource-conditions-api-v1, fabric-resource-loader-v0, fabric-resource-loader-v1, fabric-screen-api-v1, fabric-screen-handler-api-v1]
[12:26:29] [Render thread/DEBUG] (net.fabricmc.fabric.impl.resource.loader.ModResourcePackUtil) [Fabric] cur @ fabric, auto-enabled fabric-serialization-api-v1, currently enabled: [vanilla, fabric, badoptimizations, betterf3, cloth-config, cubes-without-borders, devauth, entityculling, fabric-api, fabric-api-base, fabric-api-lookup-api-v1, fabric-biome-api-v1, fabric-block-api-v1, fabric-block-view-api-v2, fabric-client-gametest-api-v1, fabric-command-api-v2, fabric-content-registries-v0, fabric-convention-tags-v1, fabric-convention-tags-v2, fabric-crash-report-info-v1, fabric-data-attachment-api-v1, fabric-data-generation-api-v1, fabric-dimensions-v1, fabric-entity-events-v1, fabric-events-interaction-v0, fabric-game-rule-api-v1, fabric-gametest-api-v1, fabric-item-api-v1, fabric-item-group-api-v1, fabric-key-binding-api-v1, fabric-language-kotlin, fabric-lifecycle-events-v1, fabric-loot-api-v2, fabric-loot-api-v3, fabric-message-api-v1, fabric-model-loading-api-v1, fabric-networking-api-v1, fabric-object-builder-api-v1, fabric-particles-v1, fabric-recipe-api-v1, fabric-registry-sync-v0, fabric-renderer-api-v1, fabric-renderer-indigo, fabric-rendering-fluids-v1, fabric-rendering-v1, fabric-resource-conditions-api-v1, fabric-resource-loader-v0, fabric-resource-loader-v1, fabric-screen-api-v1, fabric-screen-handler-api-v1, fabric-serialization-api-v1]
[12:26:29] [Render thread/DEBUG] (net.fabricmc.fabric.impl.resource.loader.ModResourcePackUtil) [Fabric] cur @ fabric, auto-enabled fabric-sound-api-v1, currently enabled: [vanilla, fabric, badoptimizations, betterf3, cloth-config, cubes-without-borders, devauth, entityculling, fabric-api, fabric-api-base, fabric-api-lookup-api-v1, fabric-biome-api-v1, fabric-block-api-v1, fabric-block-view-api-v2, fabric-client-gametest-api-v1, fabric-command-api-v2, fabric-content-registries-v0, fabric-convention-tags-v1, fabric-convention-tags-v2, fabric-crash-report-info-v1, fabric-data-attachment-api-v1, fabric-data-generation-api-v1, fabric-dimensions-v1, fabric-entity-events-v1, fabric-events-interaction-v0, fabric-game-rule-api-v1, fabric-gametest-api-v1, fabric-item-api-v1, fabric-item-group-api-v1, fabric-key-binding-api-v1, fabric-language-kotlin, fabric-lifecycle-events-v1, fabric-loot-api-v2, fabric-loot-api-v3, fabric-message-api-v1, fabric-model-loading-api-v1, fabric-networking-api-v1, fabric-object-builder-api-v1, fabric-particles-v1, fabric-recipe-api-v1, fabric-registry-sync-v0, fabric-renderer-api-v1, fabric-renderer-indigo, fabric-rendering-fluids-v1, fabric-rendering-v1, fabric-resource-conditions-api-v1, fabric-resource-loader-v0, fabric-resource-loader-v1, fabric-screen-api-v1, fabric-screen-handler-api-v1, fabric-serialization-api-v1, fabric-sound-api-v1]
[12:26:29] [Render thread/DEBUG] (net.fabricmc.fabric.impl.resource.loader.ModResourcePackUtil) [Fabric] cur @ fabric, auto-enabled fabric-tag-api-v1, currently enabled: [vanilla, fabric, badoptimizations, betterf3, cloth-config, cubes-without-borders, devauth, entityculling, fabric-api, fabric-api-base, fabric-api-lookup-api-v1, fabric-biome-api-v1, fabric-block-api-v1, fabric-block-view-api-v2, fabric-client-gametest-api-v1, fabric-command-api-v2, fabric-content-registries-v0, fabric-convention-tags-v1, fabric-convention-tags-v2, fabric-crash-report-info-v1, fabric-data-attachment-api-v1, fabric-data-generation-api-v1, fabric-dimensions-v1, fabric-entity-events-v1, fabric-events-interaction-v0, fabric-game-rule-api-v1, fabric-gametest-api-v1, fabric-item-api-v1, fabric-item-group-api-v1, fabric-key-binding-api-v1, fabric-language-kotlin, fabric-lifecycle-events-v1, fabric-loot-api-v2, fabric-loot-api-v3, fabric-message-api-v1, fabric-model-loading-api-v1, fabric-networking-api-v1, fabric-object-builder-api-v1, fabric-particles-v1, fabric-recipe-api-v1, fabric-registry-sync-v0, fabric-renderer-api-v1, fabric-renderer-indigo, fabric-rendering-fluids-v1, fabric-rendering-v1, fabric-resource-conditions-api-v1, fabric-resource-loader-v0, fabric-resource-loader-v1, fabric-screen-api-v1, fabric-screen-handler-api-v1, fabric-serialization-api-v1, fabric-sound-api-v1, fabric-tag-api-v1]
[12:26:29] [Render thread/DEBUG] (net.fabricmc.fabric.impl.resource.loader.ModResourcePackUtil) [Fabric] cur @ fabric, auto-enabled fabric-transfer-api-v1, currently enabled: [vanilla, fabric, badoptimizations, betterf3, cloth-config, cubes-without-borders, devauth, entityculling, fabric-api, fabric-api-base, fabric-api-lookup-api-v1, fabric-biome-api-v1, fabric-block-api-v1, fabric-block-view-api-v2, fabric-client-gametest-api-v1, fabric-command-api-v2, fabric-content-registries-v0, fabric-convention-tags-v1, fabric-convention-tags-v2, fabric-crash-report-info-v1, fabric-data-attachment-api-v1, fabric-data-generation-api-v1, fabric-dimensions-v1, fabric-entity-events-v1, fabric-events-interaction-v0, fabric-game-rule-api-v1, fabric-gametest-api-v1, fabric-item-api-v1, fabric-item-group-api-v1, fabric-key-binding-api-v1, fabric-language-kotlin, fabric-lifecycle-events-v1, fabric-loot-api-v2, fabric-loot-api-v3, fabric-message-api-v1, fabric-model-loading-api-v1, fabric-networking-api-v1, fabric-object-builder-api-v1, fabric-particles-v1, fabric-recipe-api-v1, fabric-registry-sync-v0, fabric-renderer-api-v1, fabric-renderer-indigo, fabric-rendering-fluids-v1, fabric-rendering-v1, fabric-resource-conditions-api-v1, fabric-resource-loader-v0, fabric-resource-loader-v1, fabric-screen-api-v1, fabric-screen-handler-api-v1, fabric-serialization-api-v1, fabric-sound-api-v1, fabric-tag-api-v1, fabric-transfer-api-v1]
[12:26:29] [Render thread/DEBUG] (net.fabricmc.fabric.impl.resource.loader.ModResourcePackUtil) [Fabric] cur @ fabric, auto-enabled fabric-transitive-access-wideners-v1, currently enabled: [vanilla, fabric, badoptimizations, betterf3, cloth-config, cubes-without-borders, devauth, entityculling, fabric-api, fabric-api-base, fabric-api-lookup-api-v1, fabric-biome-api-v1, fabric-block-api-v1, fabric-block-view-api-v2, fabric-client-gametest-api-v1, fabric-command-api-v2, fabric-content-registries-v0, fabric-convention-tags-v1, fabric-convention-tags-v2, fabric-crash-report-info-v1, fabric-data-attachment-api-v1, fabric-data-generation-api-v1, fabric-dimensions-v1, fabric-entity-events-v1, fabric-events-interaction-v0, fabric-game-rule-api-v1, fabric-gametest-api-v1, fabric-item-api-v1, fabric-item-group-api-v1, fabric-key-binding-api-v1, fabric-language-kotlin, fabric-lifecycle-events-v1, fabric-loot-api-v2, fabric-loot-api-v3, fabric-message-api-v1, fabric-model-loading-api-v1, fabric-networking-api-v1, fabric-object-builder-api-v1, fabric-particles-v1, fabric-recipe-api-v1, fabric-registry-sync-v0, fabric-renderer-api-v1, fabric-renderer-indigo, fabric-rendering-fluids-v1, fabric-rendering-v1, fabric-resource-conditions-api-v1, fabric-resource-loader-v0, fabric-resource-loader-v1, fabric-screen-api-v1, fabric-screen-handler-api-v1, fabric-serialization-api-v1, fabric-sound-api-v1, fabric-tag-api-v1, fabric-transfer-api-v1, fabric-transitive-access-wideners-v1]
[12:26:29] [Render thread/DEBUG] (net.fabricmc.fabric.impl.resource.loader.ModResourcePackUtil) [Fabric] cur @ fabric, auto-enabled fabricloader, currently enabled: [vanilla, fabric, badoptimizations, betterf3, cloth-config, cubes-without-borders, devauth, entityculling, fabric-api, fabric-api-base, fabric-api-lookup-api-v1, fabric-biome-api-v1, fabric-block-api-v1, fabric-block-view-api-v2, fabric-client-gametest-api-v1, fabric-command-api-v2, fabric-content-registries-v0, fabric-convention-tags-v1, fabric-convention-tags-v2, fabric-crash-report-info-v1, fabric-data-attachment-api-v1, fabric-data-generation-api-v1, fabric-dimensions-v1, fabric-entity-events-v1, fabric-events-interaction-v0, fabric-game-rule-api-v1, fabric-gametest-api-v1, fabric-item-api-v1, fabric-item-group-api-v1, fabric-key-binding-api-v1, fabric-language-kotlin, fabric-lifecycle-events-v1, fabric-loot-api-v2, fabric-loot-api-v3, fabric-message-api-v1, fabric-model-loading-api-v1, fabric-networking-api-v1, fabric-object-builder-api-v1, fabric-particles-v1, fabric-recipe-api-v1, fabric-registry-sync-v0, fabric-renderer-api-v1, fabric-renderer-indigo, fabric-rendering-fluids-v1, fabric-rendering-v1, fabric-resource-conditions-api-v1, fabric-resource-loader-v0, fabric-resource-loader-v1, fabric-screen-api-v1, fabric-screen-handler-api-v1, fabric-serialization-api-v1, fabric-sound-api-v1, fabric-tag-api-v1, fabric-transfer-api-v1, fabric-transitive-access-wideners-v1, fabricloader]
[12:26:29] [Render thread/DEBUG] (net.fabricmc.fabric.impl.resource.loader.ModResourcePackUtil) [Fabric] cur @ fabric, auto-enabled gammautils, currently enabled: [vanilla, fabric, badoptimizations, betterf3, cloth-config, cubes-without-borders, devauth, entityculling, fabric-api, fabric-api-base, fabric-api-lookup-api-v1, fabric-biome-api-v1, fabric-block-api-v1, fabric-block-view-api-v2, fabric-client-gametest-api-v1, fabric-command-api-v2, fabric-content-registries-v0, fabric-convention-tags-v1, fabric-convention-tags-v2, fabric-crash-report-info-v1, fabric-data-attachment-api-v1, fabric-data-generation-api-v1, fabric-dimensions-v1, fabric-entity-events-v1, fabric-events-interaction-v0, fabric-game-rule-api-v1, fabric-gametest-api-v1, fabric-item-api-v1, fabric-item-group-api-v1, fabric-key-binding-api-v1, fabric-language-kotlin, fabric-lifecycle-events-v1, fabric-loot-api-v2, fabric-loot-api-v3, fabric-message-api-v1, fabric-model-loading-api-v1, fabric-networking-api-v1, fabric-object-builder-api-v1, fabric-particles-v1, fabric-recipe-api-v1, fabric-registry-sync-v0, fabric-renderer-api-v1, fabric-renderer-indigo, fabric-rendering-fluids-v1, fabric-rendering-v1, fabric-resource-conditions-api-v1, fabric-resource-loader-v0, fabric-resource-loader-v1, fabric-screen-api-v1, fabric-screen-handler-api-v1, fabric-serialization-api-v1, fabric-sound-api-v1, fabric-tag-api-v1, fabric-transfer-api-v1, fabric-transitive-access-wideners-v1, fabricloader, gammautils]
[12:26:29] [Render thread/DEBUG] (net.fabricmc.fabric.impl.resource.loader.ModResourcePackUtil) [Fabric] cur @ fabric, auto-enabled immediatelyfast, currently enabled: [vanilla, fabric, badoptimizations, betterf3, cloth-config, cubes-without-borders, devauth, entityculling, fabric-api, fabric-api-base, fabric-api-lookup-api-v1, fabric-biome-api-v1, fabric-block-api-v1, fabric-block-view-api-v2, fabric-client-gametest-api-v1, fabric-command-api-v2, fabric-content-registries-v0, fabric-convention-tags-v1, fabric-convention-tags-v2, fabric-crash-report-info-v1, fabric-data-attachment-api-v1, fabric-data-generation-api-v1, fabric-dimensions-v1, fabric-entity-events-v1, fabric-events-interaction-v0, fabric-game-rule-api-v1, fabric-gametest-api-v1, fabric-item-api-v1, fabric-item-group-api-v1, fabric-key-binding-api-v1, fabric-language-kotlin, fabric-lifecycle-events-v1, fabric-loot-api-v2, fabric-loot-api-v3, fabric-message-api-v1, fabric-model-loading-api-v1, fabric-networking-api-v1, fabric-object-builder-api-v1, fabric-particles-v1, fabric-recipe-api-v1, fabric-registry-sync-v0, fabric-renderer-api-v1, fabric-renderer-indigo, fabric-rendering-fluids-v1, fabric-rendering-v1, fabric-resource-conditions-api-v1, fabric-resource-loader-v0, fabric-resource-loader-v1, fabric-screen-api-v1, fabric-screen-handler-api-v1, fabric-serialization-api-v1, fabric-sound-api-v1, fabric-tag-api-v1, fabric-transfer-api-v1, fabric-transitive-access-wideners-v1, fabricloader, gammautils, immediatelyfast]
[12:26:29] [Render thread/DEBUG] (net.fabricmc.fabric.impl.resource.loader.ModResourcePackUtil) [Fabric] cur @ fabric, auto-enabled infernum, currently enabled: [vanilla, fabric, badoptimizations, betterf3, cloth-config, cubes-without-borders, devauth, entityculling, fabric-api, fabric-api-base, fabric-api-lookup-api-v1, fabric-biome-api-v1, fabric-block-api-v1, fabric-block-view-api-v2, fabric-client-gametest-api-v1, fabric-command-api-v2, fabric-content-registries-v0, fabric-convention-tags-v1, fabric-convention-tags-v2, fabric-crash-report-info-v1, fabric-data-attachment-api-v1, fabric-data-generation-api-v1, fabric-dimensions-v1, fabric-entity-events-v1, fabric-events-interaction-v0, fabric-game-rule-api-v1, fabric-gametest-api-v1, fabric-item-api-v1, fabric-item-group-api-v1, fabric-key-binding-api-v1, fabric-language-kotlin, fabric-lifecycle-events-v1, fabric-loot-api-v2, fabric-loot-api-v3, fabric-message-api-v1, fabric-model-loading-api-v1, fabric-networking-api-v1, fabric-object-builder-api-v1, fabric-particles-v1, fabric-recipe-api-v1, fabric-registry-sync-v0, fabric-renderer-api-v1, fabric-renderer-indigo, fabric-rendering-fluids-v1, fabric-rendering-v1, fabric-resource-conditions-api-v1, fabric-resource-loader-v0, fabric-resource-loader-v1, fabric-screen-api-v1, fabric-screen-handler-api-v1, fabric-serialization-api-v1, fabric-sound-api-v1, fabric-tag-api-v1, fabric-transfer-api-v1, fabric-transitive-access-wideners-v1, fabricloader, gammautils, immediatelyfast, infernum]
[12:26:29] [Render thread/DEBUG] (net.fabricmc.fabric.impl.resource.loader.ModResourcePackUtil) [Fabric] cur @ fabric, auto-enabled iris, currently enabled: [vanilla, fabric, badoptimizations, betterf3, cloth-config, cubes-without-borders, devauth, entityculling, fabric-api, fabric-api-base, fabric-api-lookup-api-v1, fabric-biome-api-v1, fabric-block-api-v1, fabric-block-view-api-v2, fabric-client-gametest-api-v1, fabric-command-api-v2, fabric-content-registries-v0, fabric-convention-tags-v1, fabric-convention-tags-v2, fabric-crash-report-info-v1, fabric-data-attachment-api-v1, fabric-data-generation-api-v1, fabric-dimensions-v1, fabric-entity-events-v1, fabric-events-interaction-v0, fabric-game-rule-api-v1, fabric-gametest-api-v1, fabric-item-api-v1, fabric-item-group-api-v1, fabric-key-binding-api-v1, fabric-language-kotlin, fabric-lifecycle-events-v1, fabric-loot-api-v2, fabric-loot-api-v3, fabric-message-api-v1, fabric-model-loading-api-v1, fabric-networking-api-v1, fabric-object-builder-api-v1, fabric-particles-v1, fabric-recipe-api-v1, fabric-registry-sync-v0, fabric-renderer-api-v1, fabric-renderer-indigo, fabric-rendering-fluids-v1, fabric-rendering-v1, fabric-resource-conditions-api-v1, fabric-resource-loader-v0, fabric-resource-loader-v1, fabric-screen-api-v1, fabric-screen-handler-api-v1, fabric-serialization-api-v1, fabric-sound-api-v1, fabric-tag-api-v1, fabric-transfer-api-v1, fabric-transitive-access-wideners-v1, fabricloader, gammautils, immediatelyfast, infernum, iris]
[12:26:29] [Render thread/DEBUG] (net.fabricmc.fabric.impl.resource.loader.ModResourcePackUtil) [Fabric] cur @ fabric, auto-enabled modmenu, currently enabled: [vanilla, fabric, badoptimizations, betterf3, cloth-config, cubes-without-borders, devauth, entityculling, fabric-api, fabric-api-base, fabric-api-lookup-api-v1, fabric-biome-api-v1, fabric-block-api-v1, fabric-block-view-api-v2, fabric-client-gametest-api-v1, fabric-command-api-v2, fabric-content-registries-v0, fabric-convention-tags-v1, fabric-convention-tags-v2, fabric-crash-report-info-v1, fabric-data-attachment-api-v1, fabric-data-generation-api-v1, fabric-dimensions-v1, fabric-entity-events-v1, fabric-events-interaction-v0, fabric-game-rule-api-v1, fabric-gametest-api-v1, fabric-item-api-v1, fabric-item-group-api-v1, fabric-key-binding-api-v1, fabric-language-kotlin, fabric-lifecycle-events-v1, fabric-loot-api-v2, fabric-loot-api-v3, fabric-message-api-v1, fabric-model-loading-api-v1, fabric-networking-api-v1, fabric-object-builder-api-v1, fabric-particles-v1, fabric-recipe-api-v1, fabric-registry-sync-v0, fabric-renderer-api-v1, fabric-renderer-indigo, fabric-rendering-fluids-v1, fabric-rendering-v1, fabric-resource-conditions-api-v1, fabric-resource-loader-v0, fabric-resource-loader-v1, fabric-screen-api-v1, fabric-screen-handler-api-v1, fabric-serialization-api-v1, fabric-sound-api-v1, fabric-tag-api-v1, fabric-transfer-api-v1, fabric-transitive-access-wideners-v1, fabricloader, gammautils, immediatelyfast, infernum, iris, modmenu]
[12:26:29] [Render thread/DEBUG] (net.fabricmc.fabric.impl.resource.loader.ModResourcePackUtil) [Fabric] cur @ fabric, auto-enabled sodium, currently enabled: [vanilla, fabric, badoptimizations, betterf3, cloth-config, cubes-without-borders, devauth, entityculling, fabric-api, fabric-api-base, fabric-api-lookup-api-v1, fabric-biome-api-v1, fabric-block-api-v1, fabric-block-view-api-v2, fabric-client-gametest-api-v1, fabric-command-api-v2, fabric-content-registries-v0, fabric-convention-tags-v1, fabric-convention-tags-v2, fabric-crash-report-info-v1, fabric-data-attachment-api-v1, fabric-data-generation-api-v1, fabric-dimensions-v1, fabric-entity-events-v1, fabric-events-interaction-v0, fabric-game-rule-api-v1, fabric-gametest-api-v1, fabric-item-api-v1, fabric-item-group-api-v1, fabric-key-binding-api-v1, fabric-language-kotlin, fabric-lifecycle-events-v1, fabric-loot-api-v2, fabric-loot-api-v3, fabric-message-api-v1, fabric-model-loading-api-v1, fabric-networking-api-v1, fabric-object-builder-api-v1, fabric-particles-v1, fabric-recipe-api-v1, fabric-registry-sync-v0, fabric-renderer-api-v1, fabric-renderer-indigo, fabric-rendering-fluids-v1, fabric-rendering-v1, fabric-resource-conditions-api-v1, fabric-resource-loader-v0, fabric-resource-loader-v1, fabric-screen-api-v1, fabric-screen-handler-api-v1, fabric-serialization-api-v1, fabric-sound-api-v1, fabric-tag-api-v1, fabric-transfer-api-v1, fabric-transitive-access-wideners-v1, fabricloader, gammautils, immediatelyfast, infernum, iris, modmenu, sodium]
[12:26:29] [Render thread/DEBUG] (net.fabricmc.fabric.impl.resource.loader.ModResourcePackUtil) [Fabric] cur @ fabric, auto-enabled trender, currently enabled: [vanilla, fabric, badoptimizations, betterf3, cloth-config, cubes-without-borders, devauth, entityculling, fabric-api, fabric-api-base, fabric-api-lookup-api-v1, fabric-biome-api-v1, fabric-block-api-v1, fabric-block-view-api-v2, fabric-client-gametest-api-v1, fabric-command-api-v2, fabric-content-registries-v0, fabric-convention-tags-v1, fabric-convention-tags-v2, fabric-crash-report-info-v1, fabric-data-attachment-api-v1, fabric-data-generation-api-v1, fabric-dimensions-v1, fabric-entity-events-v1, fabric-events-interaction-v0, fabric-game-rule-api-v1, fabric-gametest-api-v1, fabric-item-api-v1, fabric-item-group-api-v1, fabric-key-binding-api-v1, fabric-language-kotlin, fabric-lifecycle-events-v1, fabric-loot-api-v2, fabric-loot-api-v3, fabric-message-api-v1, fabric-model-loading-api-v1, fabric-networking-api-v1, fabric-object-builder-api-v1, fabric-particles-v1, fabric-recipe-api-v1, fabric-registry-sync-v0, fabric-renderer-api-v1, fabric-renderer-indigo, fabric-rendering-fluids-v1, fabric-rendering-v1, fabric-resource-conditions-api-v1, fabric-resource-loader-v0, fabric-resource-loader-v1, fabric-screen-api-v1, fabric-screen-handler-api-v1, fabric-serialization-api-v1, fabric-sound-api-v1, fabric-tag-api-v1, fabric-transfer-api-v1, fabric-transitive-access-wideners-v1, fabricloader, gammautils, immediatelyfast, infernum, iris, modmenu, sodium, trender]
[12:26:29] [Render thread/DEBUG] (net.fabricmc.fabric.impl.resource.loader.ModResourcePackUtil) [Fabric] Final sorting result: [vanilla, fabric, badoptimizations, betterf3, cloth-config, cubes-without-borders, devauth, entityculling, fabric-api, fabric-api-base, fabric-api-lookup-api-v1, fabric-biome-api-v1, fabric-block-api-v1, fabric-block-view-api-v2, fabric-client-gametest-api-v1, fabric-command-api-v2, fabric-content-registries-v0, fabric-convention-tags-v1, fabric-convention-tags-v2, fabric-crash-report-info-v1, fabric-data-attachment-api-v1, fabric-data-generation-api-v1, fabric-dimensions-v1, fabric-entity-events-v1, fabric-events-interaction-v0, fabric-game-rule-api-v1, fabric-gametest-api-v1, fabric-item-api-v1, fabric-item-group-api-v1, fabric-key-binding-api-v1, fabric-language-kotlin, fabric-lifecycle-events-v1, fabric-loot-api-v2, fabric-loot-api-v3, fabric-message-api-v1, fabric-model-loading-api-v1, fabric-networking-api-v1, fabric-object-builder-api-v1, fabric-particles-v1, fabric-recipe-api-v1, fabric-registry-sync-v0, fabric-renderer-api-v1, fabric-renderer-indigo, fabric-rendering-fluids-v1, fabric-rendering-v1, fabric-resource-conditions-api-v1, fabric-resource-loader-v0, fabric-resource-loader-v1, fabric-screen-api-v1, fabric-screen-handler-api-v1, fabric-serialization-api-v1, fabric-sound-api-v1, fabric-tag-api-v1, fabric-transfer-api-v1, fabric-transitive-access-wideners-v1, fabricloader, gammautils, immediatelyfast, infernum, iris, modmenu, sodium, trender]
[12:26:29] [Render thread/DEBUG] (net.fabricmc.fabric.impl.resource.loader.ModResourcePackUtil) [Fabric] Starting internal pack sorting with: [vanilla, fabric, file/!      §fp§9rism §8[§f16§9x§8] [1.21].zip, badoptimizations, betterf3, cloth-config, cubes-without-borders, devauth, entityculling, fabric-api, fabric-api-base, fabric-api-lookup-api-v1, fabric-biome-api-v1, fabric-block-api-v1, fabric-block-view-api-v2, fabric-client-gametest-api-v1, fabric-command-api-v2, fabric-content-registries-v0, fabric-convention-tags-v1, fabric-convention-tags-v2, fabric-crash-report-info-v1, fabric-data-attachment-api-v1, fabric-data-generation-api-v1, fabric-dimensions-v1, fabric-entity-events-v1, fabric-events-interaction-v0, fabric-game-rule-api-v1, fabric-gametest-api-v1, fabric-item-api-v1, fabric-item-group-api-v1, fabric-item-group-api-v1_programmer_art, fabric-key-binding-api-v1, fabric-language-kotlin, fabric-lifecycle-events-v1, fabric-loot-api-v2, fabric-loot-api-v3, fabric-message-api-v1, fabric-model-loading-api-v1, fabric-networking-api-v1, fabric-object-builder-api-v1, fabric-particles-v1, fabric-recipe-api-v1, fabric-registry-sync-v0, fabric-renderer-api-v1, fabric-renderer-indigo, fabric-rendering-fluids-v1, fabric-rendering-v1, fabric-resource-conditions-api-v1, fabric-resource-loader-v0, fabric-resource-loader-v1, fabric-screen-api-v1, fabric-screen-handler-api-v1, fabric-serialization-api-v1, fabric-sound-api-v1, fabric-tag-api-v1, fabric-transfer-api-v1, fabric-transitive-access-wideners-v1, fabricloader, gammautils, immediatelyfast, infernum, iris, modmenu, modmenu_high_contrast, modmenu_programmer_art, sodium, sodium_programmer_art, trender]
[12:26:29] [Render thread/DEBUG] (net.fabricmc.fabric.impl.resource.loader.ModResourcePackUtil) [Fabric] Removed all internal packs, result: [vanilla, fabric, file/!      §fp§9rism §8[§f16§9x§8] [1.21].zip]
[12:26:29] [Render thread/DEBUG] (net.fabricmc.fabric.impl.resource.loader.ModResourcePackUtil) [Fabric] cur @ fabric, auto-enabled badoptimizations, currently enabled: [vanilla, fabric, badoptimizations]
[12:26:29] [Render thread/DEBUG] (net.fabricmc.fabric.impl.resource.loader.ModResourcePackUtil) [Fabric] cur @ fabric, auto-enabled betterf3, currently enabled: [vanilla, fabric, badoptimizations, betterf3]
[12:26:29] [Render thread/DEBUG] (net.fabricmc.fabric.impl.resource.loader.ModResourcePackUtil) [Fabric] cur @ fabric, auto-enabled cloth-config, currently enabled: [vanilla, fabric, badoptimizations, betterf3, cloth-config]
[12:26:29] [Render thread/DEBUG] (net.fabricmc.fabric.impl.resource.loader.ModResourcePackUtil) [Fabric] cur @ fabric, auto-enabled cubes-without-borders, currently enabled: [vanilla, fabric, badoptimizations, betterf3, cloth-config, cubes-without-borders]
[12:26:29] [Render thread/DEBUG] (net.fabricmc.fabric.impl.resource.loader.ModResourcePackUtil) [Fabric] cur @ fabric, auto-enabled devauth, currently enabled: [vanilla, fabric, badoptimizations, betterf3, cloth-config, cubes-without-borders, devauth]
[12:26:29] [Render thread/DEBUG] (net.fabricmc.fabric.impl.resource.loader.ModResourcePackUtil) [Fabric] cur @ fabric, auto-enabled entityculling, currently enabled: [vanilla, fabric, badoptimizations, betterf3, cloth-config, cubes-without-borders, devauth, entityculling]
[12:26:29] [Render thread/DEBUG] (net.fabricmc.fabric.impl.resource.loader.ModResourcePackUtil) [Fabric] cur @ fabric, auto-enabled fabric-api, currently enabled: [vanilla, fabric, badoptimizations, betterf3, cloth-config, cubes-without-borders, devauth, entityculling, fabric-api]
[12:26:29] [Render thread/DEBUG] (net.fabricmc.fabric.impl.resource.loader.ModResourcePackUtil) [Fabric] cur @ fabric, auto-enabled fabric-api-base, currently enabled: [vanilla, fabric, badoptimizations, betterf3, cloth-config, cubes-without-borders, devauth, entityculling, fabric-api, fabric-api-base]
[12:26:29] [Render thread/DEBUG] (net.fabricmc.fabric.impl.resource.loader.ModResourcePackUtil) [Fabric] cur @ fabric, auto-enabled fabric-api-lookup-api-v1, currently enabled: [vanilla, fabric, badoptimizations, betterf3, cloth-config, cubes-without-borders, devauth, entityculling, fabric-api, fabric-api-base, fabric-api-lookup-api-v1]
[12:26:29] [Render thread/DEBUG] (net.fabricmc.fabric.impl.resource.loader.ModResourcePackUtil) [Fabric] cur @ fabric, auto-enabled fabric-biome-api-v1, currently enabled: [vanilla, fabric, badoptimizations, betterf3, cloth-config, cubes-without-borders, devauth, entityculling, fabric-api, fabric-api-base, fabric-api-lookup-api-v1, fabric-biome-api-v1]
[12:26:29] [Render thread/DEBUG] (net.fabricmc.fabric.impl.resource.loader.ModResourcePackUtil) [Fabric] cur @ fabric, auto-enabled fabric-block-api-v1, currently enabled: [vanilla, fabric, badoptimizations, betterf3, cloth-config, cubes-without-borders, devauth, entityculling, fabric-api, fabric-api-base, fabric-api-lookup-api-v1, fabric-biome-api-v1, fabric-block-api-v1]
[12:26:29] [Render thread/DEBUG] (net.fabricmc.fabric.impl.resource.loader.ModResourcePackUtil) [Fabric] cur @ fabric, auto-enabled fabric-block-view-api-v2, currently enabled: [vanilla, fabric, badoptimizations, betterf3, cloth-config, cubes-without-borders, devauth, entityculling, fabric-api, fabric-api-base, fabric-api-lookup-api-v1, fabric-biome-api-v1, fabric-block-api-v1, fabric-block-view-api-v2]
[12:26:29] [Render thread/DEBUG] (net.fabricmc.fabric.impl.resource.loader.ModResourcePackUtil) [Fabric] cur @ fabric, auto-enabled fabric-client-gametest-api-v1, currently enabled: [vanilla, fabric, badoptimizations, betterf3, cloth-config, cubes-without-borders, devauth, entityculling, fabric-api, fabric-api-base, fabric-api-lookup-api-v1, fabric-biome-api-v1, fabric-block-api-v1, fabric-block-view-api-v2, fabric-client-gametest-api-v1]
[12:26:29] [Render thread/DEBUG] (net.fabricmc.fabric.impl.resource.loader.ModResourcePackUtil) [Fabric] cur @ fabric, auto-enabled fabric-command-api-v2, currently enabled: [vanilla, fabric, badoptimizations, betterf3, cloth-config, cubes-without-borders, devauth, entityculling, fabric-api, fabric-api-base, fabric-api-lookup-api-v1, fabric-biome-api-v1, fabric-block-api-v1, fabric-block-view-api-v2, fabric-client-gametest-api-v1, fabric-command-api-v2]
[12:26:29] [Render thread/DEBUG] (net.fabricmc.fabric.impl.resource.loader.ModResourcePackUtil) [Fabric] cur @ fabric, auto-enabled fabric-content-registries-v0, currently enabled: [vanilla, fabric, badoptimizations, betterf3, cloth-config, cubes-without-borders, devauth, entityculling, fabric-api, fabric-api-base, fabric-api-lookup-api-v1, fabric-biome-api-v1, fabric-block-api-v1, fabric-block-view-api-v2, fabric-client-gametest-api-v1, fabric-command-api-v2, fabric-content-registries-v0]
[12:26:29] [Render thread/DEBUG] (net.fabricmc.fabric.impl.resource.loader.ModResourcePackUtil) [Fabric] cur @ fabric, auto-enabled fabric-convention-tags-v1, currently enabled: [vanilla, fabric, badoptimizations, betterf3, cloth-config, cubes-without-borders, devauth, entityculling, fabric-api, fabric-api-base, fabric-api-lookup-api-v1, fabric-biome-api-v1, fabric-block-api-v1, fabric-block-view-api-v2, fabric-client-gametest-api-v1, fabric-command-api-v2, fabric-content-registries-v0, fabric-convention-tags-v1]
[12:26:29] [Render thread/DEBUG] (net.fabricmc.fabric.impl.resource.loader.ModResourcePackUtil) [Fabric] cur @ fabric, auto-enabled fabric-convention-tags-v2, currently enabled: [vanilla, fabric, badoptimizations, betterf3, cloth-config, cubes-without-borders, devauth, entityculling, fabric-api, fabric-api-base, fabric-api-lookup-api-v1, fabric-biome-api-v1, fabric-block-api-v1, fabric-block-view-api-v2, fabric-client-gametest-api-v1, fabric-command-api-v2, fabric-content-registries-v0, fabric-convention-tags-v1, fabric-convention-tags-v2]
[12:26:29] [Render thread/DEBUG] (net.fabricmc.fabric.impl.resource.loader.ModResourcePackUtil) [Fabric] cur @ fabric, auto-enabled fabric-crash-report-info-v1, currently enabled: [vanilla, fabric, badoptimizations, betterf3, cloth-config, cubes-without-borders, devauth, entityculling, fabric-api, fabric-api-base, fabric-api-lookup-api-v1, fabric-biome-api-v1, fabric-block-api-v1, fabric-block-view-api-v2, fabric-client-gametest-api-v1, fabric-command-api-v2, fabric-content-registries-v0, fabric-convention-tags-v1, fabric-convention-tags-v2, fabric-crash-report-info-v1]
[12:26:29] [Render thread/DEBUG] (net.fabricmc.fabric.impl.resource.loader.ModResourcePackUtil) [Fabric] cur @ fabric, auto-enabled fabric-data-attachment-api-v1, currently enabled: [vanilla, fabric, badoptimizations, betterf3, cloth-config, cubes-without-borders, devauth, entityculling, fabric-api, fabric-api-base, fabric-api-lookup-api-v1, fabric-biome-api-v1, fabric-block-api-v1, fabric-block-view-api-v2, fabric-client-gametest-api-v1, fabric-command-api-v2, fabric-content-registries-v0, fabric-convention-tags-v1, fabric-convention-tags-v2, fabric-crash-report-info-v1, fabric-data-attachment-api-v1]
[12:26:29] [Render thread/DEBUG] (net.fabricmc.fabric.impl.resource.loader.ModResourcePackUtil) [Fabric] cur @ fabric, auto-enabled fabric-data-generation-api-v1, currently enabled: [vanilla, fabric, badoptimizations, betterf3, cloth-config, cubes-without-borders, devauth, entityculling, fabric-api, fabric-api-base, fabric-api-lookup-api-v1, fabric-biome-api-v1, fabric-block-api-v1, fabric-block-view-api-v2, fabric-client-gametest-api-v1, fabric-command-api-v2, fabric-content-registries-v0, fabric-convention-tags-v1, fabric-convention-tags-v2, fabric-crash-report-info-v1, fabric-data-attachment-api-v1, fabric-data-generation-api-v1]
[12:26:29] [Render thread/DEBUG] (net.fabricmc.fabric.impl.resource.loader.ModResourcePackUtil) [Fabric] cur @ fabric, auto-enabled fabric-dimensions-v1, currently enabled: [vanilla, fabric, badoptimizations, betterf3, cloth-config, cubes-without-borders, devauth, entityculling, fabric-api, fabric-api-base, fabric-api-lookup-api-v1, fabric-biome-api-v1, fabric-block-api-v1, fabric-block-view-api-v2, fabric-client-gametest-api-v1, fabric-command-api-v2, fabric-content-registries-v0, fabric-convention-tags-v1, fabric-convention-tags-v2, fabric-crash-report-info-v1, fabric-data-attachment-api-v1, fabric-data-generation-api-v1, fabric-dimensions-v1]
[12:26:29] [Render thread/DEBUG] (net.fabricmc.fabric.impl.resource.loader.ModResourcePackUtil) [Fabric] cur @ fabric, auto-enabled fabric-entity-events-v1, currently enabled: [vanilla, fabric, badoptimizations, betterf3, cloth-config, cubes-without-borders, devauth, entityculling, fabric-api, fabric-api-base, fabric-api-lookup-api-v1, fabric-biome-api-v1, fabric-block-api-v1, fabric-block-view-api-v2, fabric-client-gametest-api-v1, fabric-command-api-v2, fabric-content-registries-v0, fabric-convention-tags-v1, fabric-convention-tags-v2, fabric-crash-report-info-v1, fabric-data-attachment-api-v1, fabric-data-generation-api-v1, fabric-dimensions-v1, fabric-entity-events-v1]
[12:26:29] [Render thread/DEBUG] (net.fabricmc.fabric.impl.resource.loader.ModResourcePackUtil) [Fabric] cur @ fabric, auto-enabled fabric-events-interaction-v0, currently enabled: [vanilla, fabric, badoptimizations, betterf3, cloth-config, cubes-without-borders, devauth, entityculling, fabric-api, fabric-api-base, fabric-api-lookup-api-v1, fabric-biome-api-v1, fabric-block-api-v1, fabric-block-view-api-v2, fabric-client-gametest-api-v1, fabric-command-api-v2, fabric-content-registries-v0, fabric-convention-tags-v1, fabric-convention-tags-v2, fabric-crash-report-info-v1, fabric-data-attachment-api-v1, fabric-data-generation-api-v1, fabric-dimensions-v1, fabric-entity-events-v1, fabric-events-interaction-v0]
[12:26:29] [Render thread/DEBUG] (net.fabricmc.fabric.impl.resource.loader.ModResourcePackUtil) [Fabric] cur @ fabric, auto-enabled fabric-game-rule-api-v1, currently enabled: [vanilla, fabric, badoptimizations, betterf3, cloth-config, cubes-without-borders, devauth, entityculling, fabric-api, fabric-api-base, fabric-api-lookup-api-v1, fabric-biome-api-v1, fabric-block-api-v1, fabric-block-view-api-v2, fabric-client-gametest-api-v1, fabric-command-api-v2, fabric-content-registries-v0, fabric-convention-tags-v1, fabric-convention-tags-v2, fabric-crash-report-info-v1, fabric-data-attachment-api-v1, fabric-data-generation-api-v1, fabric-dimensions-v1, fabric-entity-events-v1, fabric-events-interaction-v0, fabric-game-rule-api-v1]
[12:26:29] [Render thread/DEBUG] (net.fabricmc.fabric.impl.resource.loader.ModResourcePackUtil) [Fabric] cur @ fabric, auto-enabled fabric-gametest-api-v1, currently enabled: [vanilla, fabric, badoptimizations, betterf3, cloth-config, cubes-without-borders, devauth, entityculling, fabric-api, fabric-api-base, fabric-api-lookup-api-v1, fabric-biome-api-v1, fabric-block-api-v1, fabric-block-view-api-v2, fabric-client-gametest-api-v1, fabric-command-api-v2, fabric-content-registries-v0, fabric-convention-tags-v1, fabric-convention-tags-v2, fabric-crash-report-info-v1, fabric-data-attachment-api-v1, fabric-data-generation-api-v1, fabric-dimensions-v1, fabric-entity-events-v1, fabric-events-interaction-v0, fabric-game-rule-api-v1, fabric-gametest-api-v1]
[12:26:29] [Render thread/DEBUG] (net.fabricmc.fabric.impl.resource.loader.ModResourcePackUtil) [Fabric] cur @ fabric, auto-enabled fabric-item-api-v1, currently enabled: [vanilla, fabric, badoptimizations, betterf3, cloth-config, cubes-without-borders, devauth, entityculling, fabric-api, fabric-api-base, fabric-api-lookup-api-v1, fabric-biome-api-v1, fabric-block-api-v1, fabric-block-view-api-v2, fabric-client-gametest-api-v1, fabric-command-api-v2, fabric-content-registries-v0, fabric-convention-tags-v1, fabric-convention-tags-v2, fabric-crash-report-info-v1, fabric-data-attachment-api-v1, fabric-data-generation-api-v1, fabric-dimensions-v1, fabric-entity-events-v1, fabric-events-interaction-v0, fabric-game-rule-api-v1, fabric-gametest-api-v1, fabric-item-api-v1]
[12:26:29] [Render thread/DEBUG] (net.fabricmc.fabric.impl.resource.loader.ModResourcePackUtil) [Fabric] cur @ fabric, auto-enabled fabric-item-group-api-v1, currently enabled: [vanilla, fabric, badoptimizations, betterf3, cloth-config, cubes-without-borders, devauth, entityculling, fabric-api, fabric-api-base, fabric-api-lookup-api-v1, fabric-biome-api-v1, fabric-block-api-v1, fabric-block-view-api-v2, fabric-client-gametest-api-v1, fabric-command-api-v2, fabric-content-registries-v0, fabric-convention-tags-v1, fabric-convention-tags-v2, fabric-crash-report-info-v1, fabric-data-attachment-api-v1, fabric-data-generation-api-v1, fabric-dimensions-v1, fabric-entity-events-v1, fabric-events-interaction-v0, fabric-game-rule-api-v1, fabric-gametest-api-v1, fabric-item-api-v1, fabric-item-group-api-v1]
[12:26:29] [Render thread/DEBUG] (net.fabricmc.fabric.impl.resource.loader.ModResourcePackUtil) [Fabric] cur @ fabric, auto-enabled fabric-key-binding-api-v1, currently enabled: [vanilla, fabric, badoptimizations, betterf3, cloth-config, cubes-without-borders, devauth, entityculling, fabric-api, fabric-api-base, fabric-api-lookup-api-v1, fabric-biome-api-v1, fabric-block-api-v1, fabric-block-view-api-v2, fabric-client-gametest-api-v1, fabric-command-api-v2, fabric-content-registries-v0, fabric-convention-tags-v1, fabric-convention-tags-v2, fabric-crash-report-info-v1, fabric-data-attachment-api-v1, fabric-data-generation-api-v1, fabric-dimensions-v1, fabric-entity-events-v1, fabric-events-interaction-v0, fabric-game-rule-api-v1, fabric-gametest-api-v1, fabric-item-api-v1, fabric-item-group-api-v1, fabric-key-binding-api-v1]
[12:26:29] [Render thread/DEBUG] (net.fabricmc.fabric.impl.resource.loader.ModResourcePackUtil) [Fabric] cur @ fabric, auto-enabled fabric-language-kotlin, currently enabled: [vanilla, fabric, badoptimizations, betterf3, cloth-config, cubes-without-borders, devauth, entityculling, fabric-api, fabric-api-base, fabric-api-lookup-api-v1, fabric-biome-api-v1, fabric-block-api-v1, fabric-block-view-api-v2, fabric-client-gametest-api-v1, fabric-command-api-v2, fabric-content-registries-v0, fabric-convention-tags-v1, fabric-convention-tags-v2, fabric-crash-report-info-v1, fabric-data-attachment-api-v1, fabric-data-generation-api-v1, fabric-dimensions-v1, fabric-entity-events-v1, fabric-events-interaction-v0, fabric-game-rule-api-v1, fabric-gametest-api-v1, fabric-item-api-v1, fabric-item-group-api-v1, fabric-key-binding-api-v1, fabric-language-kotlin]
[12:26:29] [Render thread/DEBUG] (net.fabricmc.fabric.impl.resource.loader.ModResourcePackUtil) [Fabric] cur @ fabric, auto-enabled fabric-lifecycle-events-v1, currently enabled: [vanilla, fabric, badoptimizations, betterf3, cloth-config, cubes-without-borders, devauth, entityculling, fabric-api, fabric-api-base, fabric-api-lookup-api-v1, fabric-biome-api-v1, fabric-block-api-v1, fabric-block-view-api-v2, fabric-client-gametest-api-v1, fabric-command-api-v2, fabric-content-registries-v0, fabric-convention-tags-v1, fabric-convention-tags-v2, fabric-crash-report-info-v1, fabric-data-attachment-api-v1, fabric-data-generation-api-v1, fabric-dimensions-v1, fabric-entity-events-v1, fabric-events-interaction-v0, fabric-game-rule-api-v1, fabric-gametest-api-v1, fabric-item-api-v1, fabric-item-group-api-v1, fabric-key-binding-api-v1, fabric-language-kotlin, fabric-lifecycle-events-v1]
[12:26:29] [Render thread/DEBUG] (net.fabricmc.fabric.impl.resource.loader.ModResourcePackUtil) [Fabric] cur @ fabric, auto-enabled fabric-loot-api-v2, currently enabled: [vanilla, fabric, badoptimizations, betterf3, cloth-config, cubes-without-borders, devauth, entityculling, fabric-api, fabric-api-base, fabric-api-lookup-api-v1, fabric-biome-api-v1, fabric-block-api-v1, fabric-block-view-api-v2, fabric-client-gametest-api-v1, fabric-command-api-v2, fabric-content-registries-v0, fabric-convention-tags-v1, fabric-convention-tags-v2, fabric-crash-report-info-v1, fabric-data-attachment-api-v1, fabric-data-generation-api-v1, fabric-dimensions-v1, fabric-entity-events-v1, fabric-events-interaction-v0, fabric-game-rule-api-v1, fabric-gametest-api-v1, fabric-item-api-v1, fabric-item-group-api-v1, fabric-key-binding-api-v1, fabric-language-kotlin, fabric-lifecycle-events-v1, fabric-loot-api-v2]
[12:26:29] [Render thread/DEBUG] (net.fabricmc.fabric.impl.resource.loader.ModResourcePackUtil) [Fabric] cur @ fabric, auto-enabled fabric-loot-api-v3, currently enabled: [vanilla, fabric, badoptimizations, betterf3, cloth-config, cubes-without-borders, devauth, entityculling, fabric-api, fabric-api-base, fabric-api-lookup-api-v1, fabric-biome-api-v1, fabric-block-api-v1, fabric-block-view-api-v2, fabric-client-gametest-api-v1, fabric-command-api-v2, fabric-content-registries-v0, fabric-convention-tags-v1, fabric-convention-tags-v2, fabric-crash-report-info-v1, fabric-data-attachment-api-v1, fabric-data-generation-api-v1, fabric-dimensions-v1, fabric-entity-events-v1, fabric-events-interaction-v0, fabric-game-rule-api-v1, fabric-gametest-api-v1, fabric-item-api-v1, fabric-item-group-api-v1, fabric-key-binding-api-v1, fabric-language-kotlin, fabric-lifecycle-events-v1, fabric-loot-api-v2, fabric-loot-api-v3]
[12:26:29] [Render thread/DEBUG] (net.fabricmc.fabric.impl.resource.loader.ModResourcePackUtil) [Fabric] cur @ fabric, auto-enabled fabric-message-api-v1, currently enabled: [vanilla, fabric, badoptimizations, betterf3, cloth-config, cubes-without-borders, devauth, entityculling, fabric-api, fabric-api-base, fabric-api-lookup-api-v1, fabric-biome-api-v1, fabric-block-api-v1, fabric-block-view-api-v2, fabric-client-gametest-api-v1, fabric-command-api-v2, fabric-content-registries-v0, fabric-convention-tags-v1, fabric-convention-tags-v2, fabric-crash-report-info-v1, fabric-data-attachment-api-v1, fabric-data-generation-api-v1, fabric-dimensions-v1, fabric-entity-events-v1, fabric-events-interaction-v0, fabric-game-rule-api-v1, fabric-gametest-api-v1, fabric-item-api-v1, fabric-item-group-api-v1, fabric-key-binding-api-v1, fabric-language-kotlin, fabric-lifecycle-events-v1, fabric-loot-api-v2, fabric-loot-api-v3, fabric-message-api-v1]
[12:26:29] [Render thread/DEBUG] (net.fabricmc.fabric.impl.resource.loader.ModResourcePackUtil) [Fabric] cur @ fabric, auto-enabled fabric-model-loading-api-v1, currently enabled: [vanilla, fabric, badoptimizations, betterf3, cloth-config, cubes-without-borders, devauth, entityculling, fabric-api, fabric-api-base, fabric-api-lookup-api-v1, fabric-biome-api-v1, fabric-block-api-v1, fabric-block-view-api-v2, fabric-client-gametest-api-v1, fabric-command-api-v2, fabric-content-registries-v0, fabric-convention-tags-v1, fabric-convention-tags-v2, fabric-crash-report-info-v1, fabric-data-attachment-api-v1, fabric-data-generation-api-v1, fabric-dimensions-v1, fabric-entity-events-v1, fabric-events-interaction-v0, fabric-game-rule-api-v1, fabric-gametest-api-v1, fabric-item-api-v1, fabric-item-group-api-v1, fabric-key-binding-api-v1, fabric-language-kotlin, fabric-lifecycle-events-v1, fabric-loot-api-v2, fabric-loot-api-v3, fabric-message-api-v1, fabric-model-loading-api-v1]
[12:26:29] [Render thread/DEBUG] (net.fabricmc.fabric.impl.resource.loader.ModResourcePackUtil) [Fabric] cur @ fabric, auto-enabled fabric-networking-api-v1, currently enabled: [vanilla, fabric, badoptimizations, betterf3, cloth-config, cubes-without-borders, devauth, entityculling, fabric-api, fabric-api-base, fabric-api-lookup-api-v1, fabric-biome-api-v1, fabric-block-api-v1, fabric-block-view-api-v2, fabric-client-gametest-api-v1, fabric-command-api-v2, fabric-content-registries-v0, fabric-convention-tags-v1, fabric-convention-tags-v2, fabric-crash-report-info-v1, fabric-data-attachment-api-v1, fabric-data-generation-api-v1, fabric-dimensions-v1, fabric-entity-events-v1, fabric-events-interaction-v0, fabric-game-rule-api-v1, fabric-gametest-api-v1, fabric-item-api-v1, fabric-item-group-api-v1, fabric-key-binding-api-v1, fabric-language-kotlin, fabric-lifecycle-events-v1, fabric-loot-api-v2, fabric-loot-api-v3, fabric-message-api-v1, fabric-model-loading-api-v1, fabric-networking-api-v1]
[12:26:29] [Render thread/DEBUG] (net.fabricmc.fabric.impl.resource.loader.ModResourcePackUtil) [Fabric] cur @ fabric, auto-enabled fabric-object-builder-api-v1, currently enabled: [vanilla, fabric, badoptimizations, betterf3, cloth-config, cubes-without-borders, devauth, entityculling, fabric-api, fabric-api-base, fabric-api-lookup-api-v1, fabric-biome-api-v1, fabric-block-api-v1, fabric-block-view-api-v2, fabric-client-gametest-api-v1, fabric-command-api-v2, fabric-content-registries-v0, fabric-convention-tags-v1, fabric-convention-tags-v2, fabric-crash-report-info-v1, fabric-data-attachment-api-v1, fabric-data-generation-api-v1, fabric-dimensions-v1, fabric-entity-events-v1, fabric-events-interaction-v0, fabric-game-rule-api-v1, fabric-gametest-api-v1, fabric-item-api-v1, fabric-item-group-api-v1, fabric-key-binding-api-v1, fabric-language-kotlin, fabric-lifecycle-events-v1, fabric-loot-api-v2, fabric-loot-api-v3, fabric-message-api-v1, fabric-model-loading-api-v1, fabric-networking-api-v1, fabric-object-builder-api-v1]
[12:26:29] [Render thread/DEBUG] (net.fabricmc.fabric.impl.resource.loader.ModResourcePackUtil) [Fabric] cur @ fabric, auto-enabled fabric-particles-v1, currently enabled: [vanilla, fabric, badoptimizations, betterf3, cloth-config, cubes-without-borders, devauth, entityculling, fabric-api, fabric-api-base, fabric-api-lookup-api-v1, fabric-biome-api-v1, fabric-block-api-v1, fabric-block-view-api-v2, fabric-client-gametest-api-v1, fabric-command-api-v2, fabric-content-registries-v0, fabric-convention-tags-v1, fabric-convention-tags-v2, fabric-crash-report-info-v1, fabric-data-attachment-api-v1, fabric-data-generation-api-v1, fabric-dimensions-v1, fabric-entity-events-v1, fabric-events-interaction-v0, fabric-game-rule-api-v1, fabric-gametest-api-v1, fabric-item-api-v1, fabric-item-group-api-v1, fabric-key-binding-api-v1, fabric-language-kotlin, fabric-lifecycle-events-v1, fabric-loot-api-v2, fabric-loot-api-v3, fabric-message-api-v1, fabric-model-loading-api-v1, fabric-networking-api-v1, fabric-object-builder-api-v1, fabric-particles-v1]
[12:26:29] [Render thread/DEBUG] (net.fabricmc.fabric.impl.resource.loader.ModResourcePackUtil) [Fabric] cur @ fabric, auto-enabled fabric-recipe-api-v1, currently enabled: [vanilla, fabric, badoptimizations, betterf3, cloth-config, cubes-without-borders, devauth, entityculling, fabric-api, fabric-api-base, fabric-api-lookup-api-v1, fabric-biome-api-v1, fabric-block-api-v1, fabric-block-view-api-v2, fabric-client-gametest-api-v1, fabric-command-api-v2, fabric-content-registries-v0, fabric-convention-tags-v1, fabric-convention-tags-v2, fabric-crash-report-info-v1, fabric-data-attachment-api-v1, fabric-data-generation-api-v1, fabric-dimensions-v1, fabric-entity-events-v1, fabric-events-interaction-v0, fabric-game-rule-api-v1, fabric-gametest-api-v1, fabric-item-api-v1, fabric-item-group-api-v1, fabric-key-binding-api-v1, fabric-language-kotlin, fabric-lifecycle-events-v1, fabric-loot-api-v2, fabric-loot-api-v3, fabric-message-api-v1, fabric-model-loading-api-v1, fabric-networking-api-v1, fabric-object-builder-api-v1, fabric-particles-v1, fabric-recipe-api-v1]
[12:26:29] [Render thread/DEBUG] (net.fabricmc.fabric.impl.resource.loader.ModResourcePackUtil) [Fabric] cur @ fabric, auto-enabled fabric-registry-sync-v0, currently enabled: [vanilla, fabric, badoptimizations, betterf3, cloth-config, cubes-without-borders, devauth, entityculling, fabric-api, fabric-api-base, fabric-api-lookup-api-v1, fabric-biome-api-v1, fabric-block-api-v1, fabric-block-view-api-v2, fabric-client-gametest-api-v1, fabric-command-api-v2, fabric-content-registries-v0, fabric-convention-tags-v1, fabric-convention-tags-v2, fabric-crash-report-info-v1, fabric-data-attachment-api-v1, fabric-data-generation-api-v1, fabric-dimensions-v1, fabric-entity-events-v1, fabric-events-interaction-v0, fabric-game-rule-api-v1, fabric-gametest-api-v1, fabric-item-api-v1, fabric-item-group-api-v1, fabric-key-binding-api-v1, fabric-language-kotlin, fabric-lifecycle-events-v1, fabric-loot-api-v2, fabric-loot-api-v3, fabric-message-api-v1, fabric-model-loading-api-v1, fabric-networking-api-v1, fabric-object-builder-api-v1, fabric-particles-v1, fabric-recipe-api-v1, fabric-registry-sync-v0]
[12:26:29] [Render thread/DEBUG] (net.fabricmc.fabric.impl.resource.loader.ModResourcePackUtil) [Fabric] cur @ fabric, auto-enabled fabric-renderer-api-v1, currently enabled: [vanilla, fabric, badoptimizations, betterf3, cloth-config, cubes-without-borders, devauth, entityculling, fabric-api, fabric-api-base, fabric-api-lookup-api-v1, fabric-biome-api-v1, fabric-block-api-v1, fabric-block-view-api-v2, fabric-client-gametest-api-v1, fabric-command-api-v2, fabric-content-registries-v0, fabric-convention-tags-v1, fabric-convention-tags-v2, fabric-crash-report-info-v1, fabric-data-attachment-api-v1, fabric-data-generation-api-v1, fabric-dimensions-v1, fabric-entity-events-v1, fabric-events-interaction-v0, fabric-game-rule-api-v1, fabric-gametest-api-v1, fabric-item-api-v1, fabric-item-group-api-v1, fabric-key-binding-api-v1, fabric-language-kotlin, fabric-lifecycle-events-v1, fabric-loot-api-v2, fabric-loot-api-v3, fabric-message-api-v1, fabric-model-loading-api-v1, fabric-networking-api-v1, fabric-object-builder-api-v1, fabric-particles-v1, fabric-recipe-api-v1, fabric-registry-sync-v0, fabric-renderer-api-v1]
[12:26:29] [Render thread/DEBUG] (net.fabricmc.fabric.impl.resource.loader.ModResourcePackUtil) [Fabric] cur @ fabric, auto-enabled fabric-renderer-indigo, currently enabled: [vanilla, fabric, badoptimizations, betterf3, cloth-config, cubes-without-borders, devauth, entityculling, fabric-api, fabric-api-base, fabric-api-lookup-api-v1, fabric-biome-api-v1, fabric-block-api-v1, fabric-block-view-api-v2, fabric-client-gametest-api-v1, fabric-command-api-v2, fabric-content-registries-v0, fabric-convention-tags-v1, fabric-convention-tags-v2, fabric-crash-report-info-v1, fabric-data-attachment-api-v1, fabric-data-generation-api-v1, fabric-dimensions-v1, fabric-entity-events-v1, fabric-events-interaction-v0, fabric-game-rule-api-v1, fabric-gametest-api-v1, fabric-item-api-v1, fabric-item-group-api-v1, fabric-key-binding-api-v1, fabric-language-kotlin, fabric-lifecycle-events-v1, fabric-loot-api-v2, fabric-loot-api-v3, fabric-message-api-v1, fabric-model-loading-api-v1, fabric-networking-api-v1, fabric-object-builder-api-v1, fabric-particles-v1, fabric-recipe-api-v1, fabric-registry-sync-v0, fabric-renderer-api-v1, fabric-renderer-indigo]
[12:26:29] [Render thread/DEBUG] (net.fabricmc.fabric.impl.resource.loader.ModResourcePackUtil) [Fabric] cur @ fabric, auto-enabled fabric-rendering-fluids-v1, currently enabled: [vanilla, fabric, badoptimizations, betterf3, cloth-config, cubes-without-borders, devauth, entityculling, fabric-api, fabric-api-base, fabric-api-lookup-api-v1, fabric-biome-api-v1, fabric-block-api-v1, fabric-block-view-api-v2, fabric-client-gametest-api-v1, fabric-command-api-v2, fabric-content-registries-v0, fabric-convention-tags-v1, fabric-convention-tags-v2, fabric-crash-report-info-v1, fabric-data-attachment-api-v1, fabric-data-generation-api-v1, fabric-dimensions-v1, fabric-entity-events-v1, fabric-events-interaction-v0, fabric-game-rule-api-v1, fabric-gametest-api-v1, fabric-item-api-v1, fabric-item-group-api-v1, fabric-key-binding-api-v1, fabric-language-kotlin, fabric-lifecycle-events-v1, fabric-loot-api-v2, fabric-loot-api-v3, fabric-message-api-v1, fabric-model-loading-api-v1, fabric-networking-api-v1, fabric-object-builder-api-v1, fabric-particles-v1, fabric-recipe-api-v1, fabric-registry-sync-v0, fabric-renderer-api-v1, fabric-renderer-indigo, fabric-rendering-fluids-v1]
[12:26:29] [Render thread/DEBUG] (net.fabricmc.fabric.impl.resource.loader.ModResourcePackUtil) [Fabric] cur @ fabric, auto-enabled fabric-rendering-v1, currently enabled: [vanilla, fabric, badoptimizations, betterf3, cloth-config, cubes-without-borders, devauth, entityculling, fabric-api, fabric-api-base, fabric-api-lookup-api-v1, fabric-biome-api-v1, fabric-block-api-v1, fabric-block-view-api-v2, fabric-client-gametest-api-v1, fabric-command-api-v2, fabric-content-registries-v0, fabric-convention-tags-v1, fabric-convention-tags-v2, fabric-crash-report-info-v1, fabric-data-attachment-api-v1, fabric-data-generation-api-v1, fabric-dimensions-v1, fabric-entity-events-v1, fabric-events-interaction-v0, fabric-game-rule-api-v1, fabric-gametest-api-v1, fabric-item-api-v1, fabric-item-group-api-v1, fabric-key-binding-api-v1, fabric-language-kotlin, fabric-lifecycle-events-v1, fabric-loot-api-v2, fabric-loot-api-v3, fabric-message-api-v1, fabric-model-loading-api-v1, fabric-networking-api-v1, fabric-object-builder-api-v1, fabric-particles-v1, fabric-recipe-api-v1, fabric-registry-sync-v0, fabric-renderer-api-v1, fabric-renderer-indigo, fabric-rendering-fluids-v1, fabric-rendering-v1]
[12:26:29] [Render thread/DEBUG] (net.fabricmc.fabric.impl.resource.loader.ModResourcePackUtil) [Fabric] cur @ fabric, auto-enabled fabric-resource-conditions-api-v1, currently enabled: [vanilla, fabric, badoptimizations, betterf3, cloth-config, cubes-without-borders, devauth, entityculling, fabric-api, fabric-api-base, fabric-api-lookup-api-v1, fabric-biome-api-v1, fabric-block-api-v1, fabric-block-view-api-v2, fabric-client-gametest-api-v1, fabric-command-api-v2, fabric-content-registries-v0, fabric-convention-tags-v1, fabric-convention-tags-v2, fabric-crash-report-info-v1, fabric-data-attachment-api-v1, fabric-data-generation-api-v1, fabric-dimensions-v1, fabric-entity-events-v1, fabric-events-interaction-v0, fabric-game-rule-api-v1, fabric-gametest-api-v1, fabric-item-api-v1, fabric-item-group-api-v1, fabric-key-binding-api-v1, fabric-language-kotlin, fabric-lifecycle-events-v1, fabric-loot-api-v2, fabric-loot-api-v3, fabric-message-api-v1, fabric-model-loading-api-v1, fabric-networking-api-v1, fabric-object-builder-api-v1, fabric-particles-v1, fabric-recipe-api-v1, fabric-registry-sync-v0, fabric-renderer-api-v1, fabric-renderer-indigo, fabric-rendering-fluids-v1, fabric-rendering-v1, fabric-resource-conditions-api-v1]
[12:26:29] [Render thread/DEBUG] (net.fabricmc.fabric.impl.resource.loader.ModResourcePackUtil) [Fabric] cur @ fabric, auto-enabled fabric-resource-loader-v0, currently enabled: [vanilla, fabric, badoptimizations, betterf3, cloth-config, cubes-without-borders, devauth, entityculling, fabric-api, fabric-api-base, fabric-api-lookup-api-v1, fabric-biome-api-v1, fabric-block-api-v1, fabric-block-view-api-v2, fabric-client-gametest-api-v1, fabric-command-api-v2, fabric-content-registries-v0, fabric-convention-tags-v1, fabric-convention-tags-v2, fabric-crash-report-info-v1, fabric-data-attachment-api-v1, fabric-data-generation-api-v1, fabric-dimensions-v1, fabric-entity-events-v1, fabric-events-interaction-v0, fabric-game-rule-api-v1, fabric-gametest-api-v1, fabric-item-api-v1, fabric-item-group-api-v1, fabric-key-binding-api-v1, fabric-language-kotlin, fabric-lifecycle-events-v1, fabric-loot-api-v2, fabric-loot-api-v3, fabric-message-api-v1, fabric-model-loading-api-v1, fabric-networking-api-v1, fabric-object-builder-api-v1, fabric-particles-v1, fabric-recipe-api-v1, fabric-registry-sync-v0, fabric-renderer-api-v1, fabric-renderer-indigo, fabric-rendering-fluids-v1, fabric-rendering-v1, fabric-resource-conditions-api-v1, fabric-resource-loader-v0]
[12:26:29] [Render thread/DEBUG] (net.fabricmc.fabric.impl.resource.loader.ModResourcePackUtil) [Fabric] cur @ fabric, auto-enabled fabric-resource-loader-v1, currently enabled: [vanilla, fabric, badoptimizations, betterf3, cloth-config, cubes-without-borders, devauth, entityculling, fabric-api, fabric-api-base, fabric-api-lookup-api-v1, fabric-biome-api-v1, fabric-block-api-v1, fabric-block-view-api-v2, fabric-client-gametest-api-v1, fabric-command-api-v2, fabric-content-registries-v0, fabric-convention-tags-v1, fabric-convention-tags-v2, fabric-crash-report-info-v1, fabric-data-attachment-api-v1, fabric-data-generation-api-v1, fabric-dimensions-v1, fabric-entity-events-v1, fabric-events-interaction-v0, fabric-game-rule-api-v1, fabric-gametest-api-v1, fabric-item-api-v1, fabric-item-group-api-v1, fabric-key-binding-api-v1, fabric-language-kotlin, fabric-lifecycle-events-v1, fabric-loot-api-v2, fabric-loot-api-v3, fabric-message-api-v1, fabric-model-loading-api-v1, fabric-networking-api-v1, fabric-object-builder-api-v1, fabric-particles-v1, fabric-recipe-api-v1, fabric-registry-sync-v0, fabric-renderer-api-v1, fabric-renderer-indigo, fabric-rendering-fluids-v1, fabric-rendering-v1, fabric-resource-conditions-api-v1, fabric-resource-loader-v0, fabric-resource-loader-v1]
[12:26:29] [Render thread/DEBUG] (net.fabricmc.fabric.impl.resource.loader.ModResourcePackUtil) [Fabric] cur @ fabric, auto-enabled fabric-screen-api-v1, currently enabled: [vanilla, fabric, badoptimizations, betterf3, cloth-config, cubes-without-borders, devauth, entityculling, fabric-api, fabric-api-base, fabric-api-lookup-api-v1, fabric-biome-api-v1, fabric-block-api-v1, fabric-block-view-api-v2, fabric-client-gametest-api-v1, fabric-command-api-v2, fabric-content-registries-v0, fabric-convention-tags-v1, fabric-convention-tags-v2, fabric-crash-report-info-v1, fabric-data-attachment-api-v1, fabric-data-generation-api-v1, fabric-dimensions-v1, fabric-entity-events-v1, fabric-events-interaction-v0, fabric-game-rule-api-v1, fabric-gametest-api-v1, fabric-item-api-v1, fabric-item-group-api-v1, fabric-key-binding-api-v1, fabric-language-kotlin, fabric-lifecycle-events-v1, fabric-loot-api-v2, fabric-loot-api-v3, fabric-message-api-v1, fabric-model-loading-api-v1, fabric-networking-api-v1, fabric-object-builder-api-v1, fabric-particles-v1, fabric-recipe-api-v1, fabric-registry-sync-v0, fabric-renderer-api-v1, fabric-renderer-indigo, fabric-rendering-fluids-v1, fabric-rendering-v1, fabric-resource-conditions-api-v1, fabric-resource-loader-v0, fabric-resource-loader-v1, fabric-screen-api-v1]
[12:26:29] [Render thread/DEBUG] (net.fabricmc.fabric.impl.resource.loader.ModResourcePackUtil) [Fabric] cur @ fabric, auto-enabled fabric-screen-handler-api-v1, currently enabled: [vanilla, fabric, badoptimizations, betterf3, cloth-config, cubes-without-borders, devauth, entityculling, fabric-api, fabric-api-base, fabric-api-lookup-api-v1, fabric-biome-api-v1, fabric-block-api-v1, fabric-block-view-api-v2, fabric-client-gametest-api-v1, fabric-command-api-v2, fabric-content-registries-v0, fabric-convention-tags-v1, fabric-convention-tags-v2, fabric-crash-report-info-v1, fabric-data-attachment-api-v1, fabric-data-generation-api-v1, fabric-dimensions-v1, fabric-entity-events-v1, fabric-events-interaction-v0, fabric-game-rule-api-v1, fabric-gametest-api-v1, fabric-item-api-v1, fabric-item-group-api-v1, fabric-key-binding-api-v1, fabric-language-kotlin, fabric-lifecycle-events-v1, fabric-loot-api-v2, fabric-loot-api-v3, fabric-message-api-v1, fabric-model-loading-api-v1, fabric-networking-api-v1, fabric-object-builder-api-v1, fabric-particles-v1, fabric-recipe-api-v1, fabric-registry-sync-v0, fabric-renderer-api-v1, fabric-renderer-indigo, fabric-rendering-fluids-v1, fabric-rendering-v1, fabric-resource-conditions-api-v1, fabric-resource-loader-v0, fabric-resource-loader-v1, fabric-screen-api-v1, fabric-screen-handler-api-v1]
[12:26:29] [Render thread/DEBUG] (net.fabricmc.fabric.impl.resource.loader.ModResourcePackUtil) [Fabric] cur @ fabric, auto-enabled fabric-serialization-api-v1, currently enabled: [vanilla, fabric, badoptimizations, betterf3, cloth-config, cubes-without-borders, devauth, entityculling, fabric-api, fabric-api-base, fabric-api-lookup-api-v1, fabric-biome-api-v1, fabric-block-api-v1, fabric-block-view-api-v2, fabric-client-gametest-api-v1, fabric-command-api-v2, fabric-content-registries-v0, fabric-convention-tags-v1, fabric-convention-tags-v2, fabric-crash-report-info-v1, fabric-data-attachment-api-v1, fabric-data-generation-api-v1, fabric-dimensions-v1, fabric-entity-events-v1, fabric-events-interaction-v0, fabric-game-rule-api-v1, fabric-gametest-api-v1, fabric-item-api-v1, fabric-item-group-api-v1, fabric-key-binding-api-v1, fabric-language-kotlin, fabric-lifecycle-events-v1, fabric-loot-api-v2, fabric-loot-api-v3, fabric-message-api-v1, fabric-model-loading-api-v1, fabric-networking-api-v1, fabric-object-builder-api-v1, fabric-particles-v1, fabric-recipe-api-v1, fabric-registry-sync-v0, fabric-renderer-api-v1, fabric-renderer-indigo, fabric-rendering-fluids-v1, fabric-rendering-v1, fabric-resource-conditions-api-v1, fabric-resource-loader-v0, fabric-resource-loader-v1, fabric-screen-api-v1, fabric-screen-handler-api-v1, fabric-serialization-api-v1]
[12:26:29] [Render thread/DEBUG] (net.fabricmc.fabric.impl.resource.loader.ModResourcePackUtil) [Fabric] cur @ fabric, auto-enabled fabric-sound-api-v1, currently enabled: [vanilla, fabric, badoptimizations, betterf3, cloth-config, cubes-without-borders, devauth, entityculling, fabric-api, fabric-api-base, fabric-api-lookup-api-v1, fabric-biome-api-v1, fabric-block-api-v1, fabric-block-view-api-v2, fabric-client-gametest-api-v1, fabric-command-api-v2, fabric-content-registries-v0, fabric-convention-tags-v1, fabric-convention-tags-v2, fabric-crash-report-info-v1, fabric-data-attachment-api-v1, fabric-data-generation-api-v1, fabric-dimensions-v1, fabric-entity-events-v1, fabric-events-interaction-v0, fabric-game-rule-api-v1, fabric-gametest-api-v1, fabric-item-api-v1, fabric-item-group-api-v1, fabric-key-binding-api-v1, fabric-language-kotlin, fabric-lifecycle-events-v1, fabric-loot-api-v2, fabric-loot-api-v3, fabric-message-api-v1, fabric-model-loading-api-v1, fabric-networking-api-v1, fabric-object-builder-api-v1, fabric-particles-v1, fabric-recipe-api-v1, fabric-registry-sync-v0, fabric-renderer-api-v1, fabric-renderer-indigo, fabric-rendering-fluids-v1, fabric-rendering-v1, fabric-resource-conditions-api-v1, fabric-resource-loader-v0, fabric-resource-loader-v1, fabric-screen-api-v1, fabric-screen-handler-api-v1, fabric-serialization-api-v1, fabric-sound-api-v1]
[12:26:29] [Render thread/DEBUG] (net.fabricmc.fabric.impl.resource.loader.ModResourcePackUtil) [Fabric] cur @ fabric, auto-enabled fabric-tag-api-v1, currently enabled: [vanilla, fabric, badoptimizations, betterf3, cloth-config, cubes-without-borders, devauth, entityculling, fabric-api, fabric-api-base, fabric-api-lookup-api-v1, fabric-biome-api-v1, fabric-block-api-v1, fabric-block-view-api-v2, fabric-client-gametest-api-v1, fabric-command-api-v2, fabric-content-registries-v0, fabric-convention-tags-v1, fabric-convention-tags-v2, fabric-crash-report-info-v1, fabric-data-attachment-api-v1, fabric-data-generation-api-v1, fabric-dimensions-v1, fabric-entity-events-v1, fabric-events-interaction-v0, fabric-game-rule-api-v1, fabric-gametest-api-v1, fabric-item-api-v1, fabric-item-group-api-v1, fabric-key-binding-api-v1, fabric-language-kotlin, fabric-lifecycle-events-v1, fabric-loot-api-v2, fabric-loot-api-v3, fabric-message-api-v1, fabric-model-loading-api-v1, fabric-networking-api-v1, fabric-object-builder-api-v1, fabric-particles-v1, fabric-recipe-api-v1, fabric-registry-sync-v0, fabric-renderer-api-v1, fabric-renderer-indigo, fabric-rendering-fluids-v1, fabric-rendering-v1, fabric-resource-conditions-api-v1, fabric-resource-loader-v0, fabric-resource-loader-v1, fabric-screen-api-v1, fabric-screen-handler-api-v1, fabric-serialization-api-v1, fabric-sound-api-v1, fabric-tag-api-v1]
[12:26:29] [Render thread/DEBUG] (net.fabricmc.fabric.impl.resource.loader.ModResourcePackUtil) [Fabric] cur @ fabric, auto-enabled fabric-transfer-api-v1, currently enabled: [vanilla, fabric, badoptimizations, betterf3, cloth-config, cubes-without-borders, devauth, entityculling, fabric-api, fabric-api-base, fabric-api-lookup-api-v1, fabric-biome-api-v1, fabric-block-api-v1, fabric-block-view-api-v2, fabric-client-gametest-api-v1, fabric-command-api-v2, fabric-content-registries-v0, fabric-convention-tags-v1, fabric-convention-tags-v2, fabric-crash-report-info-v1, fabric-data-attachment-api-v1, fabric-data-generation-api-v1, fabric-dimensions-v1, fabric-entity-events-v1, fabric-events-interaction-v0, fabric-game-rule-api-v1, fabric-gametest-api-v1, fabric-item-api-v1, fabric-item-group-api-v1, fabric-key-binding-api-v1, fabric-language-kotlin, fabric-lifecycle-events-v1, fabric-loot-api-v2, fabric-loot-api-v3, fabric-message-api-v1, fabric-model-loading-api-v1, fabric-networking-api-v1, fabric-object-builder-api-v1, fabric-particles-v1, fabric-recipe-api-v1, fabric-registry-sync-v0, fabric-renderer-api-v1, fabric-renderer-indigo, fabric-rendering-fluids-v1, fabric-rendering-v1, fabric-resource-conditions-api-v1, fabric-resource-loader-v0, fabric-resource-loader-v1, fabric-screen-api-v1, fabric-screen-handler-api-v1, fabric-serialization-api-v1, fabric-sound-api-v1, fabric-tag-api-v1, fabric-transfer-api-v1]
[12:26:29] [Render thread/DEBUG] (net.fabricmc.fabric.impl.resource.loader.ModResourcePackUtil) [Fabric] cur @ fabric, auto-enabled fabric-transitive-access-wideners-v1, currently enabled: [vanilla, fabric, badoptimizations, betterf3, cloth-config, cubes-without-borders, devauth, entityculling, fabric-api, fabric-api-base, fabric-api-lookup-api-v1, fabric-biome-api-v1, fabric-block-api-v1, fabric-block-view-api-v2, fabric-client-gametest-api-v1, fabric-command-api-v2, fabric-content-registries-v0, fabric-convention-tags-v1, fabric-convention-tags-v2, fabric-crash-report-info-v1, fabric-data-attachment-api-v1, fabric-data-generation-api-v1, fabric-dimensions-v1, fabric-entity-events-v1, fabric-events-interaction-v0, fabric-game-rule-api-v1, fabric-gametest-api-v1, fabric-item-api-v1, fabric-item-group-api-v1, fabric-key-binding-api-v1, fabric-language-kotlin, fabric-lifecycle-events-v1, fabric-loot-api-v2, fabric-loot-api-v3, fabric-message-api-v1, fabric-model-loading-api-v1, fabric-networking-api-v1, fabric-object-builder-api-v1, fabric-particles-v1, fabric-recipe-api-v1, fabric-registry-sync-v0, fabric-renderer-api-v1, fabric-renderer-indigo, fabric-rendering-fluids-v1, fabric-rendering-v1, fabric-resource-conditions-api-v1, fabric-resource-loader-v0, fabric-resource-loader-v1, fabric-screen-api-v1, fabric-screen-handler-api-v1, fabric-serialization-api-v1, fabric-sound-api-v1, fabric-tag-api-v1, fabric-transfer-api-v1, fabric-transitive-access-wideners-v1]
[12:26:29] [Render thread/DEBUG] (net.fabricmc.fabric.impl.resource.loader.ModResourcePackUtil) [Fabric] cur @ fabric, auto-enabled fabricloader, currently enabled: [vanilla, fabric, badoptimizations, betterf3, cloth-config, cubes-without-borders, devauth, entityculling, fabric-api, fabric-api-base, fabric-api-lookup-api-v1, fabric-biome-api-v1, fabric-block-api-v1, fabric-block-view-api-v2, fabric-client-gametest-api-v1, fabric-command-api-v2, fabric-content-registries-v0, fabric-convention-tags-v1, fabric-convention-tags-v2, fabric-crash-report-info-v1, fabric-data-attachment-api-v1, fabric-data-generation-api-v1, fabric-dimensions-v1, fabric-entity-events-v1, fabric-events-interaction-v0, fabric-game-rule-api-v1, fabric-gametest-api-v1, fabric-item-api-v1, fabric-item-group-api-v1, fabric-key-binding-api-v1, fabric-language-kotlin, fabric-lifecycle-events-v1, fabric-loot-api-v2, fabric-loot-api-v3, fabric-message-api-v1, fabric-model-loading-api-v1, fabric-networking-api-v1, fabric-object-builder-api-v1, fabric-particles-v1, fabric-recipe-api-v1, fabric-registry-sync-v0, fabric-renderer-api-v1, fabric-renderer-indigo, fabric-rendering-fluids-v1, fabric-rendering-v1, fabric-resource-conditions-api-v1, fabric-resource-loader-v0, fabric-resource-loader-v1, fabric-screen-api-v1, fabric-screen-handler-api-v1, fabric-serialization-api-v1, fabric-sound-api-v1, fabric-tag-api-v1, fabric-transfer-api-v1, fabric-transitive-access-wideners-v1, fabricloader]
[12:26:29] [Render thread/DEBUG] (net.fabricmc.fabric.impl.resource.loader.ModResourcePackUtil) [Fabric] cur @ fabric, auto-enabled gammautils, currently enabled: [vanilla, fabric, badoptimizations, betterf3, cloth-config, cubes-without-borders, devauth, entityculling, fabric-api, fabric-api-base, fabric-api-lookup-api-v1, fabric-biome-api-v1, fabric-block-api-v1, fabric-block-view-api-v2, fabric-client-gametest-api-v1, fabric-command-api-v2, fabric-content-registries-v0, fabric-convention-tags-v1, fabric-convention-tags-v2, fabric-crash-report-info-v1, fabric-data-attachment-api-v1, fabric-data-generation-api-v1, fabric-dimensions-v1, fabric-entity-events-v1, fabric-events-interaction-v0, fabric-game-rule-api-v1, fabric-gametest-api-v1, fabric-item-api-v1, fabric-item-group-api-v1, fabric-key-binding-api-v1, fabric-language-kotlin, fabric-lifecycle-events-v1, fabric-loot-api-v2, fabric-loot-api-v3, fabric-message-api-v1, fabric-model-loading-api-v1, fabric-networking-api-v1, fabric-object-builder-api-v1, fabric-particles-v1, fabric-recipe-api-v1, fabric-registry-sync-v0, fabric-renderer-api-v1, fabric-renderer-indigo, fabric-rendering-fluids-v1, fabric-rendering-v1, fabric-resource-conditions-api-v1, fabric-resource-loader-v0, fabric-resource-loader-v1, fabric-screen-api-v1, fabric-screen-handler-api-v1, fabric-serialization-api-v1, fabric-sound-api-v1, fabric-tag-api-v1, fabric-transfer-api-v1, fabric-transitive-access-wideners-v1, fabricloader, gammautils]
[12:26:29] [Render thread/DEBUG] (net.fabricmc.fabric.impl.resource.loader.ModResourcePackUtil) [Fabric] cur @ fabric, auto-enabled immediatelyfast, currently enabled: [vanilla, fabric, badoptimizations, betterf3, cloth-config, cubes-without-borders, devauth, entityculling, fabric-api, fabric-api-base, fabric-api-lookup-api-v1, fabric-biome-api-v1, fabric-block-api-v1, fabric-block-view-api-v2, fabric-client-gametest-api-v1, fabric-command-api-v2, fabric-content-registries-v0, fabric-convention-tags-v1, fabric-convention-tags-v2, fabric-crash-report-info-v1, fabric-data-attachment-api-v1, fabric-data-generation-api-v1, fabric-dimensions-v1, fabric-entity-events-v1, fabric-events-interaction-v0, fabric-game-rule-api-v1, fabric-gametest-api-v1, fabric-item-api-v1, fabric-item-group-api-v1, fabric-key-binding-api-v1, fabric-language-kotlin, fabric-lifecycle-events-v1, fabric-loot-api-v2, fabric-loot-api-v3, fabric-message-api-v1, fabric-model-loading-api-v1, fabric-networking-api-v1, fabric-object-builder-api-v1, fabric-particles-v1, fabric-recipe-api-v1, fabric-registry-sync-v0, fabric-renderer-api-v1, fabric-renderer-indigo, fabric-rendering-fluids-v1, fabric-rendering-v1, fabric-resource-conditions-api-v1, fabric-resource-loader-v0, fabric-resource-loader-v1, fabric-screen-api-v1, fabric-screen-handler-api-v1, fabric-serialization-api-v1, fabric-sound-api-v1, fabric-tag-api-v1, fabric-transfer-api-v1, fabric-transitive-access-wideners-v1, fabricloader, gammautils, immediatelyfast]
[12:26:29] [Render thread/DEBUG] (net.fabricmc.fabric.impl.resource.loader.ModResourcePackUtil) [Fabric] cur @ fabric, auto-enabled infernum, currently enabled: [vanilla, fabric, badoptimizations, betterf3, cloth-config, cubes-without-borders, devauth, entityculling, fabric-api, fabric-api-base, fabric-api-lookup-api-v1, fabric-biome-api-v1, fabric-block-api-v1, fabric-block-view-api-v2, fabric-client-gametest-api-v1, fabric-command-api-v2, fabric-content-registries-v0, fabric-convention-tags-v1, fabric-convention-tags-v2, fabric-crash-report-info-v1, fabric-data-attachment-api-v1, fabric-data-generation-api-v1, fabric-dimensions-v1, fabric-entity-events-v1, fabric-events-interaction-v0, fabric-game-rule-api-v1, fabric-gametest-api-v1, fabric-item-api-v1, fabric-item-group-api-v1, fabric-key-binding-api-v1, fabric-language-kotlin, fabric-lifecycle-events-v1, fabric-loot-api-v2, fabric-loot-api-v3, fabric-message-api-v1, fabric-model-loading-api-v1, fabric-networking-api-v1, fabric-object-builder-api-v1, fabric-particles-v1, fabric-recipe-api-v1, fabric-registry-sync-v0, fabric-renderer-api-v1, fabric-renderer-indigo, fabric-rendering-fluids-v1, fabric-rendering-v1, fabric-resource-conditions-api-v1, fabric-resource-loader-v0, fabric-resource-loader-v1, fabric-screen-api-v1, fabric-screen-handler-api-v1, fabric-serialization-api-v1, fabric-sound-api-v1, fabric-tag-api-v1, fabric-transfer-api-v1, fabric-transitive-access-wideners-v1, fabricloader, gammautils, immediatelyfast, infernum]
[12:26:29] [Render thread/DEBUG] (net.fabricmc.fabric.impl.resource.loader.ModResourcePackUtil) [Fabric] cur @ fabric, auto-enabled iris, currently enabled: [vanilla, fabric, badoptimizations, betterf3, cloth-config, cubes-without-borders, devauth, entityculling, fabric-api, fabric-api-base, fabric-api-lookup-api-v1, fabric-biome-api-v1, fabric-block-api-v1, fabric-block-view-api-v2, fabric-client-gametest-api-v1, fabric-command-api-v2, fabric-content-registries-v0, fabric-convention-tags-v1, fabric-convention-tags-v2, fabric-crash-report-info-v1, fabric-data-attachment-api-v1, fabric-data-generation-api-v1, fabric-dimensions-v1, fabric-entity-events-v1, fabric-events-interaction-v0, fabric-game-rule-api-v1, fabric-gametest-api-v1, fabric-item-api-v1, fabric-item-group-api-v1, fabric-key-binding-api-v1, fabric-language-kotlin, fabric-lifecycle-events-v1, fabric-loot-api-v2, fabric-loot-api-v3, fabric-message-api-v1, fabric-model-loading-api-v1, fabric-networking-api-v1, fabric-object-builder-api-v1, fabric-particles-v1, fabric-recipe-api-v1, fabric-registry-sync-v0, fabric-renderer-api-v1, fabric-renderer-indigo, fabric-rendering-fluids-v1, fabric-rendering-v1, fabric-resource-conditions-api-v1, fabric-resource-loader-v0, fabric-resource-loader-v1, fabric-screen-api-v1, fabric-screen-handler-api-v1, fabric-serialization-api-v1, fabric-sound-api-v1, fabric-tag-api-v1, fabric-transfer-api-v1, fabric-transitive-access-wideners-v1, fabricloader, gammautils, immediatelyfast, infernum, iris]
[12:26:29] [Render thread/DEBUG] (net.fabricmc.fabric.impl.resource.loader.ModResourcePackUtil) [Fabric] cur @ fabric, auto-enabled modmenu, currently enabled: [vanilla, fabric, badoptimizations, betterf3, cloth-config, cubes-without-borders, devauth, entityculling, fabric-api, fabric-api-base, fabric-api-lookup-api-v1, fabric-biome-api-v1, fabric-block-api-v1, fabric-block-view-api-v2, fabric-client-gametest-api-v1, fabric-command-api-v2, fabric-content-registries-v0, fabric-convention-tags-v1, fabric-convention-tags-v2, fabric-crash-report-info-v1, fabric-data-attachment-api-v1, fabric-data-generation-api-v1, fabric-dimensions-v1, fabric-entity-events-v1, fabric-events-interaction-v0, fabric-game-rule-api-v1, fabric-gametest-api-v1, fabric-item-api-v1, fabric-item-group-api-v1, fabric-key-binding-api-v1, fabric-language-kotlin, fabric-lifecycle-events-v1, fabric-loot-api-v2, fabric-loot-api-v3, fabric-message-api-v1, fabric-model-loading-api-v1, fabric-networking-api-v1, fabric-object-builder-api-v1, fabric-particles-v1, fabric-recipe-api-v1, fabric-registry-sync-v0, fabric-renderer-api-v1, fabric-renderer-indigo, fabric-rendering-fluids-v1, fabric-rendering-v1, fabric-resource-conditions-api-v1, fabric-resource-loader-v0, fabric-resource-loader-v1, fabric-screen-api-v1, fabric-screen-handler-api-v1, fabric-serialization-api-v1, fabric-sound-api-v1, fabric-tag-api-v1, fabric-transfer-api-v1, fabric-transitive-access-wideners-v1, fabricloader, gammautils, immediatelyfast, infernum, iris, modmenu]
[12:26:29] [Render thread/DEBUG] (net.fabricmc.fabric.impl.resource.loader.ModResourcePackUtil) [Fabric] cur @ fabric, auto-enabled sodium, currently enabled: [vanilla, fabric, badoptimizations, betterf3, cloth-config, cubes-without-borders, devauth, entityculling, fabric-api, fabric-api-base, fabric-api-lookup-api-v1, fabric-biome-api-v1, fabric-block-api-v1, fabric-block-view-api-v2, fabric-client-gametest-api-v1, fabric-command-api-v2, fabric-content-registries-v0, fabric-convention-tags-v1, fabric-convention-tags-v2, fabric-crash-report-info-v1, fabric-data-attachment-api-v1, fabric-data-generation-api-v1, fabric-dimensions-v1, fabric-entity-events-v1, fabric-events-interaction-v0, fabric-game-rule-api-v1, fabric-gametest-api-v1, fabric-item-api-v1, fabric-item-group-api-v1, fabric-key-binding-api-v1, fabric-language-kotlin, fabric-lifecycle-events-v1, fabric-loot-api-v2, fabric-loot-api-v3, fabric-message-api-v1, fabric-model-loading-api-v1, fabric-networking-api-v1, fabric-object-builder-api-v1, fabric-particles-v1, fabric-recipe-api-v1, fabric-registry-sync-v0, fabric-renderer-api-v1, fabric-renderer-indigo, fabric-rendering-fluids-v1, fabric-rendering-v1, fabric-resource-conditions-api-v1, fabric-resource-loader-v0, fabric-resource-loader-v1, fabric-screen-api-v1, fabric-screen-handler-api-v1, fabric-serialization-api-v1, fabric-sound-api-v1, fabric-tag-api-v1, fabric-transfer-api-v1, fabric-transitive-access-wideners-v1, fabricloader, gammautils, immediatelyfast, infernum, iris, modmenu, sodium]
[12:26:29] [Render thread/DEBUG] (net.fabricmc.fabric.impl.resource.loader.ModResourcePackUtil) [Fabric] cur @ fabric, auto-enabled trender, currently enabled: [vanilla, fabric, badoptimizations, betterf3, cloth-config, cubes-without-borders, devauth, entityculling, fabric-api, fabric-api-base, fabric-api-lookup-api-v1, fabric-biome-api-v1, fabric-block-api-v1, fabric-block-view-api-v2, fabric-client-gametest-api-v1, fabric-command-api-v2, fabric-content-registries-v0, fabric-convention-tags-v1, fabric-convention-tags-v2, fabric-crash-report-info-v1, fabric-data-attachment-api-v1, fabric-data-generation-api-v1, fabric-dimensions-v1, fabric-entity-events-v1, fabric-events-interaction-v0, fabric-game-rule-api-v1, fabric-gametest-api-v1, fabric-item-api-v1, fabric-item-group-api-v1, fabric-key-binding-api-v1, fabric-language-kotlin, fabric-lifecycle-events-v1, fabric-loot-api-v2, fabric-loot-api-v3, fabric-message-api-v1, fabric-model-loading-api-v1, fabric-networking-api-v1, fabric-object-builder-api-v1, fabric-particles-v1, fabric-recipe-api-v1, fabric-registry-sync-v0, fabric-renderer-api-v1, fabric-renderer-indigo, fabric-rendering-fluids-v1, fabric-rendering-v1, fabric-resource-conditions-api-v1, fabric-resource-loader-v0, fabric-resource-loader-v1, fabric-screen-api-v1, fabric-screen-handler-api-v1, fabric-serialization-api-v1, fabric-sound-api-v1, fabric-tag-api-v1, fabric-transfer-api-v1, fabric-transitive-access-wideners-v1, fabricloader, gammautils, immediatelyfast, infernum, iris, modmenu, sodium, trender]
[12:26:29] [Render thread/DEBUG] (net.fabricmc.fabric.impl.resource.loader.ModResourcePackUtil) [Fabric] Final sorting result: [vanilla, fabric, badoptimizations, betterf3, cloth-config, cubes-without-borders, devauth, entityculling, fabric-api, fabric-api-base, fabric-api-lookup-api-v1, fabric-biome-api-v1, fabric-block-api-v1, fabric-block-view-api-v2, fabric-client-gametest-api-v1, fabric-command-api-v2, fabric-content-registries-v0, fabric-convention-tags-v1, fabric-convention-tags-v2, fabric-crash-report-info-v1, fabric-data-attachment-api-v1, fabric-data-generation-api-v1, fabric-dimensions-v1, fabric-entity-events-v1, fabric-events-interaction-v0, fabric-game-rule-api-v1, fabric-gametest-api-v1, fabric-item-api-v1, fabric-item-group-api-v1, fabric-key-binding-api-v1, fabric-language-kotlin, fabric-lifecycle-events-v1, fabric-loot-api-v2, fabric-loot-api-v3, fabric-message-api-v1, fabric-model-loading-api-v1, fabric-networking-api-v1, fabric-object-builder-api-v1, fabric-particles-v1, fabric-recipe-api-v1, fabric-registry-sync-v0, fabric-renderer-api-v1, fabric-renderer-indigo, fabric-rendering-fluids-v1, fabric-rendering-v1, fabric-resource-conditions-api-v1, fabric-resource-loader-v0, fabric-resource-loader-v1, fabric-screen-api-v1, fabric-screen-handler-api-v1, fabric-serialization-api-v1, fabric-sound-api-v1, fabric-tag-api-v1, fabric-transfer-api-v1, fabric-transitive-access-wideners-v1, fabricloader, gammautils, immediatelyfast, infernum, iris, modmenu, sodium, trender, file/!      §fp§9rism §8[§f16§9x§8] [1.21].zip]
[12:26:29] [Render thread/DEBUG] (FabricLoader/Mixin) Mixing KeyedClientResourceReloadListenerMixin from fabric-resource-loader-v1.client.mixins.json into net.minecraft.client.resources.language.LanguageManager
[12:26:29] [Render thread/DEBUG] (FabricLoader/Mixin) Mixing MixinClientLanguage from mixins.iris.json into net.minecraft.client.resources.language.ClientLanguage
[12:26:29] [Render thread/DEBUG] (FabricLoader/Mixin) mixins.iris.json:MixinClientLanguage from mod iris: Class version 65 required is higher than the class version supported by the current version of Mixin (JAVA_8 supports class version 52)
[12:26:29] [Render thread/DEBUG] (FabricLoader/Mixin) mixins.iris.json:MixinClientLanguage from mod iris->@Inject::injectFrom(Ljava/lang/String;Ljava/util/List;Ljava/util/Map;Lorg/spongepowered/asm/mixin/injection/callback/CallbackInfo;)V doesn't use it's CallbackInfo
[12:26:29] [Render thread/DEBUG] (FabricLoader/Mixin) mixins.iris.json:MixinClientLanguage from mod iris->@Inject::check(Lnet/minecraft/server/packs/resources/ResourceManager;Ljava/util/List;ZLorg/spongepowered/asm/mixin/injection/callback/CallbackInfoReturnable;)V doesn't use it's CallbackInfoReturnable
[12:26:29] [Render thread/DEBUG] (FabricLoader/Mixin) mixins.iris.json:MixinClientLanguage from mod iris->@Inject::iris$addLanguageEntries(Ljava/lang/String;Ljava/lang/String;Lorg/spongepowered/asm/mixin/injection/callback/CallbackInfoReturnable;)V does use it's CallbackInfoReturnable
[12:26:29] [Render thread/DEBUG] (FabricLoader/Mixin) mixins.iris.json:MixinClientLanguage from mod iris->@Inject::iris$addLanguageEntriesToTranslationChecks(Ljava/lang/String;Lorg/spongepowered/asm/mixin/injection/callback/CallbackInfoReturnable;)V does use it's CallbackInfoReturnable
[12:26:29] [Render thread/DEBUG] (FabricLoader/Mixin) Mixing texture.MixinTextureManager from mixins.iris.json into net.minecraft.client.renderer.texture.TextureManager
[12:26:29] [Render thread/DEBUG] (FabricLoader/Mixin) mixins.iris.json:texture.MixinTextureManager from mod iris: Class version 65 required is higher than the class version supported by the current version of Mixin (JAVA_8 supports class version 52)
[12:26:29] [Render thread/DEBUG] (FabricLoader/Mixin) Mixing KeyedClientResourceReloadListenerMixin from fabric-resource-loader-v1.client.mixins.json into net.minecraft.client.renderer.texture.TextureManager
[12:26:29] [Render thread/DEBUG] (FabricLoader/Mixin) mixins.iris.json:texture.MixinTextureManager from mod iris->@Inject::iris$onTailReloadLambda(Ljava/util/List;Ljava/lang/Void;Lorg/spongepowered/asm/mixin/injection/callback/CallbackInfo;)V doesn't use it's CallbackInfo
[12:26:29] [Render thread/DEBUG] (FabricLoader/Mixin) mixins.iris.json:texture.MixinTextureManager from mod iris->@Inject::iris$onTailReloadLambda(Ljava/util/List;Ljava/lang/Void;Lorg/spongepowered/asm/mixin/injection/callback/CallbackInfo;)V has 0 override(s) in child classes
[12:26:29] [Render thread/DEBUG] (FabricLoader/Mixin) mixins.iris.json:texture.MixinTextureManager from mod iris->@Inject::iris$onTailReloadLambda(Ljava/util/List;Ljava/lang/Void;Lorg/spongepowered/asm/mixin/injection/callback/CallbackInfo;)V won't be passed a CallbackInfo as a result
[12:26:29] [Render thread/DEBUG] (FabricLoader/Mixin) mixins.iris.json:texture.MixinTextureManager from mod iris->@Inject::iris$onInnerDumpTextures(Ljava/nio/file/Path;Lorg/spongepowered/asm/mixin/injection/callback/CallbackInfo;)V doesn't use it's CallbackInfo
[12:26:29] [Render thread/DEBUG] (FabricLoader/Mixin) mixins.iris.json:texture.MixinTextureManager from mod iris->@Inject::iris$onInnerDumpTextures(Ljava/nio/file/Path;Lorg/spongepowered/asm/mixin/injection/callback/CallbackInfo;)V has 0 override(s) in child classes
[12:26:29] [Render thread/DEBUG] (FabricLoader/Mixin) mixins.iris.json:texture.MixinTextureManager from mod iris->@Inject::iris$onInnerDumpTextures(Ljava/nio/file/Path;Lorg/spongepowered/asm/mixin/injection/callback/CallbackInfo;)V won't be passed a CallbackInfo as a result
[12:26:29] [Render thread/DEBUG] (FabricLoader/Mixin) mixins.iris.json:texture.MixinTextureManager from mod iris->@Inject::iris$onInnerDumpTextures(Ljava/nio/file/Path;Lorg/spongepowered/asm/mixin/injection/callback/CallbackInfo;)V doesn't use it's CallbackInfo
[12:26:29] [Render thread/DEBUG] (FabricLoader/Mixin) mixins.iris.json:texture.MixinTextureManager from mod iris->@Inject::iris$onInnerDumpTextures(Ljava/nio/file/Path;Lorg/spongepowered/asm/mixin/injection/callback/CallbackInfo;)V has 0 override(s) in child classes
[12:26:29] [Render thread/DEBUG] (FabricLoader/Mixin) mixins.iris.json:texture.MixinTextureManager from mod iris->@Inject::iris$onInnerDumpTextures(Ljava/nio/file/Path;Lorg/spongepowered/asm/mixin/injection/callback/CallbackInfo;)V won't be passed a CallbackInfo as a result
[12:26:29] [Render thread/DEBUG] (FabricLoader/Mixin) mixins.iris.json:texture.MixinTextureManager from mod iris->@Inject::iris$onTailClose(Lorg/spongepowered/asm/mixin/injection/callback/CallbackInfo;)V doesn't use it's CallbackInfo
[12:26:29] [Render thread/DEBUG] (FabricLoader/Mixin) mixins.iris.json:texture.MixinTextureManager from mod iris->@Inject::iris$onTailClose(Lorg/spongepowered/asm/mixin/injection/callback/CallbackInfo;)V has 0 override(s) in child classes
[12:26:29] [Render thread/DEBUG] (FabricLoader/Mixin) mixins.iris.json:texture.MixinTextureManager from mod iris->@Inject::iris$onTailClose(Lorg/spongepowered/asm/mixin/injection/callback/CallbackInfo;)V won't be passed a CallbackInfo as a result
[12:26:29] [Render thread/DEBUG] (FabricLoader/Mixin) Mixing texture.ReloadableTextureAccessor from mixins.iris.json into net.minecraft.client.renderer.texture.ReloadableTexture
[12:26:29] [Render thread/DEBUG] (FabricLoader/Mixin) mixins.iris.json:texture.ReloadableTextureAccessor from mod iris: Class version 65 required is higher than the class version supported by the current version of Mixin (JAVA_8 supports class version 52)
[12:26:29] [Render thread/DEBUG] (FabricLoader/Mixin) Mixing texture.pbr.MixinReloadableTexture from mixins.iris.json into net.minecraft.client.renderer.texture.ReloadableTexture
[12:26:29] [Render thread/DEBUG] (FabricLoader/Mixin) mixins.iris.json:texture.pbr.MixinReloadableTexture from mod iris: Class version 65 required is higher than the class version supported by the current version of Mixin (JAVA_8 supports class version 52)
[12:26:29] [Render thread/DEBUG] (FabricLoader/Mixin) mixins.iris.json:texture.pbr.MixinReloadableTexture from mod iris->@Inject::iris$onDoLoad(Lcom/mojang/blaze3d/platform/NativeImage;ZZLorg/spongepowered/asm/mixin/injection/callback/CallbackInfo;)V doesn't use it's CallbackInfo
[12:26:29] [Render thread/DEBUG] (FabricLoader/Mixin) mixins.iris.json:texture.pbr.MixinReloadableTexture from mod iris->@Inject::iris$onDoLoad(Lcom/mojang/blaze3d/platform/NativeImage;ZZLorg/spongepowered/asm/mixin/injection/callback/CallbackInfo;)V has 0 override(s) in child classes
[12:26:29] [Render thread/DEBUG] (FabricLoader/Mixin) mixins.iris.json:texture.pbr.MixinReloadableTexture from mod iris->@Inject::iris$onDoLoad(Lcom/mojang/blaze3d/platform/NativeImage;ZZLorg/spongepowered/asm/mixin/injection/callback/CallbackInfo;)V won't be passed a CallbackInfo as a result
[12:26:29] [Render thread/DEBUG] (FabricLoader/Mixin) Mixing resource_pack_conflict_handling.MixinShaderLoader from immediatelyfast-common.mixins.json into net.minecraft.client.renderer.ShaderManager
[12:26:29] [Render thread/DEBUG] (FabricLoader/Mixin) Mixing KeyedClientResourceReloadListenerMixin from fabric-resource-loader-v1.client.mixins.json into net.minecraft.client.renderer.ShaderManager
[12:26:29] [Render thread/DEBUG] (FabricLoader/Mixin) immediatelyfast-common.mixins.json:resource_pack_conflict_handling.MixinShaderLoader from mod immediatelyfast->@Inject::checkForCoreShaderModifications(Lnet/minecraft/client/renderer/ShaderManager$Configs;Lnet/minecraft/server/packs/resources/ResourceManager;Lnet/minecraft/util/profiling/ProfilerFiller;Lorg/spongepowered/asm/mixin/injection/callback/CallbackInfo;)V doesn't use it's CallbackInfo
[12:26:29] [Render thread/DEBUG] (FabricLoader/Mixin) immediatelyfast-common.mixins.json:resource_pack_conflict_handling.MixinShaderLoader from mod immediatelyfast->@Inject::checkForCoreShaderModifications(Lnet/minecraft/client/renderer/ShaderManager$Configs;Lnet/minecraft/server/packs/resources/ResourceManager;Lnet/minecraft/util/profiling/ProfilerFiller;Lorg/spongepowered/asm/mixin/injection/callback/CallbackInfo;)V has 0 override(s) in child classes
[12:26:29] [Render thread/DEBUG] (FabricLoader/Mixin) immediatelyfast-common.mixins.json:resource_pack_conflict_handling.MixinShaderLoader from mod immediatelyfast->@Inject::checkForCoreShaderModifications(Lnet/minecraft/client/renderer/ShaderManager$Configs;Lnet/minecraft/server/packs/resources/ResourceManager;Lnet/minecraft/util/profiling/ProfilerFiller;Lorg/spongepowered/asm/mixin/injection/callback/CallbackInfo;)V won't be passed a CallbackInfo as a result
[12:26:29] [Render thread/DEBUG] (FabricLoader/Mixin) Mixing KeyedClientResourceReloadListenerMixin from fabric-resource-loader-v1.client.mixins.json into net.minecraft.client.sounds.SoundManager
[12:26:29] [Render thread/DEBUG] (FabricLoader/Mixin) Mixing SoundSystemMixin from fabric-sound-api-v1.mixins.json into net.minecraft.client.sounds.SoundEngine
[12:26:29] [Render thread/DEBUG] (FabricLoader/Mixin) Mixing KeyedClientResourceReloadListenerMixin from fabric-resource-loader-v1.client.mixins.json into net.minecraft.client.resources.SplashManager
[12:26:29] [Render thread/DEBUG] (FabricLoader/Mixin) Mixing features.textures.animations.tracking.AtlasManagerMixin from sodium-common.mixins.json into net.minecraft.client.resources.model.AtlasManager
[12:26:29] [Render thread/DEBUG] (FabricLoader/Mixin) sodium-common.mixins.json:features.textures.animations.tracking.AtlasManagerMixin from mod sodium: Class version 65 required is higher than the class version supported by the current version of Mixin (JAVA_17 supports class version 61)
[12:26:29] [Render thread/DEBUG] (FabricLoader/Mixin) Mixing KeyedClientResourceReloadListenerMixin from fabric-resource-loader-v1.client.mixins.json into net.minecraft.client.resources.model.AtlasManager
[12:26:29] [Render thread/DEBUG] (FabricLoader/Mixin) sodium-common.mixins.json:features.textures.animations.tracking.AtlasManagerMixin from mod sodium->@Inject::sodium$catchUsedSprites(Lnet/minecraft/client/resources/model/Material;Lorg/spongepowered/asm/mixin/injection/callback/CallbackInfoReturnable;)V does use it's CallbackInfoReturnable
[12:26:29] [Render thread/DEBUG] (FabricLoader/Mixin) sodium-common.mixins.json:features.textures.animations.tracking.AtlasManagerMixin from mod sodium->@Inject::sodium$catchUsedSprites(Lnet/minecraft/client/resources/model/Material;Lorg/spongepowered/asm/mixin/injection/callback/CallbackInfoReturnable;)V does use it's CallbackInfoReturnable
[12:26:29] [Render thread/DEBUG] (FabricLoader/Mixin) Mixing renderer.entity.MixinMannequinPlayer from fabric-badoptimizations.mixins.json into net.minecraft.client.entity.ClientMannequin
[12:26:29] [Render thread/DEBUG] (FabricLoader/Mixin) fabric-badoptimizations.mixins.json:renderer.entity.MixinMannequinPlayer from mod badoptimizations: Class version 65 required is higher than the class version supported by the current version of Mixin (JAVA_17 supports class version 61)
[12:26:29] [Render thread/DEBUG] (FabricLoader/Mixin) Mixing KeyedClientResourceReloadListenerMixin from fabric-resource-loader-v1.client.mixins.json into net.minecraft.client.gui.font.FontManager
[12:26:29] [Render thread/DEBUG] (FabricLoader/Mixin) Mixing font_atlas_resizing.MixinGlyphAtlasTexture from immediatelyfast-common.mixins.json into net.minecraft.client.gui.font.FontTexture
[12:26:29] [Render thread/DEBUG] (FabricLoader/Mixin) immediatelyfast-common.mixins.json:font_atlas_resizing.MixinGlyphAtlasTexture from mod immediatelyfast->@Inject::cacheConfigState(Lorg/spongepowered/asm/mixin/injection/callback/CallbackInfo;)V doesn't use it's CallbackInfo
[12:26:29] [Render thread/DEBUG] (FabricLoader/Mixin) immediatelyfast-common.mixins.json:font_atlas_resizing.MixinGlyphAtlasTexture from mod immediatelyfast->@Inject::cacheConfigState(Lorg/spongepowered/asm/mixin/injection/callback/CallbackInfo;)V has 0 override(s) in child classes
[12:26:29] [Render thread/DEBUG] (FabricLoader/Mixin) immediatelyfast-common.mixins.json:font_atlas_resizing.MixinGlyphAtlasTexture from mod immediatelyfast->@Inject::cacheConfigState(Lorg/spongepowered/asm/mixin/injection/callback/CallbackInfo;)V won't be passed a CallbackInfo as a result
[12:26:29] [Render thread/DEBUG] (FabricLoader/Mixin) Mixing entity_render_context.MixinGlyphRenderType from mixins.iris.json into net.minecraft.client.gui.font.GlyphRenderTypes
[12:26:29] [Render thread/DEBUG] (FabricLoader/Mixin) mixins.iris.json:entity_render_context.MixinGlyphRenderType from mod iris: Class version 65 required is higher than the class version supported by the current version of Mixin (JAVA_8 supports class version 52)
[12:26:29] [Render thread/DEBUG] (FabricLoader/Mixin) Mixing features.render.gui.font.BakedGlyphMixin from sodium-common.mixins.json into net.minecraft.client.gui.font.glyphs.BakedSheetGlyph
[12:26:29] [Render thread/DEBUG] (FabricLoader/Mixin) sodium-common.mixins.json:features.render.gui.font.BakedGlyphMixin from mod sodium: Class version 65 required is higher than the class version supported by the current version of Mixin (JAVA_17 supports class version 61)
[12:26:29] [Render thread/DEBUG] (FabricLoader/Mixin) sodium-common.mixins.json:features.render.gui.font.BakedGlyphMixin from mod sodium->@Inject::drawFast(ZFFFLorg/joml/Matrix4f;Lcom/mojang/blaze3d/vertex/VertexConsumer;IZILorg/spongepowered/asm/mixin/injection/callback/CallbackInfo;)V does use it's CallbackInfo
[12:26:29] [Render thread/DEBUG] (FabricLoader/Mixin) sodium-common.mixins.json:features.render.gui.font.BakedGlyphMixin from mod sodium->@Inject::drawEffectFast(Lnet/minecraft/client/gui/font/glyphs/BakedSheetGlyph$EffectInstance;FFILcom/mojang/blaze3d/vertex/VertexConsumer;ILorg/joml/Matrix4f;Lorg/spongepowered/asm/mixin/injection/callback/CallbackInfo;)V does use it's CallbackInfo
[12:26:29] [Render thread/DEBUG] (FabricLoader/Mixin) Mixing KeyedClientResourceReloadListenerMixin from fabric-resource-loader-v1.client.mixins.json into net.minecraft.client.resources.GrassColorReloadListener
[12:26:29] [Render thread/DEBUG] (FabricLoader/Mixin) Mixing KeyedClientResourceReloadListenerMixin from fabric-resource-loader-v1.client.mixins.json into net.minecraft.client.resources.FoliageColorReloadListener
[12:26:29] [Render thread/DEBUG] (FabricLoader/Mixin) Mixing KeyedClientResourceReloadListenerMixin from fabric-resource-loader-v1.client.mixins.json into net.minecraft.client.resources.DryFoliageColorReloadListener
[12:26:29] [Render thread/DEBUG] (FabricLoader/Mixin) Mixing BlockColorsMixin from fabric-registry-sync-v0.client.mixins.json into net.minecraft.client.color.block.BlockColors
[12:26:29] [Render thread/DEBUG] (FabricLoader/Mixin) Mixing core.model.colors.BlockColorsMixin from sodium-common.mixins.json into net.minecraft.client.color.block.BlockColors
[12:26:29] [Render thread/DEBUG] (FabricLoader/Mixin) sodium-common.mixins.json:core.model.colors.BlockColorsMixin from mod sodium: Class version 65 required is higher than the class version supported by the current version of Mixin (JAVA_17 supports class version 61)
[12:26:29] [Render thread/DEBUG] (FabricLoader/Mixin) Mixing BlockColorsMixin from fabric-rendering-v1.mixins.json into net.minecraft.client.color.block.BlockColors
[12:26:29] [Render thread/DEBUG] (FabricLoader/Mixin) fabric-registry-sync-v0.client.mixins.json:BlockColorsMixin from mod fabric-registry-sync-v0->@Inject::create(Lorg/spongepowered/asm/mixin/injection/callback/CallbackInfo;)V doesn't use it's CallbackInfo
[12:26:29] [Render thread/DEBUG] (FabricLoader/Mixin) fabric-registry-sync-v0.client.mixins.json:BlockColorsMixin from mod fabric-registry-sync-v0->@Inject::create(Lorg/spongepowered/asm/mixin/injection/callback/CallbackInfo;)V has 0 override(s) in child classes
[12:26:29] [Render thread/DEBUG] (FabricLoader/Mixin) fabric-registry-sync-v0.client.mixins.json:BlockColorsMixin from mod fabric-registry-sync-v0->@Inject::create(Lorg/spongepowered/asm/mixin/injection/callback/CallbackInfo;)V won't be passed a CallbackInfo as a result
[12:26:29] [Render thread/DEBUG] (FabricLoader/Mixin) sodium-common.mixins.json:core.model.colors.BlockColorsMixin from mod sodium->@Inject::preRegisterColorProvider(Lnet/minecraft/client/color/block/BlockColor;[Lnet/minecraft/world/level/block/Block;Lorg/spongepowered/asm/mixin/injection/callback/CallbackInfo;)V doesn't use it's CallbackInfo
[12:26:29] [Render thread/DEBUG] (FabricLoader/Mixin) sodium-common.mixins.json:core.model.colors.BlockColorsMixin from mod sodium->@Inject::preRegisterColorProvider(Lnet/minecraft/client/color/block/BlockColor;[Lnet/minecraft/world/level/block/Block;Lorg/spongepowered/asm/mixin/injection/callback/CallbackInfo;)V has 0 override(s) in child classes
[12:26:29] [Render thread/DEBUG] (FabricLoader/Mixin) sodium-common.mixins.json:core.model.colors.BlockColorsMixin from mod sodium->@Inject::preRegisterColorProvider(Lnet/minecraft/client/color/block/BlockColor;[Lnet/minecraft/world/level/block/Block;Lorg/spongepowered/asm/mixin/injection/callback/CallbackInfo;)V won't be passed a CallbackInfo as a result
[12:26:29] [Render thread/DEBUG] (FabricLoader/Mixin) fabric-rendering-v1.mixins.json:BlockColorsMixin from mod fabric-rendering-v1->@Inject::create(Lorg/spongepowered/asm/mixin/injection/callback/CallbackInfoReturnable;)V does use it's CallbackInfoReturnable
[12:26:29] [Render thread/DEBUG] (FabricLoader/Mixin) Mixing BakedModelManagerMixin from fabric-model-loading-api-v1.mixins.json into net.minecraft.client.resources.model.ModelManager
[12:26:29] [Render thread/DEBUG] (FabricLoader/Mixin) Renaming synthetic method lambda$withModelDispatcher$3(Ljava/util/concurrent/CompletableFuture;Ljava/util/function/Function;Ljava/lang/Object;)Ljava/lang/Object; to mdab7149$fabric-model-loading-api-v1$lambda$withModelDispatcher$3$0 in fabric-model-loading-api-v1.mixins.json:BakedModelManagerMixin from mod fabric-model-loading-api-v1
[12:26:29] [Render thread/DEBUG] (FabricLoader/Mixin) Renaming synthetic method lambda$hookBlockStateModels$2(Lnet/minecraft/client/resources/model/BlockStateModelLoader$LoadedModels;Lnet/fabricmc/fabric/impl/client/model/loading/ModelLoadingEventDispatcher;)Lnet/minecraft/client/resources/model/BlockStateModelLoader$LoadedModels; to mdab7149$fabric-model-loading-api-v1$lambda$hookBlockStateModels$2$1 in fabric-model-loading-api-v1.mixins.json:BakedModelManagerMixin from mod fabric-model-loading-api-v1
[12:26:29] [Render thread/DEBUG] (FabricLoader/Mixin) Renaming synthetic method lambda$hookModels$1(Ljava/util/Map;Lnet/fabricmc/fabric/impl/client/model/loading/ModelLoadingEventDispatcher;)Ljava/util/Map; to mdab7149$fabric-model-loading-api-v1$lambda$hookModels$1$2 in fabric-model-loading-api-v1.mixins.json:BakedModelManagerMixin from mod fabric-model-loading-api-v1
[12:26:29] [Render thread/DEBUG] (FabricLoader/Mixin) Renaming synthetic method lambda$resetEventDispatcherFuture$0(Ljava/lang/Void;)Ljava/lang/Void; to mdab7149$fabric-model-loading-api-v1$lambda$resetEventDispatcherFuture$0$3 in fabric-model-loading-api-v1.mixins.json:BakedModelManagerMixin from mod fabric-model-loading-api-v1
[12:26:29] [Render thread/DEBUG] (FabricLoader/Mixin) Mixing KeyedClientResourceReloadListenerMixin from fabric-resource-loader-v1.client.mixins.json into net.minecraft.client.resources.model.ModelManager
[12:26:29] [Render thread/DEBUG] (FabricLoader/Mixin) fabric-model-loading-api-v1.mixins.json:BakedModelManagerMixin from mod fabric-model-loading-api-v1->@Inject::onHeadReload(Lnet/minecraft/server/packs/resources/PreparableReloadListener$SharedState;Ljava/util/concurrent/Executor;Lnet/minecraft/server/packs/resources/PreparableReloadListener$PreparationBarrier;Ljava/util/concurrent/Executor;Lorg/spongepowered/asm/mixin/injection/callback/CallbackInfoReturnable;)V doesn't use it's CallbackInfoReturnable
[12:26:29] [Render thread/DEBUG] (FabricLoader/Mixin) fabric-model-loading-api-v1.mixins.json:BakedModelManagerMixin from mod fabric-model-loading-api-v1->@Inject::onHeadReload(Lnet/minecraft/server/packs/resources/PreparableReloadListener$SharedState;Ljava/util/concurrent/Executor;Lnet/minecraft/server/packs/resources/PreparableReloadListener$PreparationBarrier;Ljava/util/concurrent/Executor;Lorg/spongepowered/asm/mixin/injection/callback/CallbackInfoReturnable;)V has 0 override(s) in child classes
[12:26:29] [Render thread/DEBUG] (FabricLoader/Mixin) fabric-model-loading-api-v1.mixins.json:BakedModelManagerMixin from mod fabric-model-loading-api-v1->@Inject::onHeadReload(Lnet/minecraft/server/packs/resources/PreparableReloadListener$SharedState;Ljava/util/concurrent/Executor;Lnet/minecraft/server/packs/resources/PreparableReloadListener$PreparationBarrier;Ljava/util/concurrent/Executor;Lorg/spongepowered/asm/mixin/injection/callback/CallbackInfoReturnable;)V won't be passed a CallbackInfoReturnable as a result
[12:26:29] [Render thread/DEBUG] (FabricLoader/Mixin) fabric-model-loading-api-v1.mixins.json:BakedModelManagerMixin from mod fabric-model-loading-api-v1->@Inject::resolveExtraModels(Ljava/util/Map;Lnet/minecraft/client/resources/model/BlockStateModelLoader$LoadedModels;Lnet/minecraft/client/resources/model/ClientItemInfoLoader$LoadedClientInfos;Lorg/spongepowered/asm/mixin/injection/callback/CallbackInfoReturnable;)V doesn't use it's CallbackInfoReturnable
[12:26:29] [Render thread/DEBUG] (FabricLoader/Mixin) fabric-model-loading-api-v1.mixins.json:BakedModelManagerMixin from mod fabric-model-loading-api-v1->@Inject::onReturnUpload(Lorg/spongepowered/asm/mixin/injection/callback/CallbackInfo;)V doesn't use it's CallbackInfo
[12:26:29] [Render thread/DEBUG] (FabricLoader/Mixin) fabric-model-loading-api-v1.mixins.json:BakedModelManagerMixin from mod fabric-model-loading-api-v1->@Inject::onReturnUpload(Lorg/spongepowered/asm/mixin/injection/callback/CallbackInfo;)V has 0 override(s) in child classes
[12:26:29] [Render thread/DEBUG] (FabricLoader/Mixin) fabric-model-loading-api-v1.mixins.json:BakedModelManagerMixin from mod fabric-model-loading-api-v1->@Inject::onReturnUpload(Lorg/spongepowered/asm/mixin/injection/callback/CallbackInfo;)V won't be passed a CallbackInfo as a result
[12:26:29] [Render thread/DEBUG] (FabricLoader/Mixin) Mixing client.sprite.ErrorCollectingSpriteGetterMixin from fabric-renderer-api-v1.mixins.json into net.minecraft.client.resources.model.SpriteGetter
[12:26:29] [Render thread/DEBUG] (FabricLoader/Mixin) Mixing client.block.particle.BlockModelsMixin from fabric-renderer-api-v1.mixins.json into net.minecraft.client.renderer.block.BlockModelShaper
[12:26:29] [Render thread/DEBUG] (FabricLoader/Mixin) Mixing KeyedClientResourceReloadListenerMixin from fabric-resource-loader-v1.client.mixins.json into net.minecraft.client.resources.model.EquipmentAssetManager
[12:26:29] [Render thread/DEBUG] (FabricLoader/Mixin) Mixing JsonDataLoaderMixin from fabric-loot-api-v3.mixins.json into net.minecraft.server.packs.resources.SimpleJsonResourceReloadListener
[12:26:29] [Render thread/DEBUG] (FabricLoader/Mixin) Mixing JsonDataLoaderMixin from fabric-resource-conditions-api-v1.mixins.json into net.minecraft.server.packs.resources.SimpleJsonResourceReloadListener
[12:26:29] [Render thread/DEBUG] (FabricLoader/Mixin) fabric-loot-api-v3.mixins.json:JsonDataLoaderMixin from mod fabric-loot-api-v3->@Inject::fillSourceMap(Lnet/minecraft/server/packs/resources/ResourceManager;Lnet/minecraft/resources/FileToIdConverter;Lcom/mojang/serialization/DynamicOps;Lcom/mojang/serialization/Codec;Ljava/util/Map;Lorg/spongepowered/asm/mixin/injection/callback/CallbackInfo;)V doesn't use it's CallbackInfo
[12:26:29] [Render thread/DEBUG] (FabricLoader/Mixin) fabric-resource-conditions-api-v1.mixins.json:JsonDataLoaderMixin from mod fabric-resource-conditions-api-v1->@Inject::skipData(Ljava/util/Map;Lnet/minecraft/resources/ResourceLocation;Ljava/lang/Object;Lorg/spongepowered/asm/mixin/injection/callback/CallbackInfo;)V does use it's CallbackInfo
[12:26:29] [Render thread/DEBUG] (FabricLoader/Mixin) Mixing entity_render_context.MixinItemRenderer from mixins.iris.json into net.minecraft.client.renderer.item.ItemModelResolver
[12:26:29] [Render thread/DEBUG] (FabricLoader/Mixin) mixins.iris.json:entity_render_context.MixinItemRenderer from mod iris: Class version 65 required is higher than the class version supported by the current version of Mixin (JAVA_8 supports class version 52)
[12:26:29] [Render thread/DEBUG] (FabricLoader/Mixin) mixins.iris.json:entity_render_context.MixinItemRenderer from mod iris->@Inject::changeId(Lnet/minecraft/client/renderer/item/ItemStackRenderState;Lnet/minecraft/world/item/ItemStack;Lnet/minecraft/world/item/ItemDisplayContext;Lnet/minecraft/world/level/Level;Lnet/minecraft/world/entity/ItemOwner;ILorg/spongepowered/asm/mixin/injection/callback/CallbackInfo;)V doesn't use it's CallbackInfo
[12:26:29] [Render thread/DEBUG] (FabricLoader/Mixin) mixins.iris.json:entity_render_context.MixinItemRenderer from mod iris->@Inject::changeId(Lnet/minecraft/client/renderer/item/ItemStackRenderState;Lnet/minecraft/world/item/ItemStack;Lnet/minecraft/world/item/ItemDisplayContext;Lnet/minecraft/world/level/Level;Lnet/minecraft/world/entity/ItemOwner;ILorg/spongepowered/asm/mixin/injection/callback/CallbackInfo;)V has 0 override(s) in child classes
[12:26:29] [Render thread/DEBUG] (FabricLoader/Mixin) mixins.iris.json:entity_render_context.MixinItemRenderer from mod iris->@Inject::changeId(Lnet/minecraft/client/renderer/item/ItemStackRenderState;Lnet/minecraft/world/item/ItemStack;Lnet/minecraft/world/item/ItemDisplayContext;Lnet/minecraft/world/level/Level;Lnet/minecraft/world/entity/ItemOwner;ILorg/spongepowered/asm/mixin/injection/callback/CallbackInfo;)V won't be passed a CallbackInfo as a result
[12:26:29] [Render thread/DEBUG] (FabricLoader/Mixin) Mixing map_atlas_generation.MixinMapTextureManager from immediatelyfast-common.mixins.json into net.minecraft.client.resources.MapTextureManager
[12:26:29] [Render thread/DEBUG] (FabricLoader/Mixin) Renaming synthetic method lambda$createMapAtlasTexture$0(I)I to mdab7149$immediatelyfast$lambda$createMapAtlasTexture$0$0 in immediatelyfast-common.mixins.json:map_atlas_generation.MixinMapTextureManager from mod immediatelyfast
[12:26:29] [Render thread/DEBUG] (FabricLoader/Mixin) immediatelyfast-common.mixins.json:map_atlas_generation.MixinMapTextureManager from mod immediatelyfast->@Inject::clearMapAtlas(Lorg/spongepowered/asm/mixin/injection/callback/CallbackInfo;)V doesn't use it's CallbackInfo
[12:26:29] [Render thread/DEBUG] (FabricLoader/Mixin) immediatelyfast-common.mixins.json:map_atlas_generation.MixinMapTextureManager from mod immediatelyfast->@Inject::clearMapAtlas(Lorg/spongepowered/asm/mixin/injection/callback/CallbackInfo;)V has 0 override(s) in child classes
[12:26:29] [Render thread/DEBUG] (FabricLoader/Mixin) immediatelyfast-common.mixins.json:map_atlas_generation.MixinMapTextureManager from mod immediatelyfast->@Inject::clearMapAtlas(Lorg/spongepowered/asm/mixin/injection/callback/CallbackInfo;)V won't be passed a CallbackInfo as a result
[12:26:29] [Render thread/DEBUG] (FabricLoader/Mixin) immediatelyfast-common.mixins.json:map_atlas_generation.MixinMapTextureManager from mod immediatelyfast->@Inject::createMapAtlasTexture(Lnet/minecraft/world/level/saveddata/maps/MapId;Lnet/minecraft/world/level/saveddata/maps/MapItemSavedData;Lorg/spongepowered/asm/mixin/injection/callback/CallbackInfoReturnable;)V doesn't use it's CallbackInfoReturnable
[12:26:29] [Render thread/DEBUG] (FabricLoader/Mixin) immediatelyfast-common.mixins.json:map_atlas_generation.MixinMapTextureManager from mod immediatelyfast->@Inject::createMapAtlasTexture(Lnet/minecraft/world/level/saveddata/maps/MapId;Lnet/minecraft/world/level/saveddata/maps/MapItemSavedData;Lorg/spongepowered/asm/mixin/injection/callback/CallbackInfoReturnable;)V has 0 override(s) in child classes
[12:26:29] [Render thread/DEBUG] (FabricLoader/Mixin) immediatelyfast-common.mixins.json:map_atlas_generation.MixinMapTextureManager from mod immediatelyfast->@Inject::createMapAtlasTexture(Lnet/minecraft/world/level/saveddata/maps/MapId;Lnet/minecraft/world/level/saveddata/maps/MapItemSavedData;Lorg/spongepowered/asm/mixin/injection/callback/CallbackInfoReturnable;)V won't be passed a CallbackInfoReturnable as a result
[12:26:29] [Render thread/DEBUG] (FabricLoader/Mixin) Mixing map_atlas_generation.MixinMapRenderer from immediatelyfast-common.mixins.json into net.minecraft.client.renderer.MapRenderer
[12:26:29] [Render thread/DEBUG] (FabricLoader/Mixin) Renaming synthetic method lambda$drawAtlasTexture$0(FFIFFLcom/mojang/blaze3d/vertex/PoseStack$Pose;Lcom/mojang/blaze3d/vertex/VertexConsumer;)V to mdab7149$immediatelyfast$lambda$drawAtlasTexture$0$0 in immediatelyfast-common.mixins.json:map_atlas_generation.MixinMapRenderer from mod immediatelyfast
[12:26:29] [Render thread/DEBUG] (FabricLoader/Mixin) immediatelyfast-common.mixins.json:map_atlas_generation.MixinMapRenderer from mod immediatelyfast->@Inject::initAtlasParameters(Lnet/minecraft/world/level/saveddata/maps/MapId;Lnet/minecraft/world/level/saveddata/maps/MapItemSavedData;Lnet/minecraft/client/renderer/state/MapRenderState;Lorg/spongepowered/asm/mixin/injection/callback/CallbackInfo;)V doesn't use it's CallbackInfo
[12:26:29] [Render thread/DEBUG] (FabricLoader/Mixin) immediatelyfast-common.mixins.json:map_atlas_generation.MixinMapRenderer from mod immediatelyfast->@Inject::initAtlasParameters(Lnet/minecraft/world/level/saveddata/maps/MapId;Lnet/minecraft/world/level/saveddata/maps/MapItemSavedData;Lnet/minecraft/client/renderer/state/MapRenderState;Lorg/spongepowered/asm/mixin/injection/callback/CallbackInfo;)V has 0 override(s) in child classes
[12:26:29] [Render thread/DEBUG] (FabricLoader/Mixin) immediatelyfast-common.mixins.json:map_atlas_generation.MixinMapRenderer from mod immediatelyfast->@Inject::initAtlasParameters(Lnet/minecraft/world/level/saveddata/maps/MapId;Lnet/minecraft/world/level/saveddata/maps/MapItemSavedData;Lnet/minecraft/client/renderer/state/MapRenderState;Lorg/spongepowered/asm/mixin/injection/callback/CallbackInfo;)V won't be passed a CallbackInfo as a result
[12:26:29] [Render thread/DEBUG] (FabricLoader/Mixin) Mixing MixinByteBufferBuilder from mixins.iris.json into com.mojang.blaze3d.vertex.ByteBufferBuilder
[12:26:29] [Render thread/DEBUG] (FabricLoader/Mixin) mixins.iris.json:MixinByteBufferBuilder from mod iris: Class version 65 required is higher than the class version supported by the current version of Mixin (JAVA_8 supports class version 52)
[12:26:29] [Render thread/DEBUG] (FabricLoader/Mixin) Mixing enhanced_batching.MixinBufferBuilderStorage from immediatelyfast-common.mixins.json into net.minecraft.client.renderer.RenderBuffers
[12:26:29] [Render thread/DEBUG] (FabricLoader/Mixin) Mixing core.render.world.RenderBuffersMixin from sodium-common.mixins.json into net.minecraft.client.renderer.RenderBuffers
[12:26:29] [Render thread/DEBUG] (FabricLoader/Mixin) sodium-common.mixins.json:core.render.world.RenderBuffersMixin from mod sodium: Class version 65 required is higher than the class version supported by the current version of Mixin (JAVA_17 supports class version 61)
[12:26:29] [Render thread/DEBUG] (FabricLoader/Mixin) Mixing immediate.MixinBufferSource from mixins.iris.vertexformat.json into net.minecraft.client.renderer.MultiBufferSource$BufferSource
[12:26:29] [Render thread/DEBUG] (FabricLoader/Mixin) mixins.iris.vertexformat.json:immediate.MixinBufferSource from mod iris: Class version 65 required is higher than the class version supported by the current version of Mixin (JAVA_8 supports class version 52)
[12:26:29] [Render thread/DEBUG] (FabricLoader/Mixin) Mixing features.render.immediate.buffer_builder.sorting.MultiBufferSourceMixin from sodium-common.mixins.json into net.minecraft.client.renderer.MultiBufferSource$BufferSource
[12:26:29] [Render thread/DEBUG] (FabricLoader/Mixin) sodium-common.mixins.json:features.render.immediate.buffer_builder.sorting.MultiBufferSourceMixin from mod sodium: Class version 65 required is higher than the class version supported by the current version of Mixin (JAVA_17 supports class version 61)
[12:26:29] [Render thread/DEBUG] (FabricLoader/Mixin) mixins.iris.vertexformat.json:immediate.MixinBufferSource from mod iris->@Inject::iris$beforeFlushBuffer(Lnet/minecraft/client/renderer/RenderType;Lcom/mojang/blaze3d/vertex/BufferBuilder;Lorg/spongepowered/asm/mixin/injection/callback/CallbackInfo;)V doesn't use it's CallbackInfo
[12:26:29] [Render thread/DEBUG] (FabricLoader/Mixin) mixins.iris.vertexformat.json:immediate.MixinBufferSource from mod iris->@Inject::iris$beforeFlushBuffer(Lnet/minecraft/client/renderer/RenderType;Lcom/mojang/blaze3d/vertex/BufferBuilder;Lorg/spongepowered/asm/mixin/injection/callback/CallbackInfo;)V has 0 override(s) in child classes
[12:26:29] [Render thread/DEBUG] (FabricLoader/Mixin) mixins.iris.vertexformat.json:immediate.MixinBufferSource from mod iris->@Inject::iris$beforeFlushBuffer(Lnet/minecraft/client/renderer/RenderType;Lcom/mojang/blaze3d/vertex/BufferBuilder;Lorg/spongepowered/asm/mixin/injection/callback/CallbackInfo;)V won't be passed a CallbackInfo as a result
[12:26:29] [Render thread/DEBUG] (FabricLoader/Mixin) mixins.iris.vertexformat.json:immediate.MixinBufferSource from mod iris->@Inject::iris$afterFlushBuffer(Lnet/minecraft/client/renderer/RenderType;Lcom/mojang/blaze3d/vertex/BufferBuilder;Lorg/spongepowered/asm/mixin/injection/callback/CallbackInfo;)V doesn't use it's CallbackInfo
[12:26:29] [Render thread/DEBUG] (FabricLoader/Mixin) mixins.iris.vertexformat.json:immediate.MixinBufferSource from mod iris->@Inject::iris$afterFlushBuffer(Lnet/minecraft/client/renderer/RenderType;Lcom/mojang/blaze3d/vertex/BufferBuilder;Lorg/spongepowered/asm/mixin/injection/callback/CallbackInfo;)V has 0 override(s) in child classes
[12:26:29] [Render thread/DEBUG] (FabricLoader/Mixin) mixins.iris.vertexformat.json:immediate.MixinBufferSource from mod iris->@Inject::iris$afterFlushBuffer(Lnet/minecraft/client/renderer/RenderType;Lcom/mojang/blaze3d/vertex/BufferBuilder;Lorg/spongepowered/asm/mixin/injection/callback/CallbackInfo;)V won't be passed a CallbackInfo as a result
[12:26:29] [Render thread/DEBUG] (FabricLoader/Mixin) Mixing ModelBakerMixin from fabric-model-loading-api-v1.mixins.json into net.minecraft.client.resources.model.ModelBakery
[12:26:29] [Render thread/DEBUG] (FabricLoader/Mixin) Renaming synthetic method lambda$withExtraModels$2(Lnet/minecraft/client/resources/model/ModelBakery$BakingResult;Ljava/util/Map;)Lnet/minecraft/client/resources/model/ModelBakery$BakingResult; to mdab7149$fabric-model-loading-api-v1$lambda$withExtraModels$2$0 in fabric-model-loading-api-v1.mixins.json:ModelBakerMixin from mod fabric-model-loading-api-v1
[12:26:29] [Render thread/DEBUG] (FabricLoader/Mixin) Renaming synthetic method lambda$withExtraModels$1(Lnet/minecraft/client/resources/model/ModelBakery$ModelBakerImpl;Lnet/fabricmc/fabric/api/client/model/loading/v1/ExtraModelKey;Lnet/fabricmc/fabric/api/client/model/loading/v1/UnbakedExtraModel;)Ljava/lang/Object; to mdab7149$fabric-model-loading-api-v1$lambda$withExtraModels$1$1 in fabric-model-loading-api-v1.mixins.json:ModelBakerMixin from mod fabric-model-loading-api-v1
[12:26:29] [Render thread/DEBUG] (FabricLoader/Mixin) Renaming synthetic method lambda$hookBlockModelBake$0(Ljava/util/function/BiFunction;Lnet/minecraft/world/level/block/state/BlockState;Lnet/minecraft/client/renderer/block/model/BlockStateModel$UnbakedRoot;)Lnet/minecraft/client/renderer/block/model/BlockStateModel; to mdab7149$fabric-model-loading-api-v1$lambda$hookBlockModelBake$0$2 in fabric-model-loading-api-v1.mixins.json:ModelBakerMixin from mod fabric-model-loading-api-v1
[12:26:29] [Render thread/DEBUG] (FabricLoader/Mixin) fabric-model-loading-api-v1.mixins.json:ModelBakerMixin from mod fabric-model-loading-api-v1->@Inject::onReturnInit(Lorg/spongepowered/asm/mixin/injection/callback/CallbackInfo;)V doesn't use it's CallbackInfo
[12:26:29] [Render thread/DEBUG] (FabricLoader/Mixin) fabric-model-loading-api-v1.mixins.json:ModelBakerMixin from mod fabric-model-loading-api-v1->@Inject::onReturnInit(Lorg/spongepowered/asm/mixin/injection/callback/CallbackInfo;)V has 0 override(s) in child classes
[12:26:29] [Render thread/DEBUG] (FabricLoader/Mixin) fabric-model-loading-api-v1.mixins.json:ModelBakerMixin from mod fabric-model-loading-api-v1->@Inject::onReturnInit(Lorg/spongepowered/asm/mixin/injection/callback/CallbackInfo;)V won't be passed a CallbackInfo as a result
[12:26:29] [Render thread/DEBUG] (FabricLoader/Mixin) Mixing features.render.frapi.BlockRenderDispatcherAccessor from sodium-common.mixins.json into net.minecraft.client.renderer.block.BlockRenderDispatcher
[12:26:29] [Render thread/DEBUG] (FabricLoader/Mixin) sodium-common.mixins.json:features.render.frapi.BlockRenderDispatcherAccessor from mod sodium: Class version 65 required is higher than the class version supported by the current version of Mixin (JAVA_17 supports class version 61)
[12:26:29] [Render thread/DEBUG] (FabricLoader/Mixin) Mixing features.render.frapi.BlockRenderDispatcherMixin from sodium-common.mixins.json into net.minecraft.client.renderer.block.BlockRenderDispatcher
[12:26:29] [Render thread/DEBUG] (FabricLoader/Mixin) sodium-common.mixins.json:features.render.frapi.BlockRenderDispatcherMixin from mod sodium: Class version 65 required is higher than the class version supported by the current version of Mixin (JAVA_17 supports class version 61)
[12:26:29] [Render thread/DEBUG] (FabricLoader/Mixin) Renaming synthetic method lambda$renderProxyNeo$2(Lnet/minecraft/client/renderer/MultiBufferSource;Lnet/minecraft/client/renderer/chunk/ChunkSectionLayer;)Lcom/mojang/blaze3d/vertex/VertexConsumer; to mdab7149$sodium$lambda$renderProxyNeo$2$0 in sodium-common.mixins.json:features.render.frapi.BlockRenderDispatcherMixin from mod sodium
[12:26:29] [Render thread/DEBUG] (FabricLoader/Mixin) Renaming synthetic method lambda$renderProxy$1(Lnet/minecraft/client/renderer/MultiBufferSource;Lnet/minecraft/client/renderer/chunk/ChunkSectionLayer;)Lcom/mojang/blaze3d/vertex/VertexConsumer; to mdab7149$sodium$lambda$renderProxy$1$1 in sodium-common.mixins.json:features.render.frapi.BlockRenderDispatcherMixin from mod sodium
[12:26:29] [Render thread/DEBUG] (FabricLoader/Mixin) Renaming synthetic method lambda$afterGetModel$0(Lcom/mojang/blaze3d/vertex/VertexConsumer;Lnet/minecraft/client/renderer/chunk/ChunkSectionLayer;)Lcom/mojang/blaze3d/vertex/VertexConsumer; to mdab7149$sodium$lambda$afterGetModel$0$2 in sodium-common.mixins.json:features.render.frapi.BlockRenderDispatcherMixin from mod sodium
[12:26:29] [Render thread/DEBUG] (FabricLoader/Mixin) Mixing client.block.render.BlockRenderManagerMixin from fabric-renderer-api-v1.mixins.json into net.minecraft.client.renderer.block.BlockRenderDispatcher
[12:26:29] [Render thread/DEBUG] (FabricLoader/Mixin) Mixing KeyedClientResourceReloadListenerMixin from fabric-resource-loader-v1.client.mixins.json into net.minecraft.client.renderer.block.BlockRenderDispatcher
[12:26:29] [Render thread/DEBUG] (FabricLoader/Mixin) sodium-common.mixins.json:features.render.frapi.BlockRenderDispatcherMixin from mod sodium->@Inject::afterGetModel(Lnet/minecraft/world/level/block/state/BlockState;Lnet/minecraft/core/BlockPos;Lnet/minecraft/world/level/BlockAndTintGetter;Lcom/mojang/blaze3d/vertex/PoseStack;Lcom/mojang/blaze3d/vertex/VertexConsumer;Lorg/spongepowered/asm/mixin/injection/callback/CallbackInfo;)V does use it's CallbackInfo
[12:26:29] [Render thread/DEBUG] (FabricLoader/Mixin) Mixing features.render.frapi.ModelBlockRendererMixin from sodium-common.mixins.json into net.minecraft.client.renderer.block.ModelBlockRenderer
[12:26:29] [Render thread/DEBUG] (FabricLoader/Mixin) sodium-common.mixins.json:features.render.frapi.ModelBlockRendererMixin from mod sodium: Class version 65 required is higher than the class version supported by the current version of Mixin (JAVA_17 supports class version 61)
[12:26:29] [Render thread/DEBUG] (FabricLoader/Mixin) Renaming synthetic method lambda$renderModel$0(Lcom/mojang/blaze3d/vertex/VertexConsumer;Lnet/minecraft/client/renderer/chunk/ChunkSectionLayer;)Lcom/mojang/blaze3d/vertex/VertexConsumer; to mdab7149$sodium$lambda$renderModel$0$0 in sodium-common.mixins.json:features.render.frapi.ModelBlockRendererMixin from mod sodium
[12:26:29] [Render thread/DEBUG] (FabricLoader/Mixin) Mixing features.render.frapi.ModelBlockRendererAccessor from sodium-common.mixins.json into net.minecraft.client.renderer.block.ModelBlockRenderer
[12:26:29] [Render thread/DEBUG] (FabricLoader/Mixin) sodium-common.mixins.json:features.render.frapi.ModelBlockRendererAccessor from mod sodium: Class version 65 required is higher than the class version supported by the current version of Mixin (JAVA_17 supports class version 61)
[12:26:29] [Render thread/DEBUG] (FabricLoader/Mixin) Mixing features.textures.animations.tracking.ModelBlockRendererMixin from sodium-common.mixins.json into net.minecraft.client.renderer.block.ModelBlockRenderer
[12:26:29] [Render thread/DEBUG] (FabricLoader/Mixin) sodium-common.mixins.json:features.textures.animations.tracking.ModelBlockRendererMixin from mod sodium: Class version 65 required is higher than the class version supported by the current version of Mixin (JAVA_17 supports class version 61)
[12:26:29] [Render thread/DEBUG] (FabricLoader/Mixin) Mixing features.render.model.block.ModelBlockRendererMixin from sodium-fabric.mixins.json into net.minecraft.client.renderer.block.ModelBlockRenderer
[12:26:29] [Render thread/DEBUG] (FabricLoader/Mixin) sodium-fabric.mixins.json:features.render.model.block.ModelBlockRendererMixin from mod sodium: Class version 65 required is higher than the class version supported by the current version of Mixin (JAVA_17 supports class version 61)
[12:26:29] [Render thread/DEBUG] (FabricLoader/Mixin) Renaming synthetic method lambda$static$1()Ljava/util/List; to mdab7149$sodium$lambda$static$1$1 in sodium-fabric.mixins.json:features.render.model.block.ModelBlockRendererMixin from mod sodium
[12:26:29] [Render thread/DEBUG] (FabricLoader/Mixin) Renaming synthetic method lambda$static$0()Lnet/minecraft/util/RandomSource; to mdab7149$sodium$lambda$static$0$2 in sodium-fabric.mixins.json:features.render.model.block.ModelBlockRendererMixin from mod sodium
[12:26:29] [Render thread/DEBUG] (FabricLoader/Mixin) Mixing client.block.render.BlockModelRendererMixin from fabric-renderer-api-v1.mixins.json into net.minecraft.client.renderer.block.ModelBlockRenderer
[12:26:29] [Render thread/DEBUG] (FabricLoader/Mixin) sodium-common.mixins.json:features.textures.animations.tracking.ModelBlockRendererMixin from mod sodium->@Inject::preRenderQuad(Lnet/minecraft/world/level/BlockAndTintGetter;Lnet/minecraft/world/level/block/state/BlockState;Lnet/minecraft/core/BlockPos;Lcom/mojang/blaze3d/vertex/VertexConsumer;Lcom/mojang/blaze3d/vertex/PoseStack$Pose;Lnet/minecraft/client/renderer/block/model/BakedQuad;Ljava/lang/Object;ILorg/spongepowered/asm/mixin/injection/callback/CallbackInfo;)V doesn't use it's CallbackInfo
[12:26:29] [Render thread/DEBUG] (FabricLoader/Mixin) sodium-common.mixins.json:features.textures.animations.tracking.ModelBlockRendererMixin from mod sodium->@Inject::preRenderQuad(Lnet/minecraft/world/level/BlockAndTintGetter;Lnet/minecraft/world/level/block/state/BlockState;Lnet/minecraft/core/BlockPos;Lcom/mojang/blaze3d/vertex/VertexConsumer;Lcom/mojang/blaze3d/vertex/PoseStack$Pose;Lnet/minecraft/client/renderer/block/model/BakedQuad;Ljava/lang/Object;ILorg/spongepowered/asm/mixin/injection/callback/CallbackInfo;)V has 0 override(s) in child classes
[12:26:29] [Render thread/DEBUG] (FabricLoader/Mixin) sodium-common.mixins.json:features.textures.animations.tracking.ModelBlockRendererMixin from mod sodium->@Inject::preRenderQuad(Lnet/minecraft/world/level/BlockAndTintGetter;Lnet/minecraft/world/level/block/state/BlockState;Lnet/minecraft/core/BlockPos;Lcom/mojang/blaze3d/vertex/VertexConsumer;Lcom/mojang/blaze3d/vertex/PoseStack$Pose;Lnet/minecraft/client/renderer/block/model/BakedQuad;Ljava/lang/Object;ILorg/spongepowered/asm/mixin/injection/callback/CallbackInfo;)V won't be passed a CallbackInfo as a result
[12:26:29] [Render thread/DEBUG] (FabricLoader/Mixin) sodium-fabric.mixins.json:features.render.model.block.ModelBlockRendererMixin from mod sodium->@Inject::renderFast(Lcom/mojang/blaze3d/vertex/PoseStack$Pose;Lcom/mojang/blaze3d/vertex/VertexConsumer;Lnet/minecraft/client/renderer/block/model/BlockStateModel;FFFIILorg/spongepowered/asm/mixin/injection/callback/CallbackInfo;)V does use it's CallbackInfo
[12:26:29] [Render thread/DEBUG] (FabricLoader/Mixin) Mixing FluidRendererMixin from fabric-rendering-fluids-v1.mixins.json into net.minecraft.client.renderer.block.LiquidBlockRenderer
[12:26:29] [Render thread/DEBUG] (FabricLoader/Mixin) fabric-rendering-fluids-v1.mixins.json:FluidRendererMixin from mod fabric-rendering-fluids-v1->@Inject::onResourceReloadReturn(Lorg/spongepowered/asm/mixin/injection/callback/CallbackInfo;)V doesn't use it's CallbackInfo
[12:26:29] [Render thread/DEBUG] (FabricLoader/Mixin) fabric-rendering-fluids-v1.mixins.json:FluidRendererMixin from mod fabric-rendering-fluids-v1->@Inject::onResourceReloadReturn(Lorg/spongepowered/asm/mixin/injection/callback/CallbackInfo;)V has 0 override(s) in child classes
[12:26:29] [Render thread/DEBUG] (FabricLoader/Mixin) fabric-rendering-fluids-v1.mixins.json:FluidRendererMixin from mod fabric-rendering-fluids-v1->@Inject::onResourceReloadReturn(Lorg/spongepowered/asm/mixin/injection/callback/CallbackInfo;)V won't be passed a CallbackInfo as a result
[12:26:29] [Render thread/DEBUG] (FabricLoader/Mixin) fabric-rendering-fluids-v1.mixins.json:FluidRendererMixin from mod fabric-rendering-fluids-v1->@Inject::onHeadRender(Lnet/minecraft/world/level/BlockAndTintGetter;Lnet/minecraft/core/BlockPos;Lcom/mojang/blaze3d/vertex/VertexConsumer;Lnet/minecraft/world/level/block/state/BlockState;Lnet/minecraft/world/level/material/FluidState;Lorg/spongepowered/asm/mixin/injection/callback/CallbackInfo;)V does use it's CallbackInfo
[12:26:29] [Render thread/DEBUG] (FabricLoader/Mixin) Mixing core.model.TextureAtlasSpriteMixin from sodium-common.mixins.json into net.minecraft.client.renderer.texture.TextureAtlasSprite
[12:26:29] [Render thread/DEBUG] (FabricLoader/Mixin) sodium-common.mixins.json:core.model.TextureAtlasSpriteMixin from mod sodium: Class version 65 required is higher than the class version supported by the current version of Mixin (JAVA_17 supports class version 61)
[12:26:29] [Render thread/DEBUG] (FabricLoader/Mixin) Mixing features.textures.animations.tracking.TextureAtlasSpriteMixin from sodium-common.mixins.json into net.minecraft.client.renderer.texture.TextureAtlasSprite
[12:26:29] [Render thread/DEBUG] (FabricLoader/Mixin) sodium-common.mixins.json:features.textures.animations.tracking.TextureAtlasSpriteMixin from mod sodium: Class version 65 required is higher than the class version supported by the current version of Mixin (JAVA_17 supports class version 61)
[12:26:29] [Render thread/DEBUG] (FabricLoader/Mixin) Mixing features.textures.scan.TextureAtlasSpriteMixin from sodium-common.mixins.json into net.minecraft.client.renderer.texture.TextureAtlasSprite
[12:26:29] [Render thread/DEBUG] (FabricLoader/Mixin) sodium-common.mixins.json:features.textures.scan.TextureAtlasSpriteMixin from mod sodium: Class version 65 required is higher than the class version supported by the current version of Mixin (JAVA_17 supports class version 61)
[12:26:29] [Render thread/DEBUG] (FabricLoader/Mixin) sodium-common.mixins.json:features.textures.animations.tracking.TextureAtlasSpriteMixin from mod sodium->@Inject::markSpriteAsActive(Lorg/spongepowered/asm/mixin/injection/callback/CallbackInfoReturnable;)V doesn't use it's CallbackInfoReturnable
[12:26:29] [Render thread/DEBUG] (FabricLoader/Mixin) sodium-common.mixins.json:features.textures.animations.tracking.TextureAtlasSpriteMixin from mod sodium->@Inject::markSpriteAsActive(Lorg/spongepowered/asm/mixin/injection/callback/CallbackInfoReturnable;)V has 0 override(s) in child classes
[12:26:29] [Render thread/DEBUG] (FabricLoader/Mixin) sodium-common.mixins.json:features.textures.animations.tracking.TextureAtlasSpriteMixin from mod sodium->@Inject::markSpriteAsActive(Lorg/spongepowered/asm/mixin/injection/callback/CallbackInfoReturnable;)V won't be passed a CallbackInfoReturnable as a result
[12:26:29] [Render thread/DEBUG] (FabricLoader/Mixin) Mixing renderer.entity.MixinEntityRendererDispatcher from fabric-badoptimizations.mixins.json into net.minecraft.client.renderer.entity.EntityRenderDispatcher
[12:26:29] [Render thread/DEBUG] (FabricLoader/Mixin) fabric-badoptimizations.mixins.json:renderer.entity.MixinEntityRendererDispatcher from mod badoptimizations: Class version 65 required is higher than the class version supported by the current version of Mixin (JAVA_17 supports class version 61)
[12:26:29] [Render thread/DEBUG] (FabricLoader/Mixin) Mixing MixinEntityRenderDispatcher from infernum.mixins.json into net.minecraft.client.renderer.entity.EntityRenderDispatcher
[12:26:29] [Render thread/DEBUG] (FabricLoader/Mixin) Mixing MixinEntityRenderDispatcher from mixins.iris.json into net.minecraft.client.renderer.entity.EntityRenderDispatcher
[12:26:29] [Render thread/DEBUG] (FabricLoader/Mixin) mixins.iris.json:MixinEntityRenderDispatcher from mod iris: Class version 65 required is higher than the class version supported by the current version of Mixin (JAVA_8 supports class version 52)
[12:26:29] [Render thread/DEBUG] (FabricLoader/Mixin) Mixing entity_render_context.MixinEntityRenderDispatcher from mixins.iris.json into net.minecraft.client.renderer.entity.EntityRenderDispatcher
[12:26:29] [Render thread/DEBUG] (FabricLoader/Mixin) mixins.iris.json:entity_render_context.MixinEntityRenderDispatcher from mod iris: Class version 65 required is higher than the class version supported by the current version of Mixin (JAVA_8 supports class version 52)
[12:26:29] [Render thread/DEBUG] (FabricLoader/Mixin) Renaming synthetic method lambda$iris$beginEntityRender$1(Lnet/minecraft/client/renderer/entity/state/EntityRenderState;Ljava/lang/Object;)Lnet/irisshaders/iris/shaderpack/materialmap/NamespacedId; to mdab7149$iris$lambda$iris$beginEntityRender$1$0 in mixins.iris.json:entity_render_context.MixinEntityRenderDispatcher from mod iris
[12:26:29] [Render thread/DEBUG] (FabricLoader/Mixin) Renaming synthetic method lambda$iris$beginEntityRender$0(Lnet/minecraft/client/renderer/entity/state/EntityRenderState;Ljava/lang/Object;)Lnet/irisshaders/iris/shaderpack/materialmap/NamespacedId; to mdab7149$iris$lambda$iris$beginEntityRender$0$1 in mixins.iris.json:entity_render_context.MixinEntityRenderDispatcher from mod iris
[12:26:29] [Render thread/DEBUG] (FabricLoader/Mixin) Mixing EntityRenderManagerMixin from fabric-rendering-v1.mixins.json into net.minecraft.client.renderer.entity.EntityRenderDispatcher
[12:26:29] [Render thread/DEBUG] (FabricLoader/Mixin) Mixing KeyedClientResourceReloadListenerMixin from fabric-resource-loader-v1.client.mixins.json into net.minecraft.client.renderer.entity.EntityRenderDispatcher
[12:26:29] [Render thread/DEBUG] (FabricLoader/Mixin) fabric-badoptimizations.mixins.json:renderer.entity.MixinEntityRendererDispatcher from mod badoptimizations->@Inject::afterReload(Lnet/minecraft/server/packs/resources/ResourceManager;Lorg/spongepowered/asm/mixin/injection/callback/CallbackInfo;)V doesn't use it's CallbackInfo
[12:26:29] [Render thread/DEBUG] (FabricLoader/Mixin) fabric-badoptimizations.mixins.json:renderer.entity.MixinEntityRendererDispatcher from mod badoptimizations->@Inject::afterReload(Lnet/minecraft/server/packs/resources/ResourceManager;Lorg/spongepowered/asm/mixin/injection/callback/CallbackInfo;)V has 0 override(s) in child classes
[12:26:29] [Render thread/DEBUG] (FabricLoader/Mixin) fabric-badoptimizations.mixins.json:renderer.entity.MixinEntityRendererDispatcher from mod badoptimizations->@Inject::afterReload(Lnet/minecraft/server/packs/resources/ResourceManager;Lorg/spongepowered/asm/mixin/injection/callback/CallbackInfo;)V won't be passed a CallbackInfo as a result
[12:26:29] [Render thread/DEBUG] (FabricLoader/Mixin) infernum.mixins.json:MixinEntityRenderDispatcher from mod infernum->@Inject::onShouldRender(Lnet/minecraft/world/entity/Entity;Lnet/minecraft/client/renderer/culling/Frustum;DDDLorg/spongepowered/asm/mixin/injection/callback/CallbackInfoReturnable;)V does use it's CallbackInfoReturnable
[12:26:29] [Render thread/DEBUG] (FabricLoader/Mixin) mixins.iris.json:entity_render_context.MixinEntityRenderDispatcher from mod iris->@Inject::iris$beginEntityRender(Lnet/minecraft/client/renderer/entity/state/EntityRenderState;Lnet/minecraft/client/renderer/state/CameraRenderState;DDDLcom/mojang/blaze3d/vertex/PoseStack;Lnet/minecraft/client/renderer/SubmitNodeCollector;Lorg/spongepowered/asm/mixin/injection/callback/CallbackInfo;)V doesn't use it's CallbackInfo
[12:26:29] [Render thread/DEBUG] (FabricLoader/Mixin) mixins.iris.json:entity_render_context.MixinEntityRenderDispatcher from mod iris->@Inject::iris$beginEntityRender(Lnet/minecraft/client/renderer/entity/state/EntityRenderState;Lnet/minecraft/client/renderer/state/CameraRenderState;DDDLcom/mojang/blaze3d/vertex/PoseStack;Lnet/minecraft/client/renderer/SubmitNodeCollector;Lorg/spongepowered/asm/mixin/injection/callback/CallbackInfo;)V has 0 override(s) in child classes
[12:26:29] [Render thread/DEBUG] (FabricLoader/Mixin) mixins.iris.json:entity_render_context.MixinEntityRenderDispatcher from mod iris->@Inject::iris$beginEntityRender(Lnet/minecraft/client/renderer/entity/state/EntityRenderState;Lnet/minecraft/client/renderer/state/CameraRenderState;DDDLcom/mojang/blaze3d/vertex/PoseStack;Lnet/minecraft/client/renderer/SubmitNodeCollector;Lorg/spongepowered/asm/mixin/injection/callback/CallbackInfo;)V won't be passed a CallbackInfo as a result
[12:26:29] [Render thread/DEBUG] (FabricLoader/Mixin) mixins.iris.json:entity_render_context.MixinEntityRenderDispatcher from mod iris->@Inject::iris$endEntityRender(Lnet/minecraft/client/renderer/entity/state/EntityRenderState;Lnet/minecraft/client/renderer/state/CameraRenderState;DDDLcom/mojang/blaze3d/vertex/PoseStack;Lnet/minecraft/client/renderer/SubmitNodeCollector;Lorg/spongepowered/asm/mixin/injection/callback/CallbackInfo;)V doesn't use it's CallbackInfo
[12:26:29] [Render thread/DEBUG] (FabricLoader/Mixin) mixins.iris.json:entity_render_context.MixinEntityRenderDispatcher from mod iris->@Inject::iris$endEntityRender(Lnet/minecraft/client/renderer/entity/state/EntityRenderState;Lnet/minecraft/client/renderer/state/CameraRenderState;DDDLcom/mojang/blaze3d/vertex/PoseStack;Lnet/minecraft/client/renderer/SubmitNodeCollector;Lorg/spongepowered/asm/mixin/injection/callback/CallbackInfo;)V has 0 override(s) in child classes
[12:26:29] [Render thread/DEBUG] (FabricLoader/Mixin) mixins.iris.json:entity_render_context.MixinEntityRenderDispatcher from mod iris->@Inject::iris$endEntityRender(Lnet/minecraft/client/renderer/entity/state/EntityRenderState;Lnet/minecraft/client/renderer/state/CameraRenderState;DDDLcom/mojang/blaze3d/vertex/PoseStack;Lnet/minecraft/client/renderer/SubmitNodeCollector;Lorg/spongepowered/asm/mixin/injection/callback/CallbackInfo;)V won't be passed a CallbackInfo as a result
[12:26:29] [Render thread/DEBUG] (FabricLoader/Mixin) fabric-rendering-v1.mixins.json:EntityRenderManagerMixin from mod fabric-rendering-v1->@Inject::createArmorRenderers(Lnet/minecraft/server/packs/resources/ResourceManager;Lorg/spongepowered/asm/mixin/injection/callback/CallbackInfo;)V doesn't use it's CallbackInfo
[12:26:29] [Render thread/DEBUG] (FabricLoader/Mixin) fabric-rendering-v1.mixins.json:EntityRenderManagerMixin from mod fabric-rendering-v1->@Inject::createArmorRenderers(Lnet/minecraft/server/packs/resources/ResourceManager;Lorg/spongepowered/asm/mixin/injection/callback/CallbackInfo;)V has 0 override(s) in child classes
[12:26:29] [Render thread/DEBUG] (FabricLoader/Mixin) fabric-rendering-v1.mixins.json:EntityRenderManagerMixin from mod fabric-rendering-v1->@Inject::createArmorRenderers(Lnet/minecraft/server/packs/resources/ResourceManager;Lorg/spongepowered/asm/mixin/injection/callback/CallbackInfo;)V won't be passed a CallbackInfo as a result
[12:26:29] [Render thread/DEBUG] (FabricLoader/Mixin) Mixing MixinItemInHandRenderer from mixins.iris.json into net.minecraft.client.renderer.ItemInHandRenderer
[12:26:29] [Render thread/DEBUG] (FabricLoader/Mixin) mixins.iris.json:MixinItemInHandRenderer from mod iris: Class version 65 required is higher than the class version supported by the current version of Mixin (JAVA_8 supports class version 52)
[12:26:29] [Render thread/DEBUG] (FabricLoader/Mixin) Mixing HeldItemRendererMixin from fabric-item-api-v1.client.mixins.json into net.minecraft.client.renderer.ItemInHandRenderer
[12:26:29] [Render thread/DEBUG] (FabricLoader/Mixin) mixins.iris.json:MixinItemInHandRenderer from mod iris->@Inject::iris$skipTranslucentHands(Lnet/minecraft/client/player/AbstractClientPlayer;FFLnet/minecraft/world/InteractionHand;FLnet/minecraft/world/item/ItemStack;FLcom/mojang/blaze3d/vertex/PoseStack;Lnet/minecraft/client/renderer/SubmitNodeCollector;ILorg/spongepowered/asm/mixin/injection/callback/CallbackInfo;)V does use it's CallbackInfo
[12:26:29] [Render thread/DEBUG] (FabricLoader/Mixin) fabric-item-api-v1.client.mixins.json:HeldItemRendererMixin from mod fabric-item-api-v1->@Inject::modifyProgressAnimation(Lorg/spongepowered/asm/mixin/injection/callback/CallbackInfo;)V doesn't use it's CallbackInfo
[12:26:29] [Render thread/DEBUG] (FabricLoader/Mixin) fabric-item-api-v1.client.mixins.json:HeldItemRendererMixin from mod fabric-item-api-v1->@Inject::modifyProgressAnimation(Lorg/spongepowered/asm/mixin/injection/callback/CallbackInfo;)V has 0 override(s) in child classes
[12:26:29] [Render thread/DEBUG] (FabricLoader/Mixin) fabric-item-api-v1.client.mixins.json:HeldItemRendererMixin from mod fabric-item-api-v1->@Inject::modifyProgressAnimation(Lorg/spongepowered/asm/mixin/injection/callback/CallbackInfo;)V won't be passed a CallbackInfo as a result
[12:26:29] [Render thread/DEBUG] (FabricLoader/Mixin) Mixing map_atlas_generation.MixinMapRenderState from immediatelyfast-common.mixins.json into net.minecraft.client.renderer.state.MapRenderState
[12:26:29] [Render thread/DEBUG] (FabricLoader/Mixin) Mixing RenderStateMixin from fabric-rendering-v1.mixins.json into net.minecraft.client.renderer.state.MapRenderState
[12:26:29] [Render thread/DEBUG] (FabricLoader/Mixin) Mixing renderer.blockentity.MixinBlockEntityRenderDispatcher from fabric-badoptimizations.mixins.json into net.minecraft.client.renderer.blockentity.BlockEntityRenderDispatcher
[12:26:29] [Render thread/DEBUG] (FabricLoader/Mixin) fabric-badoptimizations.mixins.json:renderer.blockentity.MixinBlockEntityRenderDispatcher from mod badoptimizations: Class version 65 required is higher than the class version supported by the current version of Mixin (JAVA_17 supports class version 61)
[12:26:29] [Render thread/DEBUG] (FabricLoader/Mixin) Mixing entity_render_context.MixinBlockEntityRenderDispatcher from mixins.iris.json into net.minecraft.client.renderer.blockentity.BlockEntityRenderDispatcher
[12:26:29] [Render thread/DEBUG] (FabricLoader/Mixin) mixins.iris.json:entity_render_context.MixinBlockEntityRenderDispatcher from mod iris: Class version 65 required is higher than the class version supported by the current version of Mixin (JAVA_8 supports class version 52)
[12:26:29] [Render thread/DEBUG] (FabricLoader/Mixin) Mixing KeyedClientResourceReloadListenerMixin from fabric-resource-loader-v1.client.mixins.json into net.minecraft.client.renderer.blockentity.BlockEntityRenderDispatcher
[12:26:29] [Render thread/DEBUG] (FabricLoader/Mixin) Mixing BlockEntityRenderDispatcherMixin from entityculling.mixins.json into net.minecraft.client.renderer.blockentity.BlockEntityRenderDispatcher
[12:26:29] [Render thread/DEBUG] (FabricLoader/Mixin) entityculling.mixins.json:BlockEntityRenderDispatcherMixin from mod entityculling: Class version 65 required is higher than the class version supported by the current version of Mixin (JAVA_16 supports class version 60)
[12:26:29] [Render thread/DEBUG] (FabricLoader/Mixin) fabric-badoptimizations.mixins.json:renderer.blockentity.MixinBlockEntityRenderDispatcher from mod badoptimizations->@Inject::afterReload(Lnet/minecraft/server/packs/resources/ResourceManager;Lorg/spongepowered/asm/mixin/injection/callback/CallbackInfo;)V doesn't use it's CallbackInfo
[12:26:29] [Render thread/DEBUG] (FabricLoader/Mixin) fabric-badoptimizations.mixins.json:renderer.blockentity.MixinBlockEntityRenderDispatcher from mod badoptimizations->@Inject::afterReload(Lnet/minecraft/server/packs/resources/ResourceManager;Lorg/spongepowered/asm/mixin/injection/callback/CallbackInfo;)V has 0 override(s) in child classes
[12:26:29] [Render thread/DEBUG] (FabricLoader/Mixin) fabric-badoptimizations.mixins.json:renderer.blockentity.MixinBlockEntityRenderDispatcher from mod badoptimizations->@Inject::afterReload(Lnet/minecraft/server/packs/resources/ResourceManager;Lorg/spongepowered/asm/mixin/injection/callback/CallbackInfo;)V won't be passed a CallbackInfo as a result
[12:26:29] [Render thread/DEBUG] (FabricLoader/Mixin) mixins.iris.json:entity_render_context.MixinBlockEntityRenderDispatcher from mod iris->@Inject::iris$beginEntityRender(Lnet/minecraft/client/renderer/blockentity/state/BlockEntityRenderState;Lcom/mojang/blaze3d/vertex/PoseStack;Lnet/minecraft/client/renderer/SubmitNodeCollector;Lnet/minecraft/client/renderer/state/CameraRenderState;Lorg/spongepowered/asm/mixin/injection/callback/CallbackInfo;)V doesn't use it's CallbackInfo
[12:26:29] [Render thread/DEBUG] (FabricLoader/Mixin) mixins.iris.json:entity_render_context.MixinBlockEntityRenderDispatcher from mod iris->@Inject::iris$beginEntityRender(Lnet/minecraft/client/renderer/blockentity/state/BlockEntityRenderState;Lcom/mojang/blaze3d/vertex/PoseStack;Lnet/minecraft/client/renderer/SubmitNodeCollector;Lnet/minecraft/client/renderer/state/CameraRenderState;Lorg/spongepowered/asm/mixin/injection/callback/CallbackInfo;)V has 0 override(s) in child classes
[12:26:29] [Render thread/DEBUG] (FabricLoader/Mixin) mixins.iris.json:entity_render_context.MixinBlockEntityRenderDispatcher from mod iris->@Inject::iris$beginEntityRender(Lnet/minecraft/client/renderer/blockentity/state/BlockEntityRenderState;Lcom/mojang/blaze3d/vertex/PoseStack;Lnet/minecraft/client/renderer/SubmitNodeCollector;Lnet/minecraft/client/renderer/state/CameraRenderState;Lorg/spongepowered/asm/mixin/injection/callback/CallbackInfo;)V won't be passed a CallbackInfo as a result
[12:26:29] [Render thread/DEBUG] (FabricLoader/Mixin) mixins.iris.json:entity_render_context.MixinBlockEntityRenderDispatcher from mod iris->@Inject::iris$endEntityRender(Lnet/minecraft/client/renderer/blockentity/state/BlockEntityRenderState;Lcom/mojang/blaze3d/vertex/PoseStack;Lnet/minecraft/client/renderer/SubmitNodeCollector;Lnet/minecraft/client/renderer/state/CameraRenderState;Lorg/spongepowered/asm/mixin/injection/callback/CallbackInfo;)V doesn't use it's CallbackInfo
[12:26:29] [Render thread/DEBUG] (FabricLoader/Mixin) mixins.iris.json:entity_render_context.MixinBlockEntityRenderDispatcher from mod iris->@Inject::iris$endEntityRender(Lnet/minecraft/client/renderer/blockentity/state/BlockEntityRenderState;Lcom/mojang/blaze3d/vertex/PoseStack;Lnet/minecraft/client/renderer/SubmitNodeCollector;Lnet/minecraft/client/renderer/state/CameraRenderState;Lorg/spongepowered/asm/mixin/injection/callback/CallbackInfo;)V has 0 override(s) in child classes
[12:26:29] [Render thread/DEBUG] (FabricLoader/Mixin) mixins.iris.json:entity_render_context.MixinBlockEntityRenderDispatcher from mod iris->@Inject::iris$endEntityRender(Lnet/minecraft/client/renderer/blockentity/state/BlockEntityRenderState;Lcom/mojang/blaze3d/vertex/PoseStack;Lnet/minecraft/client/renderer/SubmitNodeCollector;Lnet/minecraft/client/renderer/state/CameraRenderState;Lorg/spongepowered/asm/mixin/injection/callback/CallbackInfo;)V won't be passed a CallbackInfo as a result
[12:26:29] [Render thread/DEBUG] (FabricLoader/Mixin) mixins.iris.json:entity_render_context.MixinBlockEntityRenderDispatcher from mod iris->@Inject::iris$endEntityRender(Lnet/minecraft/client/renderer/blockentity/state/BlockEntityRenderState;Lcom/mojang/blaze3d/vertex/PoseStack;Lnet/minecraft/client/renderer/SubmitNodeCollector;Lnet/minecraft/client/renderer/state/CameraRenderState;Lorg/spongepowered/asm/mixin/injection/callback/CallbackInfo;)V doesn't use it's CallbackInfo
[12:26:29] [Render thread/DEBUG] (FabricLoader/Mixin) mixins.iris.json:entity_render_context.MixinBlockEntityRenderDispatcher from mod iris->@Inject::iris$endEntityRender(Lnet/minecraft/client/renderer/blockentity/state/BlockEntityRenderState;Lcom/mojang/blaze3d/vertex/PoseStack;Lnet/minecraft/client/renderer/SubmitNodeCollector;Lnet/minecraft/client/renderer/state/CameraRenderState;Lorg/spongepowered/asm/mixin/injection/callback/CallbackInfo;)V has 0 override(s) in child classes
[12:26:29] [Render thread/DEBUG] (FabricLoader/Mixin) mixins.iris.json:entity_render_context.MixinBlockEntityRenderDispatcher from mod iris->@Inject::iris$endEntityRender(Lnet/minecraft/client/renderer/blockentity/state/BlockEntityRenderState;Lcom/mojang/blaze3d/vertex/PoseStack;Lnet/minecraft/client/renderer/SubmitNodeCollector;Lnet/minecraft/client/renderer/state/CameraRenderState;Lorg/spongepowered/asm/mixin/injection/callback/CallbackInfo;)V won't be passed a CallbackInfo as a result
[12:26:29] [Render thread/DEBUG] (FabricLoader/Mixin) entityculling.mixins.json:BlockEntityRenderDispatcherMixin from mod entityculling->@Inject::tryExtractRenderState(Lnet/minecraft/world/level/block/entity/BlockEntity;FLnet/minecraft/client/renderer/feature/ModelFeatureRenderer$CrumblingOverlay;Lorg/spongepowered/asm/mixin/injection/callback/CallbackInfoReturnable;)V does use it's CallbackInfoReturnable
[12:26:29] [Render thread/DEBUG] (FabricLoader/Mixin) Mixing ParticleSpriteManagerMixin from fabric-registry-sync-v0.client.mixins.json into net.minecraft.client.particle.ParticleResources
[12:26:29] [Render thread/DEBUG] (FabricLoader/Mixin) Mixing ParticleSpriteManagerMixin from fabric-particles-v1.client.mixins.json into net.minecraft.client.particle.ParticleResources
[12:26:29] [Render thread/DEBUG] (FabricLoader/Mixin) Mixing KeyedClientResourceReloadListenerMixin from fabric-resource-loader-v1.client.mixins.json into net.minecraft.client.particle.ParticleResources
[12:26:29] [Render thread/DEBUG] (FabricLoader/Mixin) fabric-registry-sync-v0.client.mixins.json:ParticleSpriteManagerMixin from mod fabric-registry-sync-v0->@Inject::onInit(Lorg/spongepowered/asm/mixin/injection/callback/CallbackInfo;)V doesn't use it's CallbackInfo
[12:26:29] [Render thread/DEBUG] (FabricLoader/Mixin) fabric-registry-sync-v0.client.mixins.json:ParticleSpriteManagerMixin from mod fabric-registry-sync-v0->@Inject::onInit(Lorg/spongepowered/asm/mixin/injection/callback/CallbackInfo;)V has 0 override(s) in child classes
[12:26:29] [Render thread/DEBUG] (FabricLoader/Mixin) fabric-registry-sync-v0.client.mixins.json:ParticleSpriteManagerMixin from mod fabric-registry-sync-v0->@Inject::onInit(Lorg/spongepowered/asm/mixin/injection/callback/CallbackInfo;)V won't be passed a CallbackInfo as a result
[12:26:29] [Render thread/DEBUG] (FabricLoader/Mixin) fabric-particles-v1.client.mixins.json:ParticleSpriteManagerMixin from mod fabric-particles-v1->@Inject::onRegisterDefaultFactories(Lorg/spongepowered/asm/mixin/injection/callback/CallbackInfo;)V doesn't use it's CallbackInfo
[12:26:29] [Render thread/DEBUG] (FabricLoader/Mixin) fabric-particles-v1.client.mixins.json:ParticleSpriteManagerMixin from mod fabric-particles-v1->@Inject::onRegisterDefaultFactories(Lorg/spongepowered/asm/mixin/injection/callback/CallbackInfo;)V has 0 override(s) in child classes
[12:26:29] [Render thread/DEBUG] (FabricLoader/Mixin) fabric-particles-v1.client.mixins.json:ParticleSpriteManagerMixin from mod fabric-particles-v1->@Inject::onRegisterDefaultFactories(Lorg/spongepowered/asm/mixin/injection/callback/CallbackInfo;)V won't be passed a CallbackInfo as a result
[12:26:29] [Render thread/DEBUG] (FabricLoader/Mixin) Mixing features.textures.animations.tracking.TextureSheetParticleMixin from sodium-common.mixins.json into net.minecraft.client.particle.SingleQuadParticle
[12:26:29] [Render thread/DEBUG] (FabricLoader/Mixin) sodium-common.mixins.json:features.textures.animations.tracking.TextureSheetParticleMixin from mod sodium: Class version 65 required is higher than the class version supported by the current version of Mixin (JAVA_17 supports class version 61)
[12:26:29] [Render thread/DEBUG] (FabricLoader/Mixin) sodium-common.mixins.json:features.textures.animations.tracking.TextureSheetParticleMixin from mod sodium->@Inject::afterSetSprite(Lnet/minecraft/client/renderer/texture/TextureAtlasSprite;Lorg/spongepowered/asm/mixin/injection/callback/CallbackInfo;)V doesn't use it's CallbackInfo
[12:26:29] [Render thread/DEBUG] (FabricLoader/Mixin) sodium-common.mixins.json:features.textures.animations.tracking.TextureSheetParticleMixin from mod sodium->@Inject::afterSetSprite(Lnet/minecraft/client/renderer/texture/TextureAtlasSprite;Lorg/spongepowered/asm/mixin/injection/callback/CallbackInfo;)V has 0 override(s) in child classes
[12:26:29] [Render thread/DEBUG] (FabricLoader/Mixin) sodium-common.mixins.json:features.textures.animations.tracking.TextureSheetParticleMixin from mod sodium->@Inject::afterSetSprite(Lnet/minecraft/client/renderer/texture/TextureAtlasSprite;Lorg/spongepowered/asm/mixin/injection/callback/CallbackInfo;)V won't be passed a CallbackInfo as a result
[12:26:29] [Render thread/DEBUG] (FabricLoader/Mixin) sodium-common.mixins.json:features.textures.animations.tracking.TextureSheetParticleMixin from mod sodium->@Inject::sodium$tickSprite(Lnet/minecraft/client/renderer/state/QuadParticleRenderState;Lorg/joml/Quaternionf;FFFFLorg/spongepowered/asm/mixin/injection/callback/CallbackInfo;)V doesn't use it's CallbackInfo
[12:26:29] [Render thread/DEBUG] (FabricLoader/Mixin) sodium-common.mixins.json:features.textures.animations.tracking.TextureSheetParticleMixin from mod sodium->@Inject::sodium$tickSprite(Lnet/minecraft/client/renderer/state/QuadParticleRenderState;Lorg/joml/Quaternionf;FFFFLorg/spongepowered/asm/mixin/injection/callback/CallbackInfo;)V has 0 override(s) in child classes
[12:26:29] [Render thread/DEBUG] (FabricLoader/Mixin) sodium-common.mixins.json:features.textures.animations.tracking.TextureSheetParticleMixin from mod sodium->@Inject::sodium$tickSprite(Lnet/minecraft/client/renderer/state/QuadParticleRenderState;Lorg/joml/Quaternionf;FFFFLorg/spongepowered/asm/mixin/injection/callback/CallbackInfo;)V won't be passed a CallbackInfo as a result
[12:26:29] [Render thread/DEBUG] (FabricLoader/Mixin) Mixing MixinStationaryItemParticle from mixins.iris.fantastic.json into net.minecraft.client.particle.BlockMarker
[12:26:29] [Render thread/DEBUG] (FabricLoader/Mixin) mixins.iris.fantastic.json:MixinStationaryItemParticle from mod iris: Class version 65 required is higher than the class version supported by the current version of Mixin (JAVA_8 supports class version 52)
[12:26:29] [Render thread/DEBUG] (FabricLoader/Mixin) Mixing client.block.particle.BlockMarkerParticleMixin from fabric-renderer-api-v1.mixins.json into net.minecraft.client.particle.BlockMarker
[12:26:29] [Render thread/DEBUG] (FabricLoader/Mixin) mixins.iris.fantastic.json:MixinStationaryItemParticle from mod iris->@Inject::iris$resolveTranslucency(Lnet/minecraft/client/multiplayer/ClientLevel;DDDLnet/minecraft/world/level/block/state/BlockState;Lorg/spongepowered/asm/mixin/injection/callback/CallbackInfo;)V doesn't use it's CallbackInfo
[12:26:29] [Render thread/DEBUG] (FabricLoader/Mixin) mixins.iris.fantastic.json:MixinStationaryItemParticle from mod iris->@Inject::iris$resolveTranslucency(Lnet/minecraft/client/multiplayer/ClientLevel;DDDLnet/minecraft/world/level/block/state/BlockState;Lorg/spongepowered/asm/mixin/injection/callback/CallbackInfo;)V has 0 override(s) in child classes
[12:26:29] [Render thread/DEBUG] (FabricLoader/Mixin) mixins.iris.fantastic.json:MixinStationaryItemParticle from mod iris->@Inject::iris$resolveTranslucency(Lnet/minecraft/client/multiplayer/ClientLevel;DDDLnet/minecraft/world/level/block/state/BlockState;Lorg/spongepowered/asm/mixin/injection/callback/CallbackInfo;)V won't be passed a CallbackInfo as a result
[12:26:29] [Render thread/DEBUG] (FabricLoader/Mixin) mixins.iris.fantastic.json:MixinStationaryItemParticle from mod iris->@Inject::iris$overrideParticleRenderType(Lorg/spongepowered/asm/mixin/injection/callback/CallbackInfoReturnable;)V does use it's CallbackInfoReturnable
[12:26:29] [Render thread/DEBUG] (FabricLoader/Mixin) Mixing MixinTerrainParticle from mixins.iris.fantastic.json into net.minecraft.client.particle.TerrainParticle
[12:26:29] [Render thread/DEBUG] (FabricLoader/Mixin) mixins.iris.fantastic.json:MixinTerrainParticle from mod iris: Class version 65 required is higher than the class version supported by the current version of Mixin (JAVA_8 supports class version 52)
[12:26:29] [Render thread/DEBUG] (FabricLoader/Mixin) Mixing BlockDustParticleMixin from fabric-particles-v1.client.mixins.json into net.minecraft.client.particle.TerrainParticle
[12:26:29] [Render thread/DEBUG] (FabricLoader/Mixin) Mixing client.block.particle.BlockDustParticleMixin from fabric-renderer-api-v1.mixins.json into net.minecraft.client.particle.TerrainParticle
[12:26:29] [Render thread/DEBUG] (FabricLoader/Mixin) mixins.iris.fantastic.json:MixinTerrainParticle from mod iris->@Inject::iris$resolveTranslucency(Lnet/minecraft/client/multiplayer/ClientLevel;DDDDDDLnet/minecraft/world/level/block/state/BlockState;Lnet/minecraft/core/BlockPos;Lorg/spongepowered/asm/mixin/injection/callback/CallbackInfo;)V doesn't use it's CallbackInfo
[12:26:29] [Render thread/DEBUG] (FabricLoader/Mixin) mixins.iris.fantastic.json:MixinTerrainParticle from mod iris->@Inject::iris$resolveTranslucency(Lnet/minecraft/client/multiplayer/ClientLevel;DDDDDDLnet/minecraft/world/level/block/state/BlockState;Lnet/minecraft/core/BlockPos;Lorg/spongepowered/asm/mixin/injection/callback/CallbackInfo;)V has 0 override(s) in child classes
[12:26:29] [Render thread/DEBUG] (FabricLoader/Mixin) mixins.iris.fantastic.json:MixinTerrainParticle from mod iris->@Inject::iris$resolveTranslucency(Lnet/minecraft/client/multiplayer/ClientLevel;DDDDDDLnet/minecraft/world/level/block/state/BlockState;Lnet/minecraft/core/BlockPos;Lorg/spongepowered/asm/mixin/injection/callback/CallbackInfo;)V won't be passed a CallbackInfo as a result
[12:26:29] [Render thread/DEBUG] (FabricLoader/Mixin) mixins.iris.fantastic.json:MixinTerrainParticle from mod iris->@Inject::iris$overrideParticleSheet(Lorg/spongepowered/asm/mixin/injection/callback/CallbackInfoReturnable;)V does use it's CallbackInfoReturnable
[12:26:29] [Render thread/DEBUG] (FabricLoader/Mixin) Mixing MixinFireworkSparkParticle from mixins.iris.fantastic.json into net.minecraft.client.particle.FireworkParticles$SparkParticle
[12:26:29] [Render thread/DEBUG] (FabricLoader/Mixin) mixins.iris.fantastic.json:MixinFireworkSparkParticle from mod iris: Class version 65 required is higher than the class version supported by the current version of Mixin (JAVA_8 supports class version 52)
[12:26:29] [Render thread/DEBUG] (FabricLoader/Mixin) Mixing entity_render_context.ItemStackStateMixin from mixins.iris.json into net.minecraft.client.renderer.item.ItemStackRenderState
[12:26:29] [Render thread/DEBUG] (FabricLoader/Mixin) mixins.iris.json:entity_render_context.ItemStackStateMixin from mod iris: Class version 65 required is higher than the class version supported by the current version of Mixin (JAVA_8 supports class version 52)
[12:26:29] [Render thread/DEBUG] (FabricLoader/Mixin) Mixing features.render.frapi.ItemRenderStateMixin from sodium-common.mixins.json into net.minecraft.client.renderer.item.ItemStackRenderState
[12:26:29] [Render thread/DEBUG] (FabricLoader/Mixin) sodium-common.mixins.json:features.render.frapi.ItemRenderStateMixin from mod sodium: Class version 65 required is higher than the class version supported by the current version of Mixin (JAVA_17 supports class version 61)
[12:26:29] [Render thread/DEBUG] (FabricLoader/Mixin) Mixing RenderStateMixin from fabric-rendering-v1.mixins.json into net.minecraft.client.renderer.item.ItemStackRenderState
[12:26:29] [Render thread/DEBUG] (FabricLoader/Mixin) Mixing renderstate.ItemRenderStateMixin from fabric-rendering-v1.mixins.json into net.minecraft.client.renderer.item.ItemStackRenderState
[12:26:29] [Render thread/DEBUG] (FabricLoader/Mixin) mixins.iris.json:entity_render_context.ItemStackStateMixin from mod iris->@Inject::clearDisplayStack(Lorg/spongepowered/asm/mixin/injection/callback/CallbackInfo;)V doesn't use it's CallbackInfo
[12:26:29] [Render thread/DEBUG] (FabricLoader/Mixin) mixins.iris.json:entity_render_context.ItemStackStateMixin from mod iris->@Inject::clearDisplayStack(Lorg/spongepowered/asm/mixin/injection/callback/CallbackInfo;)V has 0 override(s) in child classes
[12:26:29] [Render thread/DEBUG] (FabricLoader/Mixin) mixins.iris.json:entity_render_context.ItemStackStateMixin from mod iris->@Inject::clearDisplayStack(Lorg/spongepowered/asm/mixin/injection/callback/CallbackInfo;)V won't be passed a CallbackInfo as a result
[12:26:29] [Render thread/DEBUG] (FabricLoader/Mixin) sodium-common.mixins.json:features.render.frapi.ItemRenderStateMixin from mod sodium->@Inject::afterLayerLoad(Ljava/util/function/Consumer;Lorg/spongepowered/asm/mixin/injection/callback/CallbackInfo;)V doesn't use it's CallbackInfo
[12:26:29] [Render thread/DEBUG] (FabricLoader/Mixin) sodium-common.mixins.json:features.render.frapi.ItemRenderStateMixin from mod sodium->@Inject::afterLayerLoad(Ljava/util/function/Consumer;Lorg/spongepowered/asm/mixin/injection/callback/CallbackInfo;)V has 0 override(s) in child classes
[12:26:29] [Render thread/DEBUG] (FabricLoader/Mixin) sodium-common.mixins.json:features.render.frapi.ItemRenderStateMixin from mod sodium->@Inject::afterLayerLoad(Ljava/util/function/Consumer;Lorg/spongepowered/asm/mixin/injection/callback/CallbackInfo;)V won't be passed a CallbackInfo as a result
[12:26:29] [Render thread/DEBUG] (FabricLoader/Mixin) fabric-rendering-v1.mixins.json:renderstate.ItemRenderStateMixin from mod fabric-rendering-v1->@Inject::clearExtraRenderData(Lorg/spongepowered/asm/mixin/injection/callback/CallbackInfo;)V doesn't use it's CallbackInfo
[12:26:29] [Render thread/DEBUG] (FabricLoader/Mixin) fabric-rendering-v1.mixins.json:renderstate.ItemRenderStateMixin from mod fabric-rendering-v1->@Inject::clearExtraRenderData(Lorg/spongepowered/asm/mixin/injection/callback/CallbackInfo;)V has 0 override(s) in child classes
[12:26:29] [Render thread/DEBUG] (FabricLoader/Mixin) fabric-rendering-v1.mixins.json:renderstate.ItemRenderStateMixin from mod fabric-rendering-v1->@Inject::clearExtraRenderData(Lorg/spongepowered/asm/mixin/injection/callback/CallbackInfo;)V won't be passed a CallbackInfo as a result
[12:26:29] [Render thread/DEBUG] (FabricLoader/Mixin) Mixing entity_render_context.ItemStackStateLayerMixin from mixins.iris.json into net.minecraft.client.renderer.item.ItemStackRenderState$LayerRenderState
[12:26:29] [Render thread/DEBUG] (FabricLoader/Mixin) mixins.iris.json:entity_render_context.ItemStackStateLayerMixin from mod iris: Class version 65 required is higher than the class version supported by the current version of Mixin (JAVA_8 supports class version 52)
[12:26:29] [Render thread/DEBUG] (FabricLoader/Mixin) Mixing features.render.frapi.ItemLayerRenderStateMixin from sodium-common.mixins.json into net.minecraft.client.renderer.item.ItemStackRenderState$LayerRenderState
[12:26:29] [Render thread/DEBUG] (FabricLoader/Mixin) sodium-common.mixins.json:features.render.frapi.ItemLayerRenderStateMixin from mod sodium: Class version 65 required is higher than the class version supported by the current version of Mixin (JAVA_17 supports class version 61)
[12:26:29] [Render thread/DEBUG] (FabricLoader/Mixin) Mixing RenderStateMixin from fabric-rendering-v1.mixins.json into net.minecraft.client.renderer.item.ItemStackRenderState$LayerRenderState
[12:26:29] [Render thread/DEBUG] (FabricLoader/Mixin) Mixing renderstate.ItemRenderStateLayerRenderStateMixin from fabric-rendering-v1.mixins.json into net.minecraft.client.renderer.item.ItemStackRenderState$LayerRenderState
[12:26:29] [Render thread/DEBUG] (FabricLoader/Mixin) Mixing client.item.ItemRenderStateLayerRenderStateMixin from fabric-renderer-api-v1.mixins.json into net.minecraft.client.renderer.item.ItemStackRenderState$LayerRenderState
[12:26:29] [Render thread/DEBUG] (FabricLoader/Mixin) mixins.iris.json:entity_render_context.ItemStackStateLayerMixin from mod iris->@Inject::iris$catchParent(Lnet/minecraft/client/renderer/item/ItemStackRenderState;Lorg/spongepowered/asm/mixin/injection/callback/CallbackInfo;)V doesn't use it's CallbackInfo
[12:26:29] [Render thread/DEBUG] (FabricLoader/Mixin) mixins.iris.json:entity_render_context.ItemStackStateLayerMixin from mod iris->@Inject::iris$catchParent(Lnet/minecraft/client/renderer/item/ItemStackRenderState;Lorg/spongepowered/asm/mixin/injection/callback/CallbackInfo;)V has 0 override(s) in child classes
[12:26:29] [Render thread/DEBUG] (FabricLoader/Mixin) mixins.iris.json:entity_render_context.ItemStackStateLayerMixin from mod iris->@Inject::iris$catchParent(Lnet/minecraft/client/renderer/item/ItemStackRenderState;Lorg/spongepowered/asm/mixin/injection/callback/CallbackInfo;)V won't be passed a CallbackInfo as a result
[12:26:29] [Render thread/DEBUG] (FabricLoader/Mixin) mixins.iris.json:entity_render_context.ItemStackStateLayerMixin from mod iris->@Inject::onRender(Lcom/mojang/blaze3d/vertex/PoseStack;Lnet/minecraft/client/renderer/SubmitNodeCollector;IIILorg/spongepowered/asm/mixin/injection/callback/CallbackInfo;)V doesn't use it's CallbackInfo
[12:26:29] [Render thread/DEBUG] (FabricLoader/Mixin) mixins.iris.json:entity_render_context.ItemStackStateLayerMixin from mod iris->@Inject::onRender(Lcom/mojang/blaze3d/vertex/PoseStack;Lnet/minecraft/client/renderer/SubmitNodeCollector;IIILorg/spongepowered/asm/mixin/injection/callback/CallbackInfo;)V has 0 override(s) in child classes
[12:26:29] [Render thread/DEBUG] (FabricLoader/Mixin) mixins.iris.json:entity_render_context.ItemStackStateLayerMixin from mod iris->@Inject::onRender(Lcom/mojang/blaze3d/vertex/PoseStack;Lnet/minecraft/client/renderer/SubmitNodeCollector;IIILorg/spongepowered/asm/mixin/injection/callback/CallbackInfo;)V won't be passed a CallbackInfo as a result
[12:26:29] [Render thread/DEBUG] (FabricLoader/Mixin) mixins.iris.json:entity_render_context.ItemStackStateLayerMixin from mod iris->@Inject::onRenderEnd(Lcom/mojang/blaze3d/vertex/PoseStack;Lnet/minecraft/client/renderer/SubmitNodeCollector;IIILorg/spongepowered/asm/mixin/injection/callback/CallbackInfo;)V doesn't use it's CallbackInfo
[12:26:29] [Render thread/DEBUG] (FabricLoader/Mixin) mixins.iris.json:entity_render_context.ItemStackStateLayerMixin from mod iris->@Inject::onRenderEnd(Lcom/mojang/blaze3d/vertex/PoseStack;Lnet/minecraft/client/renderer/SubmitNodeCollector;IIILorg/spongepowered/asm/mixin/injection/callback/CallbackInfo;)V has 0 override(s) in child classes
[12:26:29] [Render thread/DEBUG] (FabricLoader/Mixin) mixins.iris.json:entity_render_context.ItemStackStateLayerMixin from mod iris->@Inject::onRenderEnd(Lcom/mojang/blaze3d/vertex/PoseStack;Lnet/minecraft/client/renderer/SubmitNodeCollector;IIILorg/spongepowered/asm/mixin/injection/callback/CallbackInfo;)V won't be passed a CallbackInfo as a result
[12:26:29] [Render thread/DEBUG] (FabricLoader/Mixin) sodium-common.mixins.json:features.render.frapi.ItemLayerRenderStateMixin from mod sodium->@Inject::onReturnClear(Lorg/spongepowered/asm/mixin/injection/callback/CallbackInfo;)V doesn't use it's CallbackInfo
[12:26:29] [Render thread/DEBUG] (FabricLoader/Mixin) sodium-common.mixins.json:features.render.frapi.ItemLayerRenderStateMixin from mod sodium->@Inject::onReturnClear(Lorg/spongepowered/asm/mixin/injection/callback/CallbackInfo;)V has 0 override(s) in child classes
[12:26:29] [Render thread/DEBUG] (FabricLoader/Mixin) sodium-common.mixins.json:features.render.frapi.ItemLayerRenderStateMixin from mod sodium->@Inject::onReturnClear(Lorg/spongepowered/asm/mixin/injection/callback/CallbackInfo;)V won't be passed a CallbackInfo as a result
[12:26:29] [Render thread/DEBUG] (FabricLoader/Mixin) fabric-rendering-v1.mixins.json:renderstate.ItemRenderStateLayerRenderStateMixin from mod fabric-rendering-v1->@Inject::clearExtraRenderData(Lorg/spongepowered/asm/mixin/injection/callback/CallbackInfo;)V doesn't use it's CallbackInfo
[12:26:29] [Render thread/DEBUG] (FabricLoader/Mixin) fabric-rendering-v1.mixins.json:renderstate.ItemRenderStateLayerRenderStateMixin from mod fabric-rendering-v1->@Inject::clearExtraRenderData(Lorg/spongepowered/asm/mixin/injection/callback/CallbackInfo;)V has 0 override(s) in child classes
[12:26:29] [Render thread/DEBUG] (FabricLoader/Mixin) fabric-rendering-v1.mixins.json:renderstate.ItemRenderStateLayerRenderStateMixin from mod fabric-rendering-v1->@Inject::clearExtraRenderData(Lorg/spongepowered/asm/mixin/injection/callback/CallbackInfo;)V won't be passed a CallbackInfo as a result
[12:26:29] [Render thread/DEBUG] (FabricLoader/Mixin) Mixing MixinParticleEngine from mixins.iris.fabric.json into net.minecraft.client.particle.ParticleEngine
[12:26:29] [Render thread/DEBUG] (FabricLoader/Mixin) mixins.iris.fabric.json:MixinParticleEngine from mod iris: Class version 65 required is higher than the class version supported by the current version of Mixin (JAVA_8 supports class version 52)
[12:26:29] [Render thread/DEBUG] (FabricLoader/Mixin) Mixing ParticleManagerAccessor from fabric-particles-v1.client.mixins.json into net.minecraft.client.particle.ParticleEngine
[12:26:29] [Render thread/DEBUG] (FabricLoader/Mixin) Renaming @Accessor method getParticleTextureSheets()Ljava/util/List; to getParticleTextureSheets$fabric-particles-v1_$md$ab7149$0 in fabric-particles-v1.client.mixins.json:ParticleManagerAccessor from mod fabric-particles-v1
[12:26:29] [Render thread/DEBUG] (FabricLoader/Mixin) Mixing ParticleManagerMixin from fabric-particles-v1.client.mixins.json into net.minecraft.client.particle.ParticleEngine
[12:26:29] [Render thread/DEBUG] (FabricLoader/Mixin) Mixing MixinParticleManager from fabric-badoptimizations.mixins.json into net.minecraft.client.particle.ParticleEngine
[12:26:29] [Render thread/DEBUG] (FabricLoader/Mixin) fabric-badoptimizations.mixins.json:MixinParticleManager from mod badoptimizations: Class version 65 required is higher than the class version supported by the current version of Mixin (JAVA_17 supports class version 61)
[12:26:29] [Render thread/DEBUG] (FabricLoader/Mixin) fabric-particles-v1.client.mixins.json:ParticleManagerMixin from mod fabric-particles-v1->@Inject::classInit(Lorg/spongepowered/asm/mixin/injection/callback/CallbackInfo;)V doesn't use it's CallbackInfo
[12:26:29] [Render thread/DEBUG] (FabricLoader/Mixin) fabric-particles-v1.client.mixins.json:ParticleManagerMixin from mod fabric-particles-v1->@Inject::createParticleRenderer(Lnet/minecraft/client/particle/ParticleRenderType;Lorg/spongepowered/asm/mixin/injection/callback/CallbackInfoReturnable;)V does use it's CallbackInfoReturnable
[12:26:29] [Render thread/DEBUG] (FabricLoader/Mixin) Mixing KeyedClientResourceReloadListenerMixin from fabric-resource-loader-v1.client.mixins.json into net.minecraft.client.resources.WaypointStyleManager
[12:26:29] [Render thread/DEBUG] (FabricLoader/Mixin) Mixing GameRendererMixin from cubes-without-borders.mixins.json into net.minecraft.client.renderer.GameRenderer
[12:26:29] [Render thread/DEBUG] (FabricLoader/Mixin) Mixing GameRendererAccessor from mixins.iris.json into net.minecraft.client.renderer.GameRenderer
[12:26:29] [Render thread/DEBUG] (FabricLoader/Mixin) mixins.iris.json:GameRendererAccessor from mod iris: Class version 65 required is higher than the class version supported by the current version of Mixin (JAVA_8 supports class version 52)
[12:26:29] [Render thread/DEBUG] (FabricLoader/Mixin) Mixing MixinGameRenderer from mixins.iris.json into net.minecraft.client.renderer.GameRenderer
[12:26:29] [Render thread/DEBUG] (FabricLoader/Mixin) mixins.iris.json:MixinGameRenderer from mod iris: Class version 65 required is higher than the class version supported by the current version of Mixin (JAVA_8 supports class version 52)
[12:26:29] [Render thread/DEBUG] (FabricLoader/Mixin) Mixing MixinModelViewBobbing from mixins.iris.json into net.minecraft.client.renderer.GameRenderer
[12:26:29] [Render thread/DEBUG] (FabricLoader/Mixin) mixins.iris.json:MixinModelViewBobbing from mod iris: Class version 65 required is higher than the class version supported by the current version of Mixin (JAVA_8 supports class version 52)
[12:26:29] [Render thread/DEBUG] (FabricLoader/Mixin) Mixing GameRendererMixin from fabric-screen-api-v1.mixins.json into net.minecraft.client.renderer.GameRenderer
[12:26:29] [Render thread/DEBUG] (FabricLoader/Mixin) Mixing MixinGameRenderer from gammautils.mixins.json into net.minecraft.client.renderer.GameRenderer
[12:26:29] [Render thread/DEBUG] (FabricLoader/Mixin) Mixing core.render.world.GameRendererMixin from sodium-common.mixins.json into net.minecraft.client.renderer.GameRenderer
[12:26:29] [Render thread/DEBUG] (FabricLoader/Mixin) sodium-common.mixins.json:core.render.world.GameRendererMixin from mod sodium: Class version 65 required is higher than the class version supported by the current version of Mixin (JAVA_17 supports class version 61)
[12:26:29] [Render thread/DEBUG] (FabricLoader/Mixin) Mixing features.gui.hooks.console.GameRendererMixin from sodium-common.mixins.json into net.minecraft.client.renderer.GameRenderer
[12:26:29] [Render thread/DEBUG] (FabricLoader/Mixin) sodium-common.mixins.json:features.gui.hooks.console.GameRendererMixin from mod sodium: Class version 65 required is higher than the class version supported by the current version of Mixin (JAVA_17 supports class version 61)
[12:26:29] [Render thread/DEBUG] (FabricLoader/Mixin) Mixing GameRendererMixin from fabric-rendering-v1.mixins.json into net.minecraft.client.renderer.GameRenderer
[12:26:29] [Render thread/DEBUG] (FabricLoader/Mixin) Mixing MixinGameRenderer_NightVisionCompat from mixins.iris.json into net.minecraft.client.renderer.GameRenderer
[12:26:29] [Render thread/DEBUG] (FabricLoader/Mixin) mixins.iris.json:MixinGameRenderer_NightVisionCompat from mod iris: Class version 65 required is higher than the class version supported by the current version of Mixin (JAVA_8 supports class version 52)
[12:26:29] [Render thread/DEBUG] (FabricLoader/Mixin) Mixing accessors.GameRendererAccessor from fabric-badoptimizations.mixins.json into net.minecraft.client.renderer.GameRenderer
[12:26:29] [Render thread/DEBUG] (FabricLoader/Mixin) fabric-badoptimizations.mixins.json:accessors.GameRendererAccessor from mod badoptimizations: Class version 65 required is higher than the class version supported by the current version of Mixin (JAVA_17 supports class version 61)
[12:26:29] [Render thread/DEBUG] (FabricLoader/Mixin) Mixing tick.MixinGameRenderer from fabric-badoptimizations.mixins.json into net.minecraft.client.renderer.GameRenderer
[12:26:29] [Render thread/DEBUG] (FabricLoader/Mixin) fabric-badoptimizations.mixins.json:tick.MixinGameRenderer from mod badoptimizations: Class version 65 required is higher than the class version supported by the current version of Mixin (JAVA_17 supports class version 61)
[12:26:29] [Render thread/DEBUG] (FabricLoader/Mixin) cubes-without-borders.mixins.json:GameRendererMixin from mod cubes-without-borders->@Inject::beginRender(Lorg/spongepowered/asm/mixin/injection/callback/CallbackInfo;)V doesn't use it's CallbackInfo
[12:26:29] [Render thread/DEBUG] (FabricLoader/Mixin) cubes-without-borders.mixins.json:GameRendererMixin from mod cubes-without-borders->@Inject::beginRender(Lorg/spongepowered/asm/mixin/injection/callback/CallbackInfo;)V has 0 override(s) in child classes
[12:26:29] [Render thread/DEBUG] (FabricLoader/Mixin) cubes-without-borders.mixins.json:GameRendererMixin from mod cubes-without-borders->@Inject::beginRender(Lorg/spongepowered/asm/mixin/injection/callback/CallbackInfo;)V won't be passed a CallbackInfo as a result
[12:26:29] [Render thread/DEBUG] (FabricLoader/Mixin) cubes-without-borders.mixins.json:GameRendererMixin from mod cubes-without-borders->@Inject::endRender(Lorg/spongepowered/asm/mixin/injection/callback/CallbackInfo;)V doesn't use it's CallbackInfo
[12:26:29] [Render thread/DEBUG] (FabricLoader/Mixin) cubes-without-borders.mixins.json:GameRendererMixin from mod cubes-without-borders->@Inject::endRender(Lorg/spongepowered/asm/mixin/injection/callback/CallbackInfo;)V has 0 override(s) in child classes
[12:26:29] [Render thread/DEBUG] (FabricLoader/Mixin) cubes-without-borders.mixins.json:GameRendererMixin from mod cubes-without-borders->@Inject::endRender(Lorg/spongepowered/asm/mixin/injection/callback/CallbackInfo;)V won't be passed a CallbackInfo as a result
[12:26:29] [Render thread/DEBUG] (FabricLoader/Mixin) mixins.iris.json:MixinGameRenderer from mod iris->@Inject::iris$startFrame(Lnet/minecraft/client/DeltaTracker;ZLorg/spongepowered/asm/mixin/injection/callback/CallbackInfo;)V doesn't use it's CallbackInfo
[12:26:29] [Render thread/DEBUG] (FabricLoader/Mixin) mixins.iris.json:MixinGameRenderer from mod iris->@Inject::iris$startFrame(Lnet/minecraft/client/DeltaTracker;ZLorg/spongepowered/asm/mixin/injection/callback/CallbackInfo;)V has 0 override(s) in child classes
[12:26:29] [Render thread/DEBUG] (FabricLoader/Mixin) mixins.iris.json:MixinGameRenderer from mod iris->@Inject::iris$startFrame(Lnet/minecraft/client/DeltaTracker;ZLorg/spongepowered/asm/mixin/injection/callback/CallbackInfo;)V won't be passed a CallbackInfo as a result
[12:26:29] [Render thread/DEBUG] (FabricLoader/Mixin) mixins.iris.json:MixinGameRenderer from mod iris->@Inject::iris$logSystem(Lnet/minecraft/client/Minecraft;Lnet/minecraft/client/renderer/ItemInHandRenderer;Lnet/minecraft/client/renderer/RenderBuffers;Lnet/minecraft/client/renderer/block/BlockRenderDispatcher;Lorg/spongepowered/asm/mixin/injection/callback/CallbackInfo;)V doesn't use it's CallbackInfo
[12:26:29] [Render thread/DEBUG] (FabricLoader/Mixin) mixins.iris.json:MixinGameRenderer from mod iris->@Inject::iris$logSystem(Lnet/minecraft/client/Minecraft;Lnet/minecraft/client/renderer/ItemInHandRenderer;Lnet/minecraft/client/renderer/RenderBuffers;Lnet/minecraft/client/renderer/block/BlockRenderDispatcher;Lorg/spongepowered/asm/mixin/injection/callback/CallbackInfo;)V has 0 override(s) in child classes
[12:26:29] [Render thread/DEBUG] (FabricLoader/Mixin) mixins.iris.json:MixinGameRenderer from mod iris->@Inject::iris$logSystem(Lnet/minecraft/client/Minecraft;Lnet/minecraft/client/renderer/ItemInHandRenderer;Lnet/minecraft/client/renderer/RenderBuffers;Lnet/minecraft/client/renderer/block/BlockRenderDispatcher;Lorg/spongepowered/asm/mixin/injection/callback/CallbackInfo;)V won't be passed a CallbackInfo as a result
[12:26:29] [Render thread/DEBUG] (FabricLoader/Mixin) ArgsClassGenerator assigning org.spongepowered.asm.synthetic.args.Args$2 for descriptor (IIDJLnet/minecraft/client/DeltaTracker;I)V
[12:26:29] [Render thread/DEBUG] (FabricLoader/Mixin) mixins.iris.json:MixinGameRenderer from mod iris->@Inject::iris$runColorSpace(Lnet/minecraft/client/DeltaTracker;Lorg/spongepowered/asm/mixin/injection/callback/CallbackInfo;)V doesn't use it's CallbackInfo
[12:26:29] [Render thread/DEBUG] (FabricLoader/Mixin) mixins.iris.json:MixinGameRenderer from mod iris->@Inject::iris$runColorSpace(Lnet/minecraft/client/DeltaTracker;Lorg/spongepowered/asm/mixin/injection/callback/CallbackInfo;)V has 0 override(s) in child classes
[12:26:29] [Render thread/DEBUG] (FabricLoader/Mixin) mixins.iris.json:MixinGameRenderer from mod iris->@Inject::iris$runColorSpace(Lnet/minecraft/client/DeltaTracker;Lorg/spongepowered/asm/mixin/injection/callback/CallbackInfo;)V won't be passed a CallbackInfo as a result
[12:26:29] [Render thread/DEBUG] (FabricLoader/Mixin) mixins.iris.json:MixinModelViewBobbing from mod iris->@Inject::iris$saveShadersOn(Lnet/minecraft/client/DeltaTracker;Lorg/spongepowered/asm/mixin/injection/callback/CallbackInfo;)V doesn't use it's CallbackInfo
[12:26:29] [Render thread/DEBUG] (FabricLoader/Mixin) mixins.iris.json:MixinModelViewBobbing from mod iris->@Inject::iris$saveShadersOn(Lnet/minecraft/client/DeltaTracker;Lorg/spongepowered/asm/mixin/injection/callback/CallbackInfo;)V has 0 override(s) in child classes
[12:26:29] [Render thread/DEBUG] (FabricLoader/Mixin) mixins.iris.json:MixinModelViewBobbing from mod iris->@Inject::iris$saveShadersOn(Lnet/minecraft/client/DeltaTracker;Lorg/spongepowered/asm/mixin/injection/callback/CallbackInfo;)V won't be passed a CallbackInfo as a result
[12:26:29] [Render thread/DEBUG] (FabricLoader/Mixin) sodium-common.mixins.json:features.gui.hooks.console.GameRendererMixin from mod sodium->@Inject::onRender(Lnet/minecraft/client/DeltaTracker;ZLorg/spongepowered/asm/mixin/injection/callback/CallbackInfo;)V doesn't use it's CallbackInfo
[12:26:29] [Render thread/DEBUG] (FabricLoader/Mixin) sodium-common.mixins.json:features.gui.hooks.console.GameRendererMixin from mod sodium->@Inject::onRender(Lnet/minecraft/client/DeltaTracker;ZLorg/spongepowered/asm/mixin/injection/callback/CallbackInfo;)V has 0 override(s) in child classes
[12:26:29] [Render thread/DEBUG] (FabricLoader/Mixin) sodium-common.mixins.json:features.gui.hooks.console.GameRendererMixin from mod sodium->@Inject::onRender(Lnet/minecraft/client/DeltaTracker;ZLorg/spongepowered/asm/mixin/injection/callback/CallbackInfo;)V won't be passed a CallbackInfo as a result
[12:26:29] [Render thread/DEBUG] (FabricLoader/Mixin) fabric-rendering-v1.mixins.json:GameRendererMixin from mod fabric-rendering-v1->@Inject::guiRendererReady(Lnet/minecraft/client/Minecraft;Lnet/minecraft/client/renderer/ItemInHandRenderer;Lnet/minecraft/client/renderer/RenderBuffers;Lnet/minecraft/client/renderer/block/BlockRenderDispatcher;Lorg/spongepowered/asm/mixin/injection/callback/CallbackInfo;)V doesn't use it's CallbackInfo
[12:26:29] [Render thread/DEBUG] (FabricLoader/Mixin) fabric-rendering-v1.mixins.json:GameRendererMixin from mod fabric-rendering-v1->@Inject::guiRendererReady(Lnet/minecraft/client/Minecraft;Lnet/minecraft/client/renderer/ItemInHandRenderer;Lnet/minecraft/client/renderer/RenderBuffers;Lnet/minecraft/client/renderer/block/BlockRenderDispatcher;Lorg/spongepowered/asm/mixin/injection/callback/CallbackInfo;)V has 0 override(s) in child classes
[12:26:29] [Render thread/DEBUG] (FabricLoader/Mixin) fabric-rendering-v1.mixins.json:GameRendererMixin from mod fabric-rendering-v1->@Inject::guiRendererReady(Lnet/minecraft/client/Minecraft;Lnet/minecraft/client/renderer/ItemInHandRenderer;Lnet/minecraft/client/renderer/RenderBuffers;Lnet/minecraft/client/renderer/block/BlockRenderDispatcher;Lorg/spongepowered/asm/mixin/injection/callback/CallbackInfo;)V won't be passed a CallbackInfo as a result
[12:26:29] [Render thread/DEBUG] (FabricLoader/Mixin) mixins.iris.json:MixinGameRenderer_NightVisionCompat from mod iris->@Inject::iris$safecheckNightvisionStrength(Lnet/minecraft/world/entity/LivingEntity;FLorg/spongepowered/asm/mixin/injection/callback/CallbackInfoReturnable;)V does use it's CallbackInfoReturnable
[12:26:29] [Render thread/DEBUG] (FabricLoader/Mixin) Mixing block_rendering.MixinBufferBuilder_SeparateAo from mixins.iris.vertexformat.json into com.mojang.blaze3d.vertex.BufferBuilder
[12:26:29] [Render thread/DEBUG] (FabricLoader/Mixin) mixins.iris.vertexformat.json:block_rendering.MixinBufferBuilder_SeparateAo from mod iris: Class version 65 required is higher than the class version supported by the current version of Mixin (JAVA_8 supports class version 52)
[12:26:29] [Render thread/DEBUG] (FabricLoader/Mixin) Mixing MixinBufferBuilder from mixins.iris.vertexformat.json into com.mojang.blaze3d.vertex.BufferBuilder
[12:26:29] [Render thread/DEBUG] (FabricLoader/Mixin) mixins.iris.vertexformat.json:MixinBufferBuilder from mod iris: Class version 65 required is higher than the class version supported by the current version of Mixin (JAVA_8 supports class version 52)
[12:26:29] [Render thread/DEBUG] (FabricLoader/Mixin) Mixing core.render.immediate.consumer.BufferBuilderMixin from sodium-common.mixins.json into com.mojang.blaze3d.vertex.BufferBuilder
[12:26:29] [Render thread/DEBUG] (FabricLoader/Mixin) sodium-common.mixins.json:core.render.immediate.consumer.BufferBuilderMixin from mod sodium: Class version 65 required is higher than the class version supported by the current version of Mixin (JAVA_17 supports class version 61)
[12:26:29] [Render thread/DEBUG] (FabricLoader/Mixin) Mixing features.render.immediate.buffer_builder.intrinsics.BufferBuilderMixin from sodium-common.mixins.json into com.mojang.blaze3d.vertex.BufferBuilder
[12:26:29] [Render thread/DEBUG] (FabricLoader/Mixin) sodium-common.mixins.json:features.render.immediate.buffer_builder.intrinsics.BufferBuilderMixin from mod sodium: Class version 65 required is higher than the class version supported by the current version of Mixin (JAVA_17 supports class version 61)
[12:26:29] [Render thread/DEBUG] (FabricLoader/Mixin) mixins.iris.vertexformat.json:MixinBufferBuilder from mod iris->@Inject::injectMidBlock(FFFLorg/spongepowered/asm/mixin/injection/callback/CallbackInfoReturnable;)V doesn't use it's CallbackInfoReturnable
[12:26:29] [Render thread/DEBUG] (FabricLoader/Mixin) mixins.iris.vertexformat.json:MixinBufferBuilder from mod iris->@Inject::injectMidBlock(FFFLorg/spongepowered/asm/mixin/injection/callback/CallbackInfoReturnable;)V has 0 override(s) in child classes
[12:26:29] [Render thread/DEBUG] (FabricLoader/Mixin) mixins.iris.vertexformat.json:MixinBufferBuilder from mod iris->@Inject::injectMidBlock(FFFLorg/spongepowered/asm/mixin/injection/callback/CallbackInfoReturnable;)V won't be passed a CallbackInfoReturnable as a result
[12:26:29] [Render thread/DEBUG] (FabricLoader/Mixin) mixins.iris.vertexformat.json:MixinBufferBuilder from mod iris->@Inject::iris$skipSodiumChange(Lorg/spongepowered/asm/mixin/injection/callback/CallbackInfo;)V doesn't use it's CallbackInfo
[12:26:29] [Render thread/DEBUG] (FabricLoader/Mixin) mixins.iris.vertexformat.json:MixinBufferBuilder from mod iris->@Inject::iris$skipSodiumChange(Lorg/spongepowered/asm/mixin/injection/callback/CallbackInfo;)V has 0 override(s) in child classes
[12:26:29] [Render thread/DEBUG] (FabricLoader/Mixin) mixins.iris.vertexformat.json:MixinBufferBuilder from mod iris->@Inject::iris$skipSodiumChange(Lorg/spongepowered/asm/mixin/injection/callback/CallbackInfo;)V won't be passed a CallbackInfo as a result
[12:26:29] [Render thread/DEBUG] (FabricLoader/Mixin) mixins.iris.vertexformat.json:MixinBufferBuilder from mod iris->@Inject::iris$beforeNext(Lorg/spongepowered/asm/mixin/injection/callback/CallbackInfo;)V doesn't use it's CallbackInfo
[12:26:29] [Render thread/DEBUG] (FabricLoader/Mixin) mixins.iris.vertexformat.json:MixinBufferBuilder from mod iris->@Inject::iris$beforeNext(Lorg/spongepowered/asm/mixin/injection/callback/CallbackInfo;)V has 0 override(s) in child classes
[12:26:29] [Render thread/DEBUG] (FabricLoader/Mixin) mixins.iris.vertexformat.json:MixinBufferBuilder from mod iris->@Inject::iris$beforeNext(Lorg/spongepowered/asm/mixin/injection/callback/CallbackInfo;)V won't be passed a CallbackInfo as a result
[12:26:29] [Render thread/DEBUG] (FabricLoader/Mixin) Mixing features.render.immediate.buffer_builder.sorting.MeshDataAccessor from sodium-common.mixins.json into com.mojang.blaze3d.vertex.MeshData
[12:26:29] [Render thread/DEBUG] (FabricLoader/Mixin) sodium-common.mixins.json:features.render.immediate.buffer_builder.sorting.MeshDataAccessor from mod sodium: Class version 65 required is higher than the class version supported by the current version of Mixin (JAVA_17 supports class version 61)
[12:26:29] [Render thread/DEBUG] (FabricLoader/Mixin) Mixing MixinFogRenderer from mixins.iris.json into net.minecraft.client.renderer.fog.FogRenderer
[12:26:29] [Render thread/DEBUG] (FabricLoader/Mixin) mixins.iris.json:MixinFogRenderer from mod iris: Class version 65 required is higher than the class version supported by the current version of Mixin (JAVA_8 supports class version 52)
[12:26:29] [Render thread/DEBUG] (FabricLoader/Mixin) Mixing MixinFogRenderer from gammautils.mixins.json into net.minecraft.client.renderer.fog.FogRenderer
[12:26:29] [Render thread/DEBUG] (FabricLoader/Mixin) Mixing core.render.world.FogRendererMixin from sodium-common.mixins.json into net.minecraft.client.renderer.fog.FogRenderer
[12:26:29] [Render thread/DEBUG] (FabricLoader/Mixin) sodium-common.mixins.json:core.render.world.FogRendererMixin from mod sodium: Class version 65 required is higher than the class version supported by the current version of Mixin (JAVA_17 supports class version 61)
[12:26:29] [Render thread/DEBUG] (FabricLoader/Mixin) mixins.iris.json:MixinFogRenderer from mod iris->@Inject::iris$setupLegacyWaterFog(Lnet/minecraft/client/Camera;IZLnet/minecraft/client/DeltaTracker;FLnet/minecraft/client/multiplayer/ClientLevel;Lorg/spongepowered/asm/mixin/injection/callback/CallbackInfoReturnable;)V doesn't use it's CallbackInfoReturnable
[12:26:29] [Render thread/DEBUG] (FabricLoader/Mixin) mixins.iris.json:MixinFogRenderer from mod iris->@Inject::iris$setupLegacyWaterFog(Lnet/minecraft/client/Camera;IZLnet/minecraft/client/DeltaTracker;FLnet/minecraft/client/multiplayer/ClientLevel;Lorg/spongepowered/asm/mixin/injection/callback/CallbackInfoReturnable;)V has 0 override(s) in child classes
[12:26:29] [Render thread/DEBUG] (FabricLoader/Mixin) mixins.iris.json:MixinFogRenderer from mod iris->@Inject::iris$setupLegacyWaterFog(Lnet/minecraft/client/Camera;IZLnet/minecraft/client/DeltaTracker;FLnet/minecraft/client/multiplayer/ClientLevel;Lorg/spongepowered/asm/mixin/injection/callback/CallbackInfoReturnable;)V won't be passed a CallbackInfoReturnable as a result
[12:26:29] [Render thread/DEBUG] (FabricLoader/Mixin) mixins.iris.json:MixinFogRenderer from mod iris->@Inject::render(Lnet/minecraft/client/Camera;IZLnet/minecraft/client/DeltaTracker;FLnet/minecraft/client/multiplayer/ClientLevel;Lorg/spongepowered/asm/mixin/injection/callback/CallbackInfoReturnable;)V does use it's CallbackInfoReturnable
[12:26:29] [Render thread/DEBUG] (FabricLoader/Mixin) sodium-common.mixins.json:core.render.world.FogRendererMixin from mod sodium->@Inject::sodium$storeFogParameters(Lnet/minecraft/client/Camera;IZLnet/minecraft/client/DeltaTracker;FLnet/minecraft/client/multiplayer/ClientLevel;Lorg/spongepowered/asm/mixin/injection/callback/CallbackInfoReturnable;)V doesn't use it's CallbackInfoReturnable
[12:26:29] [Render thread/DEBUG] (FabricLoader/Mixin) sodium-common.mixins.json:core.render.world.FogRendererMixin from mod sodium->@Inject::sodium$storeFogParameters(Lnet/minecraft/client/Camera;IZLnet/minecraft/client/DeltaTracker;FLnet/minecraft/client/multiplayer/ClientLevel;Lorg/spongepowered/asm/mixin/injection/callback/CallbackInfoReturnable;)V has 0 override(s) in child classes
[12:26:29] [Render thread/DEBUG] (FabricLoader/Mixin) sodium-common.mixins.json:core.render.world.FogRendererMixin from mod sodium->@Inject::sodium$storeFogParameters(Lnet/minecraft/client/Camera;IZLnet/minecraft/client/DeltaTracker;FLnet/minecraft/client/multiplayer/ClientLevel;Lorg/spongepowered/asm/mixin/injection/callback/CallbackInfoReturnable;)V won't be passed a CallbackInfoReturnable as a result
[12:26:29] [Render thread/DEBUG] (FabricLoader/Mixin) Mixing RenderStateMixin from fabric-rendering-v1.mixins.json into net.minecraft.client.renderer.state.LevelRenderState
[12:26:29] [Render thread/DEBUG] (FabricLoader/Mixin) Mixing renderstate.WorldRenderStateMixin from fabric-rendering-v1.mixins.json into net.minecraft.client.renderer.state.LevelRenderState
[12:26:29] [Render thread/DEBUG] (FabricLoader/Mixin) fabric-rendering-v1.mixins.json:renderstate.WorldRenderStateMixin from mod fabric-rendering-v1->@Inject::clearExtraRenderData(Lorg/spongepowered/asm/mixin/injection/callback/CallbackInfo;)V doesn't use it's CallbackInfo
[12:26:29] [Render thread/DEBUG] (FabricLoader/Mixin) fabric-rendering-v1.mixins.json:renderstate.WorldRenderStateMixin from mod fabric-rendering-v1->@Inject::clearExtraRenderData(Lorg/spongepowered/asm/mixin/injection/callback/CallbackInfo;)V has 0 override(s) in child classes
[12:26:29] [Render thread/DEBUG] (FabricLoader/Mixin) fabric-rendering-v1.mixins.json:renderstate.WorldRenderStateMixin from mod fabric-rendering-v1->@Inject::clearExtraRenderData(Lorg/spongepowered/asm/mixin/injection/callback/CallbackInfo;)V won't be passed a CallbackInfo as a result
[12:26:29] [Render thread/DEBUG] (FabricLoader/Mixin) Mixing RenderStateMixin from fabric-rendering-v1.mixins.json into net.minecraft.client.renderer.state.CameraRenderState
[12:26:29] [Render thread/DEBUG] (FabricLoader/Mixin) Mixing RenderStateMixin from fabric-rendering-v1.mixins.json into net.minecraft.client.renderer.state.WeatherRenderState
[12:26:29] [Render thread/DEBUG] (FabricLoader/Mixin) Mixing renderstate.WeatherRenderStateMixin from fabric-rendering-v1.mixins.json into net.minecraft.client.renderer.state.WeatherRenderState
[12:26:29] [Render thread/DEBUG] (FabricLoader/Mixin) fabric-rendering-v1.mixins.json:renderstate.WeatherRenderStateMixin from mod fabric-rendering-v1->@Inject::clearExtraRenderData(Lorg/spongepowered/asm/mixin/injection/callback/CallbackInfo;)V doesn't use it's CallbackInfo
[12:26:29] [Render thread/DEBUG] (FabricLoader/Mixin) fabric-rendering-v1.mixins.json:renderstate.WeatherRenderStateMixin from mod fabric-rendering-v1->@Inject::clearExtraRenderData(Lorg/spongepowered/asm/mixin/injection/callback/CallbackInfo;)V has 0 override(s) in child classes
[12:26:29] [Render thread/DEBUG] (FabricLoader/Mixin) fabric-rendering-v1.mixins.json:renderstate.WeatherRenderStateMixin from mod fabric-rendering-v1->@Inject::clearExtraRenderData(Lorg/spongepowered/asm/mixin/injection/callback/CallbackInfo;)V won't be passed a CallbackInfo as a result
[12:26:29] [Render thread/DEBUG] (FabricLoader/Mixin) Mixing RenderStateMixin from fabric-rendering-v1.mixins.json into net.minecraft.client.renderer.state.WorldBorderRenderState
[12:26:29] [Render thread/DEBUG] (FabricLoader/Mixin) Mixing renderstate.WorldBorderRenderStateMixin from fabric-rendering-v1.mixins.json into net.minecraft.client.renderer.state.WorldBorderRenderState
[12:26:29] [Render thread/DEBUG] (FabricLoader/Mixin) fabric-rendering-v1.mixins.json:renderstate.WorldBorderRenderStateMixin from mod fabric-rendering-v1->@Inject::clearExtraRenderData(Lorg/spongepowered/asm/mixin/injection/callback/CallbackInfo;)V doesn't use it's CallbackInfo
[12:26:29] [Render thread/DEBUG] (FabricLoader/Mixin) fabric-rendering-v1.mixins.json:renderstate.WorldBorderRenderStateMixin from mod fabric-rendering-v1->@Inject::clearExtraRenderData(Lorg/spongepowered/asm/mixin/injection/callback/CallbackInfo;)V has 0 override(s) in child classes
[12:26:29] [Render thread/DEBUG] (FabricLoader/Mixin) fabric-rendering-v1.mixins.json:renderstate.WorldBorderRenderStateMixin from mod fabric-rendering-v1->@Inject::clearExtraRenderData(Lorg/spongepowered/asm/mixin/injection/callback/CallbackInfo;)V won't be passed a CallbackInfo as a result
[12:26:29] [Render thread/DEBUG] (FabricLoader/Mixin) Mixing RenderStateMixin from fabric-rendering-v1.mixins.json into net.minecraft.client.renderer.state.SkyRenderState
[12:26:29] [Render thread/DEBUG] (FabricLoader/Mixin) Mixing renderstate.SkyRenderStateMixin from fabric-rendering-v1.mixins.json into net.minecraft.client.renderer.state.SkyRenderState
[12:26:29] [Render thread/DEBUG] (FabricLoader/Mixin) fabric-rendering-v1.mixins.json:renderstate.SkyRenderStateMixin from mod fabric-rendering-v1->@Inject::clearExtraRenderData(Lorg/spongepowered/asm/mixin/injection/callback/CallbackInfo;)V doesn't use it's CallbackInfo
[12:26:29] [Render thread/DEBUG] (FabricLoader/Mixin) fabric-rendering-v1.mixins.json:renderstate.SkyRenderStateMixin from mod fabric-rendering-v1->@Inject::clearExtraRenderData(Lorg/spongepowered/asm/mixin/injection/callback/CallbackInfo;)V has 0 override(s) in child classes
[12:26:29] [Render thread/DEBUG] (FabricLoader/Mixin) fabric-rendering-v1.mixins.json:renderstate.SkyRenderStateMixin from mod fabric-rendering-v1->@Inject::clearExtraRenderData(Lorg/spongepowered/asm/mixin/injection/callback/CallbackInfo;)V won't be passed a CallbackInfo as a result
[12:26:29] [Render thread/DEBUG] (FabricLoader/Mixin) Mixing LightTextureAccessor from mixins.iris.json into net.minecraft.client.renderer.LightTexture
[12:26:29] [Render thread/DEBUG] (FabricLoader/Mixin) mixins.iris.json:LightTextureAccessor from mod iris: Class version 65 required is higher than the class version supported by the current version of Mixin (JAVA_8 supports class version 52)
[12:26:29] [Render thread/DEBUG] (FabricLoader/Mixin) Mixing MixinLightTexture from mixins.iris.json into net.minecraft.client.renderer.LightTexture
[12:26:29] [Render thread/DEBUG] (FabricLoader/Mixin) mixins.iris.json:MixinLightTexture from mod iris: Class version 65 required is higher than the class version supported by the current version of Mixin (JAVA_8 supports class version 52)
[12:26:29] [Render thread/DEBUG] (FabricLoader/Mixin) Mixing MixinLightmapTextureManager from gammautils.mixins.json into net.minecraft.client.renderer.LightTexture
[12:26:29] [Render thread/DEBUG] (FabricLoader/Mixin) Mixing tick.MixinLightTexture from fabric-badoptimizations.mixins.json into net.minecraft.client.renderer.LightTexture
[12:26:29] [Render thread/DEBUG] (FabricLoader/Mixin) fabric-badoptimizations.mixins.json:tick.MixinLightTexture from mod badoptimizations: Class version 65 required is higher than the class version supported by the current version of Mixin (JAVA_17 supports class version 61)
[12:26:29] [Render thread/DEBUG] (FabricLoader/Mixin) mixins.iris.json:MixinLightTexture from mod iris->@Inject::resetDarknessValue(FLorg/spongepowered/asm/mixin/injection/callback/CallbackInfo;)V doesn't use it's CallbackInfo
[12:26:29] [Render thread/DEBUG] (FabricLoader/Mixin) mixins.iris.json:MixinLightTexture from mod iris->@Inject::resetDarknessValue(FLorg/spongepowered/asm/mixin/injection/callback/CallbackInfo;)V has 0 override(s) in child classes
[12:26:29] [Render thread/DEBUG] (FabricLoader/Mixin) mixins.iris.json:MixinLightTexture from mod iris->@Inject::resetDarknessValue(FLorg/spongepowered/asm/mixin/injection/callback/CallbackInfo;)V won't be passed a CallbackInfo as a result
[12:26:29] [Render thread/DEBUG] (FabricLoader/Mixin) mixins.iris.json:MixinLightTexture from mod iris->@Inject::storeDarknessValue(Lnet/minecraft/world/entity/LivingEntity;FFLorg/spongepowered/asm/mixin/injection/callback/CallbackInfoReturnable;)V does use it's CallbackInfoReturnable
[12:26:29] [Render thread/DEBUG] (FabricLoader/Mixin) fabric-badoptimizations.mixins.json:tick.MixinLightTexture from mod badoptimizations->@Inject::onInit(Lnet/minecraft/client/renderer/GameRenderer;Lnet/minecraft/client/Minecraft;Lorg/spongepowered/asm/mixin/injection/callback/CallbackInfo;)V doesn't use it's CallbackInfo
[12:26:29] [Render thread/DEBUG] (FabricLoader/Mixin) fabric-badoptimizations.mixins.json:tick.MixinLightTexture from mod badoptimizations->@Inject::onInit(Lnet/minecraft/client/renderer/GameRenderer;Lnet/minecraft/client/Minecraft;Lorg/spongepowered/asm/mixin/injection/callback/CallbackInfo;)V has 0 override(s) in child classes
[12:26:29] [Render thread/DEBUG] (FabricLoader/Mixin) fabric-badoptimizations.mixins.json:tick.MixinLightTexture from mod badoptimizations->@Inject::onInit(Lnet/minecraft/client/renderer/GameRenderer;Lnet/minecraft/client/Minecraft;Lorg/spongepowered/asm/mixin/injection/callback/CallbackInfo;)V won't be passed a CallbackInfo as a result
[12:26:29] [Render thread/DEBUG] (FabricLoader/Mixin) fabric-badoptimizations.mixins.json:tick.MixinLightTexture from mod badoptimizations->@Inject::onTick(Lorg/spongepowered/asm/mixin/injection/callback/CallbackInfo;)V does use it's CallbackInfo
[12:26:29] [Render thread/DEBUG] (FabricLoader/Mixin) Mixing features.render.frapi.SubmitNodeStorageMixin from sodium-common.mixins.json into net.minecraft.client.renderer.SubmitNodeStorage
[12:26:29] [Render thread/DEBUG] (FabricLoader/Mixin) sodium-common.mixins.json:features.render.frapi.SubmitNodeStorageMixin from mod sodium: Class version 65 required is higher than the class version supported by the current version of Mixin (JAVA_17 supports class version 61)
[12:26:29] [Render thread/DEBUG] (FabricLoader/Mixin) Mixing client.block.render.OrderedRenderCommandQueueImplMixin from fabric-renderer-api-v1.mixins.json into net.minecraft.client.renderer.SubmitNodeStorage
[12:26:29] [Render thread/DEBUG] (FabricLoader/Mixin) Mixing FeatureRenderDispatcherAccessor from mixins.iris.fantastic.json into net.minecraft.client.renderer.feature.FeatureRenderDispatcher
[12:26:29] [Render thread/DEBUG] (FabricLoader/Mixin) mixins.iris.fantastic.json:FeatureRenderDispatcherAccessor from mod iris: Class version 65 required is higher than the class version supported by the current version of Mixin (JAVA_8 supports class version 52)
[12:26:29] [Render thread/DEBUG] (FabricLoader/Mixin) Mixing enhanced_batching.MixinRenderDispatcher from immediatelyfast-common.mixins.json into net.minecraft.client.renderer.feature.FeatureRenderDispatcher
[12:26:29] [Render thread/DEBUG] (FabricLoader/Mixin) immediatelyfast-common.mixins.json:enhanced_batching.MixinRenderDispatcher from mod immediatelyfast->@Inject::drawBatch(Lorg/spongepowered/asm/mixin/injection/callback/CallbackInfo;)V doesn't use it's CallbackInfo
[12:26:29] [Render thread/DEBUG] (FabricLoader/Mixin) immediatelyfast-common.mixins.json:enhanced_batching.MixinRenderDispatcher from mod immediatelyfast->@Inject::drawBatch(Lorg/spongepowered/asm/mixin/injection/callback/CallbackInfo;)V has 0 override(s) in child classes
[12:26:29] [Render thread/DEBUG] (FabricLoader/Mixin) immediatelyfast-common.mixins.json:enhanced_batching.MixinRenderDispatcher from mod immediatelyfast->@Inject::drawBatch(Lorg/spongepowered/asm/mixin/injection/callback/CallbackInfo;)V won't be passed a CallbackInfo as a result
[12:26:29] [Render thread/DEBUG] (FabricLoader/Mixin) Mixing features.render.entity.shadows.ShadowFeatureRendererMixin from sodium-common.mixins.json into net.minecraft.client.renderer.feature.ShadowFeatureRenderer
[12:26:29] [Render thread/DEBUG] (FabricLoader/Mixin) sodium-common.mixins.json:features.render.entity.shadows.ShadowFeatureRendererMixin from mod sodium: Class version 65 required is higher than the class version supported by the current version of Mixin (JAVA_17 supports class version 61)
[12:26:29] [Render thread/DEBUG] (FabricLoader/Mixin) sodium-common.mixins.json:features.render.entity.shadows.ShadowFeatureRendererMixin from mod sodium->@Inject::renderShadowPartFast(Lnet/minecraft/client/renderer/SubmitNodeCollection;Lnet/minecraft/client/renderer/MultiBufferSource$BufferSource;Lorg/spongepowered/asm/mixin/injection/callback/CallbackInfo;)V does use it's CallbackInfo
[12:26:29] [Render thread/DEBUG] (FabricLoader/Mixin) Mixing entity_render_context.MixinFlameFeatureRenderer from mixins.iris.json into net.minecraft.client.renderer.feature.FlameFeatureRenderer
[12:26:29] [Render thread/DEBUG] (FabricLoader/Mixin) mixins.iris.json:entity_render_context.MixinFlameFeatureRenderer from mod iris: Class version 65 required is higher than the class version supported by the current version of Mixin (JAVA_8 supports class version 52)
[12:26:29] [Render thread/DEBUG] (FabricLoader/Mixin) mixins.iris.json:entity_render_context.MixinFlameFeatureRenderer from mod iris->@Inject::iris$setFlame(Lnet/minecraft/client/renderer/SubmitNodeCollection;Lnet/minecraft/client/renderer/MultiBufferSource$BufferSource;Lnet/minecraft/client/resources/model/AtlasManager;Lorg/spongepowered/asm/mixin/injection/callback/CallbackInfo;)V doesn't use it's CallbackInfo
[12:26:29] [Render thread/DEBUG] (FabricLoader/Mixin) mixins.iris.json:entity_render_context.MixinFlameFeatureRenderer from mod iris->@Inject::iris$setFlame(Lnet/minecraft/client/renderer/SubmitNodeCollection;Lnet/minecraft/client/renderer/MultiBufferSource$BufferSource;Lnet/minecraft/client/resources/model/AtlasManager;Lorg/spongepowered/asm/mixin/injection/callback/CallbackInfo;)V has 0 override(s) in child classes
[12:26:29] [Render thread/DEBUG] (FabricLoader/Mixin) mixins.iris.json:entity_render_context.MixinFlameFeatureRenderer from mod iris->@Inject::iris$setFlame(Lnet/minecraft/client/renderer/SubmitNodeCollection;Lnet/minecraft/client/renderer/MultiBufferSource$BufferSource;Lnet/minecraft/client/resources/model/AtlasManager;Lorg/spongepowered/asm/mixin/injection/callback/CallbackInfo;)V won't be passed a CallbackInfo as a result
[12:26:29] [Render thread/DEBUG] (FabricLoader/Mixin) mixins.iris.json:entity_render_context.MixinFlameFeatureRenderer from mod iris->@Inject::iris$setFlame2(Lnet/minecraft/client/renderer/SubmitNodeCollection;Lnet/minecraft/client/renderer/MultiBufferSource$BufferSource;Lnet/minecraft/client/resources/model/AtlasManager;Lorg/spongepowered/asm/mixin/injection/callback/CallbackInfo;)V doesn't use it's CallbackInfo
[12:26:29] [Render thread/DEBUG] (FabricLoader/Mixin) mixins.iris.json:entity_render_context.MixinFlameFeatureRenderer from mod iris->@Inject::iris$setFlame2(Lnet/minecraft/client/renderer/SubmitNodeCollection;Lnet/minecraft/client/renderer/MultiBufferSource$BufferSource;Lnet/minecraft/client/resources/model/AtlasManager;Lorg/spongepowered/asm/mixin/injection/callback/CallbackInfo;)V has 0 override(s) in child classes
[12:26:29] [Render thread/DEBUG] (FabricLoader/Mixin) mixins.iris.json:entity_render_context.MixinFlameFeatureRenderer from mod iris->@Inject::iris$setFlame2(Lnet/minecraft/client/renderer/SubmitNodeCollection;Lnet/minecraft/client/renderer/MultiBufferSource$BufferSource;Lnet/minecraft/client/resources/model/AtlasManager;Lorg/spongepowered/asm/mixin/injection/callback/CallbackInfo;)V won't be passed a CallbackInfo as a result
[12:26:29] [Render thread/DEBUG] (FabricLoader/Mixin) Mixing entity_render_context.MixinModelFeatureRenderer from mixins.iris.json into net.minecraft.client.renderer.feature.ModelFeatureRenderer
[12:26:29] [Render thread/DEBUG] (FabricLoader/Mixin) mixins.iris.json:entity_render_context.MixinModelFeatureRenderer from mod iris: Class version 65 required is higher than the class version supported by the current version of Mixin (JAVA_8 supports class version 52)
[12:26:29] [Render thread/DEBUG] (FabricLoader/Mixin) mixins.iris.json:entity_render_context.MixinModelFeatureRenderer from mod iris->@Inject::iris$set(Lnet/minecraft/client/renderer/MultiBufferSource$BufferSource;Lnet/minecraft/client/renderer/OutlineBufferSource;Ljava/util/List;Lnet/minecraft/client/renderer/MultiBufferSource$BufferSource;Lorg/spongepowered/asm/mixin/injection/callback/CallbackInfo;)V doesn't use it's CallbackInfo
[12:26:29] [Render thread/DEBUG] (FabricLoader/Mixin) mixins.iris.json:entity_render_context.MixinModelFeatureRenderer from mod iris->@Inject::iris$set(Lnet/minecraft/client/renderer/MultiBufferSource$BufferSource;Lnet/minecraft/client/renderer/OutlineBufferSource;Ljava/util/List;Lnet/minecraft/client/renderer/MultiBufferSource$BufferSource;Lorg/spongepowered/asm/mixin/injection/callback/CallbackInfo;)V has 0 override(s) in child classes
[12:26:29] [Render thread/DEBUG] (FabricLoader/Mixin) mixins.iris.json:entity_render_context.MixinModelFeatureRenderer from mod iris->@Inject::iris$set(Lnet/minecraft/client/renderer/MultiBufferSource$BufferSource;Lnet/minecraft/client/renderer/OutlineBufferSource;Ljava/util/List;Lnet/minecraft/client/renderer/MultiBufferSource$BufferSource;Lorg/spongepowered/asm/mixin/injection/callback/CallbackInfo;)V won't be passed a CallbackInfo as a result
[12:26:29] [Render thread/DEBUG] (FabricLoader/Mixin) mixins.iris.json:entity_render_context.MixinModelFeatureRenderer from mod iris->@Inject::iris$set2(Lnet/minecraft/client/renderer/MultiBufferSource$BufferSource;Lnet/minecraft/client/renderer/OutlineBufferSource;Ljava/util/Map;Lnet/minecraft/client/renderer/MultiBufferSource$BufferSource;Lorg/spongepowered/asm/mixin/injection/callback/CallbackInfo;)V doesn't use it's CallbackInfo
[12:26:29] [Render thread/DEBUG] (FabricLoader/Mixin) mixins.iris.json:entity_render_context.MixinModelFeatureRenderer from mod iris->@Inject::iris$set2(Lnet/minecraft/client/renderer/MultiBufferSource$BufferSource;Lnet/minecraft/client/renderer/OutlineBufferSource;Ljava/util/Map;Lnet/minecraft/client/renderer/MultiBufferSource$BufferSource;Lorg/spongepowered/asm/mixin/injection/callback/CallbackInfo;)V has 0 override(s) in child classes
[12:26:29] [Render thread/DEBUG] (FabricLoader/Mixin) mixins.iris.json:entity_render_context.MixinModelFeatureRenderer from mod iris->@Inject::iris$set2(Lnet/minecraft/client/renderer/MultiBufferSource$BufferSource;Lnet/minecraft/client/renderer/OutlineBufferSource;Ljava/util/Map;Lnet/minecraft/client/renderer/MultiBufferSource$BufferSource;Lorg/spongepowered/asm/mixin/injection/callback/CallbackInfo;)V won't be passed a CallbackInfo as a result
[12:26:29] [Render thread/DEBUG] (FabricLoader/Mixin) mixins.iris.json:entity_render_context.MixinModelFeatureRenderer from mod iris->@Inject::iris$clear(Lnet/minecraft/client/renderer/SubmitNodeCollection;Lnet/minecraft/client/renderer/MultiBufferSource$BufferSource;Lnet/minecraft/client/renderer/OutlineBufferSource;Lnet/minecraft/client/renderer/MultiBufferSource$BufferSource;Lorg/spongepowered/asm/mixin/injection/callback/CallbackInfo;)V doesn't use it's CallbackInfo
[12:26:29] [Render thread/DEBUG] (FabricLoader/Mixin) mixins.iris.json:entity_render_context.MixinModelFeatureRenderer from mod iris->@Inject::iris$clear(Lnet/minecraft/client/renderer/SubmitNodeCollection;Lnet/minecraft/client/renderer/MultiBufferSource$BufferSource;Lnet/minecraft/client/renderer/OutlineBufferSource;Lnet/minecraft/client/renderer/MultiBufferSource$BufferSource;Lorg/spongepowered/asm/mixin/injection/callback/CallbackInfo;)V has 0 override(s) in child classes
[12:26:29] [Render thread/DEBUG] (FabricLoader/Mixin) mixins.iris.json:entity_render_context.MixinModelFeatureRenderer from mod iris->@Inject::iris$clear(Lnet/minecraft/client/renderer/SubmitNodeCollection;Lnet/minecraft/client/renderer/MultiBufferSource$BufferSource;Lnet/minecraft/client/renderer/OutlineBufferSource;Lnet/minecraft/client/renderer/MultiBufferSource$BufferSource;Lorg/spongepowered/asm/mixin/injection/callback/CallbackInfo;)V won't be passed a CallbackInfo as a result
[12:26:29] [Render thread/DEBUG] (FabricLoader/Mixin) Mixing entity_render_context.MixinModelPartFeatureRenderer from mixins.iris.json into net.minecraft.client.renderer.feature.ModelPartFeatureRenderer
[12:26:29] [Render thread/DEBUG] (FabricLoader/Mixin) mixins.iris.json:entity_render_context.MixinModelPartFeatureRenderer from mod iris: Class version 65 required is higher than the class version supported by the current version of Mixin (JAVA_8 supports class version 52)
[12:26:29] [Render thread/DEBUG] (FabricLoader/Mixin) mixins.iris.json:entity_render_context.MixinModelPartFeatureRenderer from mod iris->@Inject::iris$set(Lnet/minecraft/client/renderer/SubmitNodeCollection;Lnet/minecraft/client/renderer/MultiBufferSource$BufferSource;Lnet/minecraft/client/renderer/OutlineBufferSource;Lnet/minecraft/client/renderer/MultiBufferSource$BufferSource;Lorg/spongepowered/asm/mixin/injection/callback/CallbackInfo;)V doesn't use it's CallbackInfo
[12:26:29] [Render thread/DEBUG] (FabricLoader/Mixin) mixins.iris.json:entity_render_context.MixinModelPartFeatureRenderer from mod iris->@Inject::iris$set(Lnet/minecraft/client/renderer/SubmitNodeCollection;Lnet/minecraft/client/renderer/MultiBufferSource$BufferSource;Lnet/minecraft/client/renderer/OutlineBufferSource;Lnet/minecraft/client/renderer/MultiBufferSource$BufferSource;Lorg/spongepowered/asm/mixin/injection/callback/CallbackInfo;)V has 0 override(s) in child classes
[12:26:29] [Render thread/DEBUG] (FabricLoader/Mixin) mixins.iris.json:entity_render_context.MixinModelPartFeatureRenderer from mod iris->@Inject::iris$set(Lnet/minecraft/client/renderer/SubmitNodeCollection;Lnet/minecraft/client/renderer/MultiBufferSource$BufferSource;Lnet/minecraft/client/renderer/OutlineBufferSource;Lnet/minecraft/client/renderer/MultiBufferSource$BufferSource;Lorg/spongepowered/asm/mixin/injection/callback/CallbackInfo;)V won't be passed a CallbackInfo as a result
[12:26:29] [Render thread/DEBUG] (FabricLoader/Mixin) mixins.iris.json:entity_render_context.MixinModelPartFeatureRenderer from mod iris->@Inject::iris$set(Lnet/minecraft/client/renderer/SubmitNodeCollection;Lnet/minecraft/client/renderer/MultiBufferSource$BufferSource;Lnet/minecraft/client/renderer/OutlineBufferSource;Lnet/minecraft/client/renderer/MultiBufferSource$BufferSource;Lorg/spongepowered/asm/mixin/injection/callback/CallbackInfo;)V doesn't use it's CallbackInfo
[12:26:29] [Render thread/DEBUG] (FabricLoader/Mixin) mixins.iris.json:entity_render_context.MixinModelPartFeatureRenderer from mod iris->@Inject::iris$set(Lnet/minecraft/client/renderer/SubmitNodeCollection;Lnet/minecraft/client/renderer/MultiBufferSource$BufferSource;Lnet/minecraft/client/renderer/OutlineBufferSource;Lnet/minecraft/client/renderer/MultiBufferSource$BufferSource;Lorg/spongepowered/asm/mixin/injection/callback/CallbackInfo;)V has 0 override(s) in child classes
[12:26:29] [Render thread/DEBUG] (FabricLoader/Mixin) mixins.iris.json:entity_render_context.MixinModelPartFeatureRenderer from mod iris->@Inject::iris$set(Lnet/minecraft/client/renderer/SubmitNodeCollection;Lnet/minecraft/client/renderer/MultiBufferSource$BufferSource;Lnet/minecraft/client/renderer/OutlineBufferSource;Lnet/minecraft/client/renderer/MultiBufferSource$BufferSource;Lorg/spongepowered/asm/mixin/injection/callback/CallbackInfo;)V won't be passed a CallbackInfo as a result
[12:26:29] [Render thread/DEBUG] (FabricLoader/Mixin) mixins.iris.json:entity_render_context.MixinModelPartFeatureRenderer from mod iris->@Inject::iris$set(Lnet/minecraft/client/renderer/SubmitNodeCollection;Lnet/minecraft/client/renderer/MultiBufferSource$BufferSource;Lnet/minecraft/client/renderer/OutlineBufferSource;Lnet/minecraft/client/renderer/MultiBufferSource$BufferSource;Lorg/spongepowered/asm/mixin/injection/callback/CallbackInfo;)V doesn't use it's CallbackInfo
[12:26:29] [Render thread/DEBUG] (FabricLoader/Mixin) mixins.iris.json:entity_render_context.MixinModelPartFeatureRenderer from mod iris->@Inject::iris$set(Lnet/minecraft/client/renderer/SubmitNodeCollection;Lnet/minecraft/client/renderer/MultiBufferSource$BufferSource;Lnet/minecraft/client/renderer/OutlineBufferSource;Lnet/minecraft/client/renderer/MultiBufferSource$BufferSource;Lorg/spongepowered/asm/mixin/injection/callback/CallbackInfo;)V has 0 override(s) in child classes
[12:26:29] [Render thread/DEBUG] (FabricLoader/Mixin) mixins.iris.json:entity_render_context.MixinModelPartFeatureRenderer from mod iris->@Inject::iris$set(Lnet/minecraft/client/renderer/SubmitNodeCollection;Lnet/minecraft/client/renderer/MultiBufferSource$BufferSource;Lnet/minecraft/client/renderer/OutlineBufferSource;Lnet/minecraft/client/renderer/MultiBufferSource$BufferSource;Lorg/spongepowered/asm/mixin/injection/callback/CallbackInfo;)V won't be passed a CallbackInfo as a result
[12:26:29] [Render thread/DEBUG] (FabricLoader/Mixin) mixins.iris.json:entity_render_context.MixinModelPartFeatureRenderer from mod iris->@Inject::iris$clear(Lnet/minecraft/client/renderer/SubmitNodeCollection;Lnet/minecraft/client/renderer/MultiBufferSource$BufferSource;Lnet/minecraft/client/renderer/OutlineBufferSource;Lnet/minecraft/client/renderer/MultiBufferSource$BufferSource;Lorg/spongepowered/asm/mixin/injection/callback/CallbackInfo;)V doesn't use it's CallbackInfo
[12:26:29] [Render thread/DEBUG] (FabricLoader/Mixin) mixins.iris.json:entity_render_context.MixinModelPartFeatureRenderer from mod iris->@Inject::iris$clear(Lnet/minecraft/client/renderer/SubmitNodeCollection;Lnet/minecraft/client/renderer/MultiBufferSource$BufferSource;Lnet/minecraft/client/renderer/OutlineBufferSource;Lnet/minecraft/client/renderer/MultiBufferSource$BufferSource;Lorg/spongepowered/asm/mixin/injection/callback/CallbackInfo;)V has 0 override(s) in child classes
[12:26:29] [Render thread/DEBUG] (FabricLoader/Mixin) mixins.iris.json:entity_render_context.MixinModelPartFeatureRenderer from mod iris->@Inject::iris$clear(Lnet/minecraft/client/renderer/SubmitNodeCollection;Lnet/minecraft/client/renderer/MultiBufferSource$BufferSource;Lnet/minecraft/client/renderer/OutlineBufferSource;Lnet/minecraft/client/renderer/MultiBufferSource$BufferSource;Lorg/spongepowered/asm/mixin/injection/callback/CallbackInfo;)V won't be passed a CallbackInfo as a result
[12:26:29] [Render thread/DEBUG] (FabricLoader/Mixin) Mixing entity_render_context.MixinTextFeatureRenderer from mixins.iris.json into net.minecraft.client.renderer.feature.TextFeatureRenderer
[12:26:29] [Render thread/DEBUG] (FabricLoader/Mixin) mixins.iris.json:entity_render_context.MixinTextFeatureRenderer from mod iris: Class version 65 required is higher than the class version supported by the current version of Mixin (JAVA_8 supports class version 52)
[12:26:29] [Render thread/DEBUG] (FabricLoader/Mixin) mixins.iris.json:entity_render_context.MixinTextFeatureRenderer from mod iris->@Inject::iris$set(Lnet/minecraft/client/renderer/SubmitNodeCollection;Lnet/minecraft/client/renderer/MultiBufferSource$BufferSource;Lorg/spongepowered/asm/mixin/injection/callback/CallbackInfo;)V doesn't use it's CallbackInfo
[12:26:29] [Render thread/DEBUG] (FabricLoader/Mixin) mixins.iris.json:entity_render_context.MixinTextFeatureRenderer from mod iris->@Inject::iris$set(Lnet/minecraft/client/renderer/SubmitNodeCollection;Lnet/minecraft/client/renderer/MultiBufferSource$BufferSource;Lorg/spongepowered/asm/mixin/injection/callback/CallbackInfo;)V has 0 override(s) in child classes
[12:26:29] [Render thread/DEBUG] (FabricLoader/Mixin) mixins.iris.json:entity_render_context.MixinTextFeatureRenderer from mod iris->@Inject::iris$set(Lnet/minecraft/client/renderer/SubmitNodeCollection;Lnet/minecraft/client/renderer/MultiBufferSource$BufferSource;Lorg/spongepowered/asm/mixin/injection/callback/CallbackInfo;)V won't be passed a CallbackInfo as a result
[12:26:29] [Render thread/DEBUG] (FabricLoader/Mixin) mixins.iris.json:entity_render_context.MixinTextFeatureRenderer from mod iris->@Inject::iris$clear(Lnet/minecraft/client/renderer/SubmitNodeCollection;Lnet/minecraft/client/renderer/MultiBufferSource$BufferSource;Lorg/spongepowered/asm/mixin/injection/callback/CallbackInfo;)V doesn't use it's CallbackInfo
[12:26:29] [Render thread/DEBUG] (FabricLoader/Mixin) mixins.iris.json:entity_render_context.MixinTextFeatureRenderer from mod iris->@Inject::iris$clear(Lnet/minecraft/client/renderer/SubmitNodeCollection;Lnet/minecraft/client/renderer/MultiBufferSource$BufferSource;Lorg/spongepowered/asm/mixin/injection/callback/CallbackInfo;)V has 0 override(s) in child classes
[12:26:29] [Render thread/DEBUG] (FabricLoader/Mixin) mixins.iris.json:entity_render_context.MixinTextFeatureRenderer from mod iris->@Inject::iris$clear(Lnet/minecraft/client/renderer/SubmitNodeCollection;Lnet/minecraft/client/renderer/MultiBufferSource$BufferSource;Lorg/spongepowered/asm/mixin/injection/callback/CallbackInfo;)V won't be passed a CallbackInfo as a result
[12:26:29] [Render thread/DEBUG] (FabricLoader/Mixin) Mixing entity_render_context.MixinItemFeatureRenderer from mixins.iris.json into net.minecraft.client.renderer.feature.ItemFeatureRenderer
[12:26:29] [Render thread/DEBUG] (FabricLoader/Mixin) mixins.iris.json:entity_render_context.MixinItemFeatureRenderer from mod iris: Class version 65 required is higher than the class version supported by the current version of Mixin (JAVA_8 supports class version 52)
[12:26:29] [Render thread/DEBUG] (FabricLoader/Mixin) Mixing features.render.frapi.ItemFeatureRendererMixin from sodium-common.mixins.json into net.minecraft.client.renderer.feature.ItemFeatureRenderer
[12:26:29] [Render thread/DEBUG] (FabricLoader/Mixin) sodium-common.mixins.json:features.render.frapi.ItemFeatureRendererMixin from mod sodium: Class version 65 required is higher than the class version supported by the current version of Mixin (JAVA_17 supports class version 61)
[12:26:29] [Render thread/DEBUG] (FabricLoader/Mixin) mixins.iris.json:entity_render_context.MixinItemFeatureRenderer from mod iris->@Inject::iris$set(Lnet/minecraft/client/renderer/SubmitNodeCollection;Lnet/minecraft/client/renderer/MultiBufferSource$BufferSource;Lnet/minecraft/client/renderer/OutlineBufferSource;Lorg/spongepowered/asm/mixin/injection/callback/CallbackInfo;)V doesn't use it's CallbackInfo
[12:26:29] [Render thread/DEBUG] (FabricLoader/Mixin) mixins.iris.json:entity_render_context.MixinItemFeatureRenderer from mod iris->@Inject::iris$set(Lnet/minecraft/client/renderer/SubmitNodeCollection;Lnet/minecraft/client/renderer/MultiBufferSource$BufferSource;Lnet/minecraft/client/renderer/OutlineBufferSource;Lorg/spongepowered/asm/mixin/injection/callback/CallbackInfo;)V has 0 override(s) in child classes
[12:26:29] [Render thread/DEBUG] (FabricLoader/Mixin) mixins.iris.json:entity_render_context.MixinItemFeatureRenderer from mod iris->@Inject::iris$set(Lnet/minecraft/client/renderer/SubmitNodeCollection;Lnet/minecraft/client/renderer/MultiBufferSource$BufferSource;Lnet/minecraft/client/renderer/OutlineBufferSource;Lorg/spongepowered/asm/mixin/injection/callback/CallbackInfo;)V won't be passed a CallbackInfo as a result
[12:26:29] [Render thread/DEBUG] (FabricLoader/Mixin) mixins.iris.json:entity_render_context.MixinItemFeatureRenderer from mod iris->@Inject::iris$clear(Lnet/minecraft/client/renderer/SubmitNodeCollection;Lnet/minecraft/client/renderer/MultiBufferSource$BufferSource;Lnet/minecraft/client/renderer/OutlineBufferSource;Lorg/spongepowered/asm/mixin/injection/callback/CallbackInfo;)V doesn't use it's CallbackInfo
[12:26:29] [Render thread/DEBUG] (FabricLoader/Mixin) mixins.iris.json:entity_render_context.MixinItemFeatureRenderer from mod iris->@Inject::iris$clear(Lnet/minecraft/client/renderer/SubmitNodeCollection;Lnet/minecraft/client/renderer/MultiBufferSource$BufferSource;Lnet/minecraft/client/renderer/OutlineBufferSource;Lorg/spongepowered/asm/mixin/injection/callback/CallbackInfo;)V has 0 override(s) in child classes
[12:26:29] [Render thread/DEBUG] (FabricLoader/Mixin) mixins.iris.json:entity_render_context.MixinItemFeatureRenderer from mod iris->@Inject::iris$clear(Lnet/minecraft/client/renderer/SubmitNodeCollection;Lnet/minecraft/client/renderer/MultiBufferSource$BufferSource;Lnet/minecraft/client/renderer/OutlineBufferSource;Lorg/spongepowered/asm/mixin/injection/callback/CallbackInfo;)V won't be passed a CallbackInfo as a result
[12:26:29] [Render thread/DEBUG] (FabricLoader/Mixin) sodium-common.mixins.json:features.render.frapi.ItemFeatureRendererMixin from mod sodium->@Inject::onReturnRender(Lnet/minecraft/client/renderer/SubmitNodeCollection;Lnet/minecraft/client/renderer/MultiBufferSource$BufferSource;Lnet/minecraft/client/renderer/OutlineBufferSource;Lorg/spongepowered/asm/mixin/injection/callback/CallbackInfo;)V doesn't use it's CallbackInfo
[12:26:29] [Render thread/DEBUG] (FabricLoader/Mixin) sodium-common.mixins.json:features.render.frapi.ItemFeatureRendererMixin from mod sodium->@Inject::onReturnRender(Lnet/minecraft/client/renderer/SubmitNodeCollection;Lnet/minecraft/client/renderer/MultiBufferSource$BufferSource;Lnet/minecraft/client/renderer/OutlineBufferSource;Lorg/spongepowered/asm/mixin/injection/callback/CallbackInfo;)V has 0 override(s) in child classes
[12:26:29] [Render thread/DEBUG] (FabricLoader/Mixin) sodium-common.mixins.json:features.render.frapi.ItemFeatureRendererMixin from mod sodium->@Inject::onReturnRender(Lnet/minecraft/client/renderer/SubmitNodeCollection;Lnet/minecraft/client/renderer/MultiBufferSource$BufferSource;Lnet/minecraft/client/renderer/OutlineBufferSource;Lorg/spongepowered/asm/mixin/injection/callback/CallbackInfo;)V won't be passed a CallbackInfo as a result
[12:26:29] [Render thread/DEBUG] (FabricLoader/Mixin) Mixing entity_render_context.MixinCustomFeatureRenderer from mixins.iris.json into net.minecraft.client.renderer.feature.CustomFeatureRenderer
[12:26:29] [Render thread/DEBUG] (FabricLoader/Mixin) mixins.iris.json:entity_render_context.MixinCustomFeatureRenderer from mod iris: Class version 65 required is higher than the class version supported by the current version of Mixin (JAVA_8 supports class version 52)
[12:26:29] [Render thread/DEBUG] (FabricLoader/Mixin) mixins.iris.json:entity_render_context.MixinCustomFeatureRenderer from mod iris->@Inject::iris$set(Lnet/minecraft/client/renderer/SubmitNodeCollection;Lnet/minecraft/client/renderer/MultiBufferSource$BufferSource;Lorg/spongepowered/asm/mixin/injection/callback/CallbackInfo;)V doesn't use it's CallbackInfo
[12:26:29] [Render thread/DEBUG] (FabricLoader/Mixin) mixins.iris.json:entity_render_context.MixinCustomFeatureRenderer from mod iris->@Inject::iris$set(Lnet/minecraft/client/renderer/SubmitNodeCollection;Lnet/minecraft/client/renderer/MultiBufferSource$BufferSource;Lorg/spongepowered/asm/mixin/injection/callback/CallbackInfo;)V has 0 override(s) in child classes
[12:26:29] [Render thread/DEBUG] (FabricLoader/Mixin) mixins.iris.json:entity_render_context.MixinCustomFeatureRenderer from mod iris->@Inject::iris$set(Lnet/minecraft/client/renderer/SubmitNodeCollection;Lnet/minecraft/client/renderer/MultiBufferSource$BufferSource;Lorg/spongepowered/asm/mixin/injection/callback/CallbackInfo;)V won't be passed a CallbackInfo as a result
[12:26:29] [Render thread/DEBUG] (FabricLoader/Mixin) mixins.iris.json:entity_render_context.MixinCustomFeatureRenderer from mod iris->@Inject::iris$clear(Lnet/minecraft/client/renderer/SubmitNodeCollection;Lnet/minecraft/client/renderer/MultiBufferSource$BufferSource;Lorg/spongepowered/asm/mixin/injection/callback/CallbackInfo;)V doesn't use it's CallbackInfo
[12:26:29] [Render thread/DEBUG] (FabricLoader/Mixin) mixins.iris.json:entity_render_context.MixinCustomFeatureRenderer from mod iris->@Inject::iris$clear(Lnet/minecraft/client/renderer/SubmitNodeCollection;Lnet/minecraft/client/renderer/MultiBufferSource$BufferSource;Lorg/spongepowered/asm/mixin/injection/callback/CallbackInfo;)V has 0 override(s) in child classes
[12:26:29] [Render thread/DEBUG] (FabricLoader/Mixin) mixins.iris.json:entity_render_context.MixinCustomFeatureRenderer from mod iris->@Inject::iris$clear(Lnet/minecraft/client/renderer/SubmitNodeCollection;Lnet/minecraft/client/renderer/MultiBufferSource$BufferSource;Lorg/spongepowered/asm/mixin/injection/callback/CallbackInfo;)V won't be passed a CallbackInfo as a result
[12:26:29] [Render thread/DEBUG] (FabricLoader/Mixin) Mixing client.block.render.FallingBlockCommandRendererMixin from fabric-renderer-api-v1.mixins.json into net.minecraft.client.renderer.feature.BlockFeatureRenderer
[12:26:29] [Render thread/DEBUG] (FabricLoader/Mixin) fabric-renderer-api-v1.mixins.json:client.block.render.FallingBlockCommandRendererMixin from mod fabric-renderer-api-v1->@Inject::beforeRenderMovingBlocks(Lnet/minecraft/client/renderer/SubmitNodeCollection;Lnet/minecraft/client/renderer/MultiBufferSource$BufferSource;Lnet/minecraft/client/renderer/block/BlockRenderDispatcher;Lnet/minecraft/client/renderer/OutlineBufferSource;Lorg/spongepowered/asm/mixin/injection/callback/CallbackInfo;)V doesn't use it's CallbackInfo
[12:26:29] [Render thread/DEBUG] (FabricLoader/Mixin) fabric-renderer-api-v1.mixins.json:client.block.render.FallingBlockCommandRendererMixin from mod fabric-renderer-api-v1->@Inject::beforeRenderMovingBlocks(Lnet/minecraft/client/renderer/SubmitNodeCollection;Lnet/minecraft/client/renderer/MultiBufferSource$BufferSource;Lnet/minecraft/client/renderer/block/BlockRenderDispatcher;Lnet/minecraft/client/renderer/OutlineBufferSource;Lorg/spongepowered/asm/mixin/injection/callback/CallbackInfo;)V has 0 override(s) in child classes
[12:26:29] [Render thread/DEBUG] (FabricLoader/Mixin) fabric-renderer-api-v1.mixins.json:client.block.render.FallingBlockCommandRendererMixin from mod fabric-renderer-api-v1->@Inject::beforeRenderMovingBlocks(Lnet/minecraft/client/renderer/SubmitNodeCollection;Lnet/minecraft/client/renderer/MultiBufferSource$BufferSource;Lnet/minecraft/client/renderer/block/BlockRenderDispatcher;Lnet/minecraft/client/renderer/OutlineBufferSource;Lorg/spongepowered/asm/mixin/injection/callback/CallbackInfo;)V won't be passed a CallbackInfo as a result
[12:26:29] [Render thread/DEBUG] (FabricLoader/Mixin) fabric-renderer-api-v1.mixins.json:client.block.render.FallingBlockCommandRendererMixin from mod fabric-renderer-api-v1->@Inject::onReturnRender(Lnet/minecraft/client/renderer/SubmitNodeCollection;Lnet/minecraft/client/renderer/MultiBufferSource$BufferSource;Lnet/minecraft/client/renderer/block/BlockRenderDispatcher;Lnet/minecraft/client/renderer/OutlineBufferSource;Lorg/spongepowered/asm/mixin/injection/callback/CallbackInfo;)V doesn't use it's CallbackInfo
[12:26:29] [Render thread/DEBUG] (FabricLoader/Mixin) fabric-renderer-api-v1.mixins.json:client.block.render.FallingBlockCommandRendererMixin from mod fabric-renderer-api-v1->@Inject::onReturnRender(Lnet/minecraft/client/renderer/SubmitNodeCollection;Lnet/minecraft/client/renderer/MultiBufferSource$BufferSource;Lnet/minecraft/client/renderer/block/BlockRenderDispatcher;Lnet/minecraft/client/renderer/OutlineBufferSource;Lorg/spongepowered/asm/mixin/injection/callback/CallbackInfo;)V has 0 override(s) in child classes
[12:26:29] [Render thread/DEBUG] (FabricLoader/Mixin) fabric-renderer-api-v1.mixins.json:client.block.render.FallingBlockCommandRendererMixin from mod fabric-renderer-api-v1->@Inject::onReturnRender(Lnet/minecraft/client/renderer/SubmitNodeCollection;Lnet/minecraft/client/renderer/MultiBufferSource$BufferSource;Lnet/minecraft/client/renderer/block/BlockRenderDispatcher;Lnet/minecraft/client/renderer/OutlineBufferSource;Lorg/spongepowered/asm/mixin/injection/callback/CallbackInfo;)V won't be passed a CallbackInfo as a result
[12:26:29] [Render thread/DEBUG] (FabricLoader/Mixin) Mixing MixinParticleEngine from mixins.iris.json into net.minecraft.client.renderer.feature.ParticleFeatureRenderer
[12:26:29] [Render thread/DEBUG] (FabricLoader/Mixin) mixins.iris.json:MixinParticleEngine from mod iris: Class version 65 required is higher than the class version supported by the current version of Mixin (JAVA_8 supports class version 52)
[12:26:29] [Render thread/DEBUG] (FabricLoader/Mixin) Renaming synthetic method lambda$iris$finishDrawingParticles$1(Lnet/irisshaders/iris/pipeline/WorldRenderingPipeline;)V to mdab7149$iris$lambda$iris$finishDrawingParticles$1$0 in mixins.iris.json:MixinParticleEngine from mod iris
[12:26:29] [Render thread/DEBUG] (FabricLoader/Mixin) Renaming synthetic method lambda$iris$beginDrawingParticles$0(Lnet/irisshaders/iris/pipeline/WorldRenderingPipeline;)V to mdab7149$iris$lambda$iris$beginDrawingParticles$0$1 in mixins.iris.json:MixinParticleEngine from mod iris
[12:26:29] [Render thread/DEBUG] (FabricLoader/Mixin) Mixing MixinParticleFeatureRenderer from mixins.iris.fantastic.json into net.minecraft.client.renderer.feature.ParticleFeatureRenderer
[12:26:29] [Render thread/DEBUG] (FabricLoader/Mixin) mixins.iris.fantastic.json:MixinParticleFeatureRenderer from mod iris: Class version 65 required is higher than the class version supported by the current version of Mixin (JAVA_8 supports class version 52)
[12:26:29] [Render thread/DEBUG] (FabricLoader/Mixin) Renaming synthetic method lambda$iris$overrideCode$1()Ljava/lang/String; to mdab7149$iris$lambda$iris$overrideCode$1$2 in mixins.iris.fantastic.json:MixinParticleFeatureRenderer from mod iris
[12:26:29] [Render thread/DEBUG] (FabricLoader/Mixin) Renaming synthetic method lambda$iris$overrideCode$0()Ljava/lang/String; to mdab7149$iris$lambda$iris$overrideCode$0$3 in mixins.iris.fantastic.json:MixinParticleFeatureRenderer from mod iris
[12:26:29] [Render thread/DEBUG] (FabricLoader/Mixin) mixins.iris.json:MixinParticleEngine from mod iris->@Inject::iris$beginDrawingParticles(Lnet/minecraft/client/renderer/SubmitNodeCollection;Lorg/spongepowered/asm/mixin/injection/callback/CallbackInfo;)V doesn't use it's CallbackInfo
[12:26:29] [Render thread/DEBUG] (FabricLoader/Mixin) mixins.iris.json:MixinParticleEngine from mod iris->@Inject::iris$beginDrawingParticles(Lnet/minecraft/client/renderer/SubmitNodeCollection;Lorg/spongepowered/asm/mixin/injection/callback/CallbackInfo;)V has 0 override(s) in child classes
[12:26:29] [Render thread/DEBUG] (FabricLoader/Mixin) mixins.iris.json:MixinParticleEngine from mod iris->@Inject::iris$beginDrawingParticles(Lnet/minecraft/client/renderer/SubmitNodeCollection;Lorg/spongepowered/asm/mixin/injection/callback/CallbackInfo;)V won't be passed a CallbackInfo as a result
[12:26:29] [Render thread/DEBUG] (FabricLoader/Mixin) mixins.iris.json:MixinParticleEngine from mod iris->@Inject::iris$finishDrawingParticles(Lnet/minecraft/client/renderer/SubmitNodeCollection;Lorg/spongepowered/asm/mixin/injection/callback/CallbackInfo;)V doesn't use it's CallbackInfo
[12:26:29] [Render thread/DEBUG] (FabricLoader/Mixin) mixins.iris.json:MixinParticleEngine from mod iris->@Inject::iris$finishDrawingParticles(Lnet/minecraft/client/renderer/SubmitNodeCollection;Lorg/spongepowered/asm/mixin/injection/callback/CallbackInfo;)V has 0 override(s) in child classes
[12:26:29] [Render thread/DEBUG] (FabricLoader/Mixin) mixins.iris.json:MixinParticleEngine from mod iris->@Inject::iris$finishDrawingParticles(Lnet/minecraft/client/renderer/SubmitNodeCollection;Lorg/spongepowered/asm/mixin/injection/callback/CallbackInfo;)V won't be passed a CallbackInfo as a result
[12:26:29] [Render thread/DEBUG] (FabricLoader/Mixin) mixins.iris.json:MixinParticleEngine from mod iris->@Inject::iris$finishDrawingParticles(Lnet/minecraft/client/renderer/SubmitNodeCollection;Lorg/spongepowered/asm/mixin/injection/callback/CallbackInfo;)V doesn't use it's CallbackInfo
[12:26:29] [Render thread/DEBUG] (FabricLoader/Mixin) mixins.iris.json:MixinParticleEngine from mod iris->@Inject::iris$finishDrawingParticles(Lnet/minecraft/client/renderer/SubmitNodeCollection;Lorg/spongepowered/asm/mixin/injection/callback/CallbackInfo;)V has 0 override(s) in child classes
[12:26:29] [Render thread/DEBUG] (FabricLoader/Mixin) mixins.iris.json:MixinParticleEngine from mod iris->@Inject::iris$finishDrawingParticles(Lnet/minecraft/client/renderer/SubmitNodeCollection;Lorg/spongepowered/asm/mixin/injection/callback/CallbackInfo;)V won't be passed a CallbackInfo as a result
[12:26:29] [Render thread/DEBUG] (FabricLoader/Mixin) Mixing GuiRendererMixin from fabric-rendering-v1.mixins.json into net.minecraft.client.gui.render.GuiRenderer
[12:26:29] [Render thread/DEBUG] (FabricLoader/Mixin) Renaming synthetic method lambda$substituteSpecialElementRenderer$0(Ljava/lang/Class;)Lnet/fabricmc/fabric/impl/client/rendering/SpecialGuiElementRendererPool; to mdab7149$fabric-rendering-v1$lambda$substituteSpecialElementRenderer$0$0 in fabric-rendering-v1.mixins.json:GuiRendererMixin from mod fabric-rendering-v1
[12:26:29] [Render thread/DEBUG] (FabricLoader/Mixin) fabric-rendering-v1.mixins.json:GuiRendererMixin from mod fabric-rendering-v1->@Inject::mutableSpecialElementRenderers(Lnet/minecraft/client/gui/render/state/GuiRenderState;Lnet/minecraft/client/renderer/MultiBufferSource$BufferSource;Lnet/minecraft/client/renderer/SubmitNodeCollector;Lnet/minecraft/client/renderer/feature/FeatureRenderDispatcher;Ljava/util/List;Lorg/spongepowered/asm/mixin/injection/callback/CallbackInfo;)V doesn't use it's CallbackInfo
[12:26:29] [Render thread/DEBUG] (FabricLoader/Mixin) fabric-rendering-v1.mixins.json:GuiRendererMixin from mod fabric-rendering-v1->@Inject::mutableSpecialElementRenderers(Lnet/minecraft/client/gui/render/state/GuiRenderState;Lnet/minecraft/client/renderer/MultiBufferSource$BufferSource;Lnet/minecraft/client/renderer/SubmitNodeCollector;Lnet/minecraft/client/renderer/feature/FeatureRenderDispatcher;Ljava/util/List;Lorg/spongepowered/asm/mixin/injection/callback/CallbackInfo;)V has 0 override(s) in child classes
[12:26:29] [Render thread/DEBUG] (FabricLoader/Mixin) fabric-rendering-v1.mixins.json:GuiRendererMixin from mod fabric-rendering-v1->@Inject::mutableSpecialElementRenderers(Lnet/minecraft/client/gui/render/state/GuiRenderState;Lnet/minecraft/client/renderer/MultiBufferSource$BufferSource;Lnet/minecraft/client/renderer/SubmitNodeCollector;Lnet/minecraft/client/renderer/feature/FeatureRenderDispatcher;Ljava/util/List;Lorg/spongepowered/asm/mixin/injection/callback/CallbackInfo;)V won't be passed a CallbackInfo as a result
[12:26:29] [Render thread/DEBUG] (FabricLoader/Mixin) fabric-rendering-v1.mixins.json:GuiRendererMixin from mod fabric-rendering-v1->@Inject::prePrepareSpecialElements(Lorg/spongepowered/asm/mixin/injection/callback/CallbackInfo;)V doesn't use it's CallbackInfo
[12:26:29] [Render thread/DEBUG] (FabricLoader/Mixin) fabric-rendering-v1.mixins.json:GuiRendererMixin from mod fabric-rendering-v1->@Inject::prePrepareSpecialElements(Lorg/spongepowered/asm/mixin/injection/callback/CallbackInfo;)V has 0 override(s) in child classes
[12:26:29] [Render thread/DEBUG] (FabricLoader/Mixin) fabric-rendering-v1.mixins.json:GuiRendererMixin from mod fabric-rendering-v1->@Inject::prePrepareSpecialElements(Lorg/spongepowered/asm/mixin/injection/callback/CallbackInfo;)V won't be passed a CallbackInfo as a result
[12:26:29] [Render thread/DEBUG] (FabricLoader/Mixin) fabric-rendering-v1.mixins.json:GuiRendererMixin from mod fabric-rendering-v1->@Inject::postPrepareSpecialElements(Lorg/spongepowered/asm/mixin/injection/callback/CallbackInfo;)V doesn't use it's CallbackInfo
[12:26:29] [Render thread/DEBUG] (FabricLoader/Mixin) fabric-rendering-v1.mixins.json:GuiRendererMixin from mod fabric-rendering-v1->@Inject::postPrepareSpecialElements(Lorg/spongepowered/asm/mixin/injection/callback/CallbackInfo;)V has 0 override(s) in child classes
[12:26:29] [Render thread/DEBUG] (FabricLoader/Mixin) fabric-rendering-v1.mixins.json:GuiRendererMixin from mod fabric-rendering-v1->@Inject::postPrepareSpecialElements(Lorg/spongepowered/asm/mixin/injection/callback/CallbackInfo;)V won't be passed a CallbackInfo as a result
[12:26:29] [Render thread/DEBUG] (FabricLoader/Mixin) fabric-rendering-v1.mixins.json:GuiRendererMixin from mod fabric-rendering-v1->@Inject::closeRendererPools(Lorg/spongepowered/asm/mixin/injection/callback/CallbackInfo;)V doesn't use it's CallbackInfo
[12:26:29] [Render thread/DEBUG] (FabricLoader/Mixin) fabric-rendering-v1.mixins.json:GuiRendererMixin from mod fabric-rendering-v1->@Inject::closeRendererPools(Lorg/spongepowered/asm/mixin/injection/callback/CallbackInfo;)V has 0 override(s) in child classes
[12:26:29] [Render thread/DEBUG] (FabricLoader/Mixin) fabric-rendering-v1.mixins.json:GuiRendererMixin from mod fabric-rendering-v1->@Inject::closeRendererPools(Lorg/spongepowered/asm/mixin/injection/callback/CallbackInfo;)V won't be passed a CallbackInfo as a result
[12:26:29] [Render thread/DEBUG] (FabricLoader/Mixin) Mixing MixinScreenEffectRenderer from infernum.mixins.json into net.minecraft.client.renderer.ScreenEffectRenderer
[12:26:29] [Render thread/DEBUG] (FabricLoader/Mixin) Mixing MixinScreenEffectRenderer from mixins.iris.json into net.minecraft.client.renderer.ScreenEffectRenderer
[12:26:29] [Render thread/DEBUG] (FabricLoader/Mixin) mixins.iris.json:MixinScreenEffectRenderer from mod iris: Class version 65 required is higher than the class version supported by the current version of Mixin (JAVA_8 supports class version 52)
[12:26:29] [Render thread/DEBUG] (FabricLoader/Mixin) Mixing client.block.particle.InGameOverlayRendererMixin from fabric-renderer-api-v1.mixins.json into net.minecraft.client.renderer.ScreenEffectRenderer
[12:26:29] [Render thread/DEBUG] (FabricLoader/Mixin) infernum.mixins.json:MixinScreenEffectRenderer from mod infernum->@Inject::frozen$onRenderFireOverlay(Lcom/mojang/blaze3d/vertex/PoseStack;Lnet/minecraft/client/renderer/MultiBufferSource;Lnet/minecraft/client/renderer/texture/TextureAtlasSprite;Lorg/spongepowered/asm/mixin/injection/callback/CallbackInfo;)V does use it's CallbackInfo
[12:26:29] [Render thread/DEBUG] (FabricLoader/Mixin) mixins.iris.json:MixinScreenEffectRenderer from mod iris->@Inject::iris$disableUnderWaterOverlayRendering(Lnet/minecraft/client/Minecraft;Lcom/mojang/blaze3d/vertex/PoseStack;Lnet/minecraft/client/renderer/MultiBufferSource;Lorg/spongepowered/asm/mixin/injection/callback/CallbackInfo;)V does use it's CallbackInfo
[12:26:29] [Render thread/DEBUG] (FabricLoader/Mixin) fabric-renderer-api-v1.mixins.json:client.block.particle.InGameOverlayRendererMixin from mod fabric-renderer-api-v1->@Inject::onReturnGetInWallBlockState(Lorg/spongepowered/asm/mixin/injection/callback/CallbackInfoReturnable;)V does use it's CallbackInfoReturnable
[12:26:29] [Render thread/INFO] (Iris) Hardware information:
[12:26:29] [Render thread/INFO] (Iris) CPU: 16x AMD Ryzen 7 7800X3D 8-Core Processor 
[12:26:29] [Render thread/INFO] (Iris) GPU: AMD Radeon RX 9070 XT (Supports OpenGL 3.3.0 Core Profile Context 26.3.1.260309)
[12:26:29] [Render thread/INFO] (Iris) OS: Windows 11 (10.0)
[12:26:29] [Render thread/DEBUG] (FabricLoader/Mixin) Mixing MixinWorldRenderer from fabric-badoptimizations.mixins.json into net.minecraft.client.renderer.LevelRenderer
[12:26:29] [Render thread/DEBUG] (FabricLoader/Mixin) fabric-badoptimizations.mixins.json:MixinWorldRenderer from mod badoptimizations: Class version 65 required is higher than the class version supported by the current version of Mixin (JAVA_17 supports class version 61)
[12:26:29] [Render thread/DEBUG] (FabricLoader/Mixin) Mixing immediate.MixinLevelRenderer from mixins.iris.vertexformat.json into net.minecraft.client.renderer.LevelRenderer
[12:26:29] [Render thread/DEBUG] (FabricLoader/Mixin) mixins.iris.vertexformat.json:immediate.MixinLevelRenderer from mod iris: Class version 65 required is higher than the class version supported by the current version of Mixin (JAVA_8 supports class version 52)
[12:26:29] [Render thread/DEBUG] (FabricLoader/Mixin) Mixing WorldRendererMixin from cubes-without-borders.mixins.json into net.minecraft.client.renderer.LevelRenderer
[12:26:29] [Render thread/DEBUG] (FabricLoader/Mixin) Mixing LevelRendererAccessor from mixins.iris.json into net.minecraft.client.renderer.LevelRenderer
[12:26:29] [Render thread/DEBUG] (FabricLoader/Mixin) mixins.iris.json:LevelRendererAccessor from mod iris: Class version 65 required is higher than the class version supported by the current version of Mixin (JAVA_8 supports class version 52)
[12:26:29] [Render thread/DEBUG] (FabricLoader/Mixin) Mixing MixinLevelRenderer from mixins.iris.json into net.minecraft.client.renderer.LevelRenderer
[12:26:29] [Render thread/DEBUG] (FabricLoader/Mixin) mixins.iris.json:MixinLevelRenderer from mod iris: Class version 65 required is higher than the class version supported by the current version of Mixin (JAVA_8 supports class version 52)
[12:26:29] [Render thread/DEBUG] (FabricLoader/Mixin) Renaming synthetic method lambda$iris$endLevelRender$1(Lnet/irisshaders/iris/UpdateChecker$BetaInfo;)V to mdab7149$iris$lambda$iris$endLevelRender$1$0 in mixins.iris.json:MixinLevelRenderer from mod iris
[12:26:29] [Render thread/DEBUG] (FabricLoader/Mixin) Renaming synthetic method lambda$iris$beginLevelRender$0()V to mdab7149$iris$lambda$iris$beginLevelRender$0$1 in mixins.iris.json:MixinLevelRenderer from mod iris
[12:26:29] [Render thread/DEBUG] (FabricLoader/Mixin) Mixing MixinLevelRenderer_SkipRendering from mixins.iris.json into net.minecraft.client.renderer.LevelRenderer
[12:26:29] [Render thread/DEBUG] (FabricLoader/Mixin) mixins.iris.json:MixinLevelRenderer_SkipRendering from mod iris: Class version 65 required is higher than the class version supported by the current version of Mixin (JAVA_8 supports class version 52)
[12:26:29] [Render thread/DEBUG] (FabricLoader/Mixin) Mixing MixinLevelRenderer_Sky from mixins.iris.json into net.minecraft.client.renderer.LevelRenderer
[12:26:29] [Render thread/DEBUG] (FabricLoader/Mixin) mixins.iris.json:MixinLevelRenderer_Sky from mod iris: Class version 65 required is higher than the class version supported by the current version of Mixin (JAVA_8 supports class version 52)
[12:26:29] [Render thread/DEBUG] (FabricLoader/Mixin) Mixing fabulous.MixinDisableFabulousGraphics from mixins.iris.json into net.minecraft.client.renderer.LevelRenderer
[12:26:29] [Render thread/DEBUG] (FabricLoader/Mixin) mixins.iris.json:fabulous.MixinDisableFabulousGraphics from mod iris: Class version 65 required is higher than the class version supported by the current version of Mixin (JAVA_8 supports class version 52)
[12:26:29] [Render thread/DEBUG] (FabricLoader/Mixin) Mixing shadows.MixinLevelRenderer from mixins.iris.json into net.minecraft.client.renderer.LevelRenderer
[12:26:29] [Render thread/DEBUG] (FabricLoader/Mixin) mixins.iris.json:shadows.MixinLevelRenderer from mod iris: Class version 65 required is higher than the class version supported by the current version of Mixin (JAVA_8 supports class version 52)
[12:26:29] [Render thread/DEBUG] (FabricLoader/Mixin) Mixing MixinLevelRenderer from mixins.iris.fabric.json into net.minecraft.client.renderer.LevelRenderer
[12:26:29] [Render thread/DEBUG] (FabricLoader/Mixin) mixins.iris.fabric.json:MixinLevelRenderer from mod iris: Class version 65 required is higher than the class version supported by the current version of Mixin (JAVA_8 supports class version 52)
[12:26:29] [Render thread/DEBUG] (FabricLoader/Mixin) Mixing MixinLevelRenderer from mixins.iris.fantastic.json into net.minecraft.client.renderer.LevelRenderer
[12:26:29] [Render thread/DEBUG] (FabricLoader/Mixin) mixins.iris.fantastic.json:MixinLevelRenderer from mod iris: Class version 65 required is higher than the class version supported by the current version of Mixin (JAVA_8 supports class version 52)
[12:26:29] [Render thread/DEBUG] (FabricLoader/Mixin) Mixing core.render.world.LevelRendererMixin from sodium-common.mixins.json into net.minecraft.client.renderer.LevelRenderer
[12:26:29] [Render thread/DEBUG] (FabricLoader/Mixin) sodium-common.mixins.json:core.render.world.LevelRendererMixin from mod sodium: Class version 65 required is higher than the class version supported by the current version of Mixin (JAVA_17 supports class version 61)
[12:26:29] [Render thread/DEBUG] (FabricLoader/Mixin) Mixing WorldRendererMixin from fabric-rendering-v1.mixins.json into net.minecraft.client.renderer.LevelRenderer
[12:26:29] [Render thread/DEBUG] (FabricLoader/Mixin) Mixing KeyedClientResourceReloadListenerMixin from fabric-resource-loader-v1.client.mixins.json into net.minecraft.client.renderer.LevelRenderer
[12:26:29] [Render thread/DEBUG] (FabricLoader/Mixin) Mixing WorldRendererMixin from entityculling.mixins.json into net.minecraft.client.renderer.LevelRenderer
[12:26:29] [Render thread/DEBUG] (FabricLoader/Mixin) entityculling.mixins.json:WorldRendererMixin from mod entityculling: Class version 65 required is higher than the class version supported by the current version of Mixin (JAVA_16 supports class version 60)
[12:26:29] [Render thread/DEBUG] (FabricLoader/Mixin) Mixing shadows.MixinPreventRebuildNearInShadowPass from mixins.iris.json into net.minecraft.client.renderer.LevelRenderer
[12:26:29] [Render thread/DEBUG] (FabricLoader/Mixin) mixins.iris.json:shadows.MixinPreventRebuildNearInShadowPass from mod iris: Class version 65 required is higher than the class version supported by the current version of Mixin (JAVA_8 supports class version 52)
[12:26:29] [Render thread/DEBUG] (FabricLoader/Mixin) mixins.iris.vertexformat.json:immediate.MixinLevelRenderer from mod iris->@Inject::iris$immediateStateBeginLevelRender(Lcom/mojang/blaze3d/resource/GraphicsResourceAllocator;Lnet/minecraft/client/DeltaTracker;ZLnet/minecraft/client/Camera;Lorg/joml/Matrix4f;Lorg/joml/Matrix4f;Lorg/joml/Matrix4f;Lcom/mojang/blaze3d/buffers/GpuBufferSlice;Lorg/joml/Vector4f;ZLorg/spongepowered/asm/mixin/injection/callback/CallbackInfo;)V doesn't use it's CallbackInfo
[12:26:29] [Render thread/DEBUG] (FabricLoader/Mixin) mixins.iris.vertexformat.json:immediate.MixinLevelRenderer from mod iris->@Inject::iris$immediateStateBeginLevelRender(Lcom/mojang/blaze3d/resource/GraphicsResourceAllocator;Lnet/minecraft/client/DeltaTracker;ZLnet/minecraft/client/Camera;Lorg/joml/Matrix4f;Lorg/joml/Matrix4f;Lorg/joml/Matrix4f;Lcom/mojang/blaze3d/buffers/GpuBufferSlice;Lorg/joml/Vector4f;ZLorg/spongepowered/asm/mixin/injection/callback/CallbackInfo;)V has 0 override(s) in child classes
[12:26:29] [Render thread/DEBUG] (FabricLoader/Mixin) mixins.iris.vertexformat.json:immediate.MixinLevelRenderer from mod iris->@Inject::iris$immediateStateBeginLevelRender(Lcom/mojang/blaze3d/resource/GraphicsResourceAllocator;Lnet/minecraft/client/DeltaTracker;ZLnet/minecraft/client/Camera;Lorg/joml/Matrix4f;Lorg/joml/Matrix4f;Lorg/joml/Matrix4f;Lcom/mojang/blaze3d/buffers/GpuBufferSlice;Lorg/joml/Vector4f;ZLorg/spongepowered/asm/mixin/injection/callback/CallbackInfo;)V won't be passed a CallbackInfo as a result
[12:26:29] [Render thread/DEBUG] (FabricLoader/Mixin) mixins.iris.vertexformat.json:immediate.MixinLevelRenderer from mod iris->@Inject::iris$immediateStateEndLevelRender(Lcom/mojang/blaze3d/resource/GraphicsResourceAllocator;Lnet/minecraft/client/DeltaTracker;ZLnet/minecraft/client/Camera;Lorg/joml/Matrix4f;Lorg/joml/Matrix4f;Lorg/joml/Matrix4f;Lcom/mojang/blaze3d/buffers/GpuBufferSlice;Lorg/joml/Vector4f;ZLorg/spongepowered/asm/mixin/injection/callback/CallbackInfo;)V doesn't use it's CallbackInfo
[12:26:29] [Render thread/DEBUG] (FabricLoader/Mixin) mixins.iris.vertexformat.json:immediate.MixinLevelRenderer from mod iris->@Inject::iris$immediateStateEndLevelRender(Lcom/mojang/blaze3d/resource/GraphicsResourceAllocator;Lnet/minecraft/client/DeltaTracker;ZLnet/minecraft/client/Camera;Lorg/joml/Matrix4f;Lorg/joml/Matrix4f;Lorg/joml/Matrix4f;Lcom/mojang/blaze3d/buffers/GpuBufferSlice;Lorg/joml/Vector4f;ZLorg/spongepowered/asm/mixin/injection/callback/CallbackInfo;)V has 0 override(s) in child classes
[12:26:29] [Render thread/DEBUG] (FabricLoader/Mixin) mixins.iris.vertexformat.json:immediate.MixinLevelRenderer from mod iris->@Inject::iris$immediateStateEndLevelRender(Lcom/mojang/blaze3d/resource/GraphicsResourceAllocator;Lnet/minecraft/client/DeltaTracker;ZLnet/minecraft/client/Camera;Lorg/joml/Matrix4f;Lorg/joml/Matrix4f;Lorg/joml/Matrix4f;Lcom/mojang/blaze3d/buffers/GpuBufferSlice;Lorg/joml/Vector4f;ZLorg/spongepowered/asm/mixin/injection/callback/CallbackInfo;)V won't be passed a CallbackInfo as a result
[12:26:29] [Render thread/DEBUG] (FabricLoader/Mixin) cubes-without-borders.mixins.json:WorldRendererMixin from mod cubes-without-borders->@Inject::reloadResources(Lorg/spongepowered/asm/mixin/injection/callback/CallbackInfo;)V doesn't use it's CallbackInfo
[12:26:29] [Render thread/DEBUG] (FabricLoader/Mixin) cubes-without-borders.mixins.json:WorldRendererMixin from mod cubes-without-borders->@Inject::reloadResources(Lorg/spongepowered/asm/mixin/injection/callback/CallbackInfo;)V has 0 override(s) in child classes
[12:26:29] [Render thread/DEBUG] (FabricLoader/Mixin) cubes-without-borders.mixins.json:WorldRendererMixin from mod cubes-without-borders->@Inject::reloadResources(Lorg/spongepowered/asm/mixin/injection/callback/CallbackInfo;)V won't be passed a CallbackInfo as a result
[12:26:29] [Render thread/DEBUG] (FabricLoader/Mixin) cubes-without-borders.mixins.json:WorldRendererMixin from mod cubes-without-borders->@Inject::reloadResources(Lorg/spongepowered/asm/mixin/injection/callback/CallbackInfo;)V doesn't use it's CallbackInfo
[12:26:29] [Render thread/DEBUG] (FabricLoader/Mixin) cubes-without-borders.mixins.json:WorldRendererMixin from mod cubes-without-borders->@Inject::reloadResources(Lorg/spongepowered/asm/mixin/injection/callback/CallbackInfo;)V has 0 override(s) in child classes
[12:26:29] [Render thread/DEBUG] (FabricLoader/Mixin) cubes-without-borders.mixins.json:WorldRendererMixin from mod cubes-without-borders->@Inject::reloadResources(Lorg/spongepowered/asm/mixin/injection/callback/CallbackInfo;)V won't be passed a CallbackInfo as a result
[12:26:29] [Render thread/DEBUG] (FabricLoader/Mixin) mixins.iris.json:MixinLevelRenderer from mod iris->@Inject::iris$disableFrustum(Lorg/joml/Matrix4f;Lorg/joml/Matrix4f;Lnet/minecraft/world/phys/Vec3;Lorg/spongepowered/asm/mixin/injection/callback/CallbackInfoReturnable;)V does use it's CallbackInfoReturnable
[12:26:29] [Render thread/DEBUG] (FabricLoader/Mixin) mixins.iris.json:MixinLevelRenderer from mod iris->@Inject::iris$setupPipeline(Lcom/mojang/blaze3d/resource/GraphicsResourceAllocator;Lnet/minecraft/client/DeltaTracker;ZLnet/minecraft/client/Camera;Lorg/joml/Matrix4f;Lorg/joml/Matrix4f;Lorg/joml/Matrix4f;Lcom/mojang/blaze3d/buffers/GpuBufferSlice;Lorg/joml/Vector4f;ZLorg/spongepowered/asm/mixin/injection/callback/CallbackInfo;)V doesn't use it's CallbackInfo
[12:26:29] [Render thread/DEBUG] (FabricLoader/Mixin) mixins.iris.json:MixinLevelRenderer from mod iris->@Inject::iris$setupPipeline(Lcom/mojang/blaze3d/resource/GraphicsResourceAllocator;Lnet/minecraft/client/DeltaTracker;ZLnet/minecraft/client/Camera;Lorg/joml/Matrix4f;Lorg/joml/Matrix4f;Lorg/joml/Matrix4f;Lcom/mojang/blaze3d/buffers/GpuBufferSlice;Lorg/joml/Vector4f;ZLorg/spongepowered/asm/mixin/injection/callback/CallbackInfo;)V has 0 override(s) in child classes
[12:26:29] [Render thread/DEBUG] (FabricLoader/Mixin) mixins.iris.json:MixinLevelRenderer from mod iris->@Inject::iris$setupPipeline(Lcom/mojang/blaze3d/resource/GraphicsResourceAllocator;Lnet/minecraft/client/DeltaTracker;ZLnet/minecraft/client/Camera;Lorg/joml/Matrix4f;Lorg/joml/Matrix4f;Lorg/joml/Matrix4f;Lcom/mojang/blaze3d/buffers/GpuBufferSlice;Lorg/joml/Vector4f;ZLorg/spongepowered/asm/mixin/injection/callback/CallbackInfo;)V won't be passed a CallbackInfo as a result
[12:26:29] [Render thread/DEBUG] (FabricLoader/Mixin) mixins.iris.json:MixinLevelRenderer from mod iris->@Inject::iris$beginLevelRender(Lcom/mojang/blaze3d/resource/GraphicsResourceAllocator;Lnet/minecraft/client/DeltaTracker;ZLnet/minecraft/client/Camera;Lorg/joml/Matrix4f;Lorg/joml/Matrix4f;Lorg/joml/Matrix4f;Lcom/mojang/blaze3d/buffers/GpuBufferSlice;Lorg/joml/Vector4f;ZLorg/spongepowered/asm/mixin/injection/callback/CallbackInfo;)V doesn't use it's CallbackInfo
[12:26:29] [Render thread/DEBUG] (FabricLoader/Mixin) mixins.iris.json:MixinLevelRenderer from mod iris->@Inject::iris$beginLevelRender(Lcom/mojang/blaze3d/resource/GraphicsResourceAllocator;Lnet/minecraft/client/DeltaTracker;ZLnet/minecraft/client/Camera;Lorg/joml/Matrix4f;Lorg/joml/Matrix4f;Lorg/joml/Matrix4f;Lcom/mojang/blaze3d/buffers/GpuBufferSlice;Lorg/joml/Vector4f;ZLorg/spongepowered/asm/mixin/injection/callback/CallbackInfo;)V has 0 override(s) in child classes
[12:26:29] [Render thread/DEBUG] (FabricLoader/Mixin) mixins.iris.json:MixinLevelRenderer from mod iris->@Inject::iris$beginLevelRender(Lcom/mojang/blaze3d/resource/GraphicsResourceAllocator;Lnet/minecraft/client/DeltaTracker;ZLnet/minecraft/client/Camera;Lorg/joml/Matrix4f;Lorg/joml/Matrix4f;Lorg/joml/Matrix4f;Lcom/mojang/blaze3d/buffers/GpuBufferSlice;Lorg/joml/Vector4f;ZLorg/spongepowered/asm/mixin/injection/callback/CallbackInfo;)V won't be passed a CallbackInfo as a result
[12:26:29] [Render thread/DEBUG] (FabricLoader/Mixin) mixins.iris.json:MixinLevelRenderer from mod iris->@Inject::iris$endLevelRender(Lcom/mojang/blaze3d/resource/GraphicsResourceAllocator;Lnet/minecraft/client/DeltaTracker;ZLnet/minecraft/client/Camera;Lorg/joml/Matrix4f;Lorg/joml/Matrix4f;Lorg/joml/Matrix4f;Lcom/mojang/blaze3d/buffers/GpuBufferSlice;Lorg/joml/Vector4f;ZLorg/spongepowered/asm/mixin/injection/callback/CallbackInfo;)V doesn't use it's CallbackInfo
[12:26:29] [Render thread/DEBUG] (FabricLoader/Mixin) mixins.iris.json:MixinLevelRenderer from mod iris->@Inject::iris$endLevelRender(Lcom/mojang/blaze3d/resource/GraphicsResourceAllocator;Lnet/minecraft/client/DeltaTracker;ZLnet/minecraft/client/Camera;Lorg/joml/Matrix4f;Lorg/joml/Matrix4f;Lorg/joml/Matrix4f;Lcom/mojang/blaze3d/buffers/GpuBufferSlice;Lorg/joml/Vector4f;ZLorg/spongepowered/asm/mixin/injection/callback/CallbackInfo;)V has 0 override(s) in child classes
[12:26:29] [Render thread/DEBUG] (FabricLoader/Mixin) mixins.iris.json:MixinLevelRenderer from mod iris->@Inject::iris$endLevelRender(Lcom/mojang/blaze3d/resource/GraphicsResourceAllocator;Lnet/minecraft/client/DeltaTracker;ZLnet/minecraft/client/Camera;Lorg/joml/Matrix4f;Lorg/joml/Matrix4f;Lorg/joml/Matrix4f;Lcom/mojang/blaze3d/buffers/GpuBufferSlice;Lorg/joml/Vector4f;ZLorg/spongepowered/asm/mixin/injection/callback/CallbackInfo;)V won't be passed a CallbackInfo as a result
[12:26:29] [Render thread/DEBUG] (FabricLoader/Mixin) mixins.iris.json:MixinLevelRenderer from mod iris->@Inject::iris$renderTerrainShadows(Lcom/mojang/blaze3d/resource/GraphicsResourceAllocator;Lnet/minecraft/client/DeltaTracker;ZLnet/minecraft/client/Camera;Lorg/joml/Matrix4f;Lorg/joml/Matrix4f;Lorg/joml/Matrix4f;Lcom/mojang/blaze3d/buffers/GpuBufferSlice;Lorg/joml/Vector4f;ZLorg/spongepowered/asm/mixin/injection/callback/CallbackInfo;)V doesn't use it's CallbackInfo
[12:26:29] [Render thread/DEBUG] (FabricLoader/Mixin) mixins.iris.json:MixinLevelRenderer from mod iris->@Inject::iris$renderTerrainShadows(Lcom/mojang/blaze3d/resource/GraphicsResourceAllocator;Lnet/minecraft/client/DeltaTracker;ZLnet/minecraft/client/Camera;Lorg/joml/Matrix4f;Lorg/joml/Matrix4f;Lorg/joml/Matrix4f;Lcom/mojang/blaze3d/buffers/GpuBufferSlice;Lorg/joml/Vector4f;ZLorg/spongepowered/asm/mixin/injection/callback/CallbackInfo;)V has 0 override(s) in child classes
[12:26:29] [Render thread/DEBUG] (FabricLoader/Mixin) mixins.iris.json:MixinLevelRenderer from mod iris->@Inject::iris$renderTerrainShadows(Lcom/mojang/blaze3d/resource/GraphicsResourceAllocator;Lnet/minecraft/client/DeltaTracker;ZLnet/minecraft/client/Camera;Lorg/joml/Matrix4f;Lorg/joml/Matrix4f;Lorg/joml/Matrix4f;Lcom/mojang/blaze3d/buffers/GpuBufferSlice;Lorg/joml/Vector4f;ZLorg/spongepowered/asm/mixin/injection/callback/CallbackInfo;)V won't be passed a CallbackInfo as a result
[12:26:29] [Render thread/DEBUG] (FabricLoader/Mixin) mixins.iris.json:MixinLevelRenderer from mod iris->@Inject::iris$beginSky(Lorg/spongepowered/asm/mixin/injection/callback/CallbackInfo;)V doesn't use it's CallbackInfo
[12:26:29] [Render thread/DEBUG] (FabricLoader/Mixin) mixins.iris.json:MixinLevelRenderer from mod iris->@Inject::iris$beginSky(Lorg/spongepowered/asm/mixin/injection/callback/CallbackInfo;)V has 0 override(s) in child classes
[12:26:29] [Render thread/DEBUG] (FabricLoader/Mixin) mixins.iris.json:MixinLevelRenderer from mod iris->@Inject::iris$beginSky(Lorg/spongepowered/asm/mixin/injection/callback/CallbackInfo;)V won't be passed a CallbackInfo as a result
[12:26:29] [Render thread/DEBUG] (FabricLoader/Mixin) mixins.iris.json:MixinLevelRenderer from mod iris->@Inject::iris$endSky(Lorg/spongepowered/asm/mixin/injection/callback/CallbackInfo;)V doesn't use it's CallbackInfo
[12:26:29] [Render thread/DEBUG] (FabricLoader/Mixin) mixins.iris.json:MixinLevelRenderer from mod iris->@Inject::iris$endSky(Lorg/spongepowered/asm/mixin/injection/callback/CallbackInfo;)V has 0 override(s) in child classes
[12:26:29] [Render thread/DEBUG] (FabricLoader/Mixin) mixins.iris.json:MixinLevelRenderer from mod iris->@Inject::iris$endSky(Lorg/spongepowered/asm/mixin/injection/callback/CallbackInfo;)V won't be passed a CallbackInfo as a result
[12:26:29] [Render thread/DEBUG] (FabricLoader/Mixin) mixins.iris.json:MixinLevelRenderer from mod iris->@Inject::iris$endSky(Lorg/spongepowered/asm/mixin/injection/callback/CallbackInfo;)V doesn't use it's CallbackInfo
[12:26:29] [Render thread/DEBUG] (FabricLoader/Mixin) mixins.iris.json:MixinLevelRenderer from mod iris->@Inject::iris$endSky(Lorg/spongepowered/asm/mixin/injection/callback/CallbackInfo;)V has 0 override(s) in child classes
[12:26:29] [Render thread/DEBUG] (FabricLoader/Mixin) mixins.iris.json:MixinLevelRenderer from mod iris->@Inject::iris$endSky(Lorg/spongepowered/asm/mixin/injection/callback/CallbackInfo;)V won't be passed a CallbackInfo as a result
[12:26:29] [Render thread/DEBUG] (FabricLoader/Mixin) mixins.iris.json:MixinLevelRenderer from mod iris->@Inject::iris$beginClouds(Lorg/spongepowered/asm/mixin/injection/callback/CallbackInfo;)V doesn't use it's CallbackInfo
[12:26:29] [Render thread/DEBUG] (FabricLoader/Mixin) mixins.iris.json:MixinLevelRenderer from mod iris->@Inject::iris$beginClouds(Lorg/spongepowered/asm/mixin/injection/callback/CallbackInfo;)V has 0 override(s) in child classes
[12:26:29] [Render thread/DEBUG] (FabricLoader/Mixin) mixins.iris.json:MixinLevelRenderer from mod iris->@Inject::iris$beginClouds(Lorg/spongepowered/asm/mixin/injection/callback/CallbackInfo;)V won't be passed a CallbackInfo as a result
[12:26:29] [Render thread/DEBUG] (FabricLoader/Mixin) mixins.iris.json:MixinLevelRenderer from mod iris->@Inject::iris$endClouds(Lorg/spongepowered/asm/mixin/injection/callback/CallbackInfo;)V doesn't use it's CallbackInfo
[12:26:29] [Render thread/DEBUG] (FabricLoader/Mixin) mixins.iris.json:MixinLevelRenderer from mod iris->@Inject::iris$endClouds(Lorg/spongepowered/asm/mixin/injection/callback/CallbackInfo;)V has 0 override(s) in child classes
[12:26:29] [Render thread/DEBUG] (FabricLoader/Mixin) mixins.iris.json:MixinLevelRenderer from mod iris->@Inject::iris$endClouds(Lorg/spongepowered/asm/mixin/injection/callback/CallbackInfo;)V won't be passed a CallbackInfo as a result
[12:26:29] [Render thread/DEBUG] (FabricLoader/Mixin) mixins.iris.json:MixinLevelRenderer from mod iris->@Inject::iris$beginWeather(Lorg/spongepowered/asm/mixin/injection/callback/CallbackInfo;)V doesn't use it's CallbackInfo
[12:26:29] [Render thread/DEBUG] (FabricLoader/Mixin) mixins.iris.json:MixinLevelRenderer from mod iris->@Inject::iris$beginWeather(Lorg/spongepowered/asm/mixin/injection/callback/CallbackInfo;)V has 0 override(s) in child classes
[12:26:29] [Render thread/DEBUG] (FabricLoader/Mixin) mixins.iris.json:MixinLevelRenderer from mod iris->@Inject::iris$beginWeather(Lorg/spongepowered/asm/mixin/injection/callback/CallbackInfo;)V won't be passed a CallbackInfo as a result
[12:26:29] [Render thread/DEBUG] (FabricLoader/Mixin) mixins.iris.json:MixinLevelRenderer from mod iris->@Inject::iris$beginWorldBorder(Lorg/spongepowered/asm/mixin/injection/callback/CallbackInfo;)V doesn't use it's CallbackInfo
[12:26:29] [Render thread/DEBUG] (FabricLoader/Mixin) mixins.iris.json:MixinLevelRenderer from mod iris->@Inject::iris$beginWorldBorder(Lorg/spongepowered/asm/mixin/injection/callback/CallbackInfo;)V has 0 override(s) in child classes
[12:26:29] [Render thread/DEBUG] (FabricLoader/Mixin) mixins.iris.json:MixinLevelRenderer from mod iris->@Inject::iris$beginWorldBorder(Lorg/spongepowered/asm/mixin/injection/callback/CallbackInfo;)V won't be passed a CallbackInfo as a result
[12:26:29] [Render thread/DEBUG] (FabricLoader/Mixin) mixins.iris.json:MixinLevelRenderer from mod iris->@Inject::iris$endWeather(Lorg/spongepowered/asm/mixin/injection/callback/CallbackInfo;)V doesn't use it's CallbackInfo
[12:26:29] [Render thread/DEBUG] (FabricLoader/Mixin) mixins.iris.json:MixinLevelRenderer from mod iris->@Inject::iris$endWeather(Lorg/spongepowered/asm/mixin/injection/callback/CallbackInfo;)V has 0 override(s) in child classes
[12:26:29] [Render thread/DEBUG] (FabricLoader/Mixin) mixins.iris.json:MixinLevelRenderer from mod iris->@Inject::iris$endWeather(Lorg/spongepowered/asm/mixin/injection/callback/CallbackInfo;)V won't be passed a CallbackInfo as a result
[12:26:29] [Render thread/DEBUG] (FabricLoader/Mixin) mixins.iris.json:MixinLevelRenderer from mod iris->@Inject::iris$setDebugRenderStage(Lorg/spongepowered/asm/mixin/injection/callback/CallbackInfo;)V doesn't use it's CallbackInfo
[12:26:29] [Render thread/DEBUG] (FabricLoader/Mixin) mixins.iris.json:MixinLevelRenderer from mod iris->@Inject::iris$setDebugRenderStage(Lorg/spongepowered/asm/mixin/injection/callback/CallbackInfo;)V has 0 override(s) in child classes
[12:26:29] [Render thread/DEBUG] (FabricLoader/Mixin) mixins.iris.json:MixinLevelRenderer from mod iris->@Inject::iris$setDebugRenderStage(Lorg/spongepowered/asm/mixin/injection/callback/CallbackInfo;)V won't be passed a CallbackInfo as a result
[12:26:29] [Render thread/DEBUG] (FabricLoader/Mixin) mixins.iris.json:MixinLevelRenderer from mod iris->@Inject::iris$resetDebugRenderStage(Lorg/spongepowered/asm/mixin/injection/callback/CallbackInfo;)V doesn't use it's CallbackInfo
[12:26:29] [Render thread/DEBUG] (FabricLoader/Mixin) mixins.iris.json:MixinLevelRenderer from mod iris->@Inject::iris$resetDebugRenderStage(Lorg/spongepowered/asm/mixin/injection/callback/CallbackInfo;)V has 0 override(s) in child classes
[12:26:29] [Render thread/DEBUG] (FabricLoader/Mixin) mixins.iris.json:MixinLevelRenderer from mod iris->@Inject::iris$resetDebugRenderStage(Lorg/spongepowered/asm/mixin/injection/callback/CallbackInfo;)V won't be passed a CallbackInfo as a result
[12:26:29] [Render thread/DEBUG] (FabricLoader/Mixin) mixins.iris.json:MixinLevelRenderer from mod iris->@Inject::iris$beginTranslucents(Lorg/spongepowered/asm/mixin/injection/callback/CallbackInfo;)V doesn't use it's CallbackInfo
[12:26:29] [Render thread/DEBUG] (FabricLoader/Mixin) mixins.iris.json:MixinLevelRenderer from mod iris->@Inject::iris$beginTranslucents(Lorg/spongepowered/asm/mixin/injection/callback/CallbackInfo;)V has 0 override(s) in child classes
[12:26:29] [Render thread/DEBUG] (FabricLoader/Mixin) mixins.iris.json:MixinLevelRenderer from mod iris->@Inject::iris$beginTranslucents(Lorg/spongepowered/asm/mixin/injection/callback/CallbackInfo;)V won't be passed a CallbackInfo as a result
[12:26:29] [Render thread/DEBUG] (FabricLoader/Mixin) mixins.iris.json:MixinLevelRenderer_Sky from mod iris->@Inject::preRenderSky(Lorg/spongepowered/asm/mixin/injection/callback/CallbackInfo;)V does use it's CallbackInfo
[12:26:29] [Render thread/DEBUG] (FabricLoader/Mixin) mixins.iris.json:fabulous.MixinDisableFabulousGraphics from mod iris->@Inject::iris$disableFabulousGraphicsOnResourceReload(Lorg/spongepowered/asm/mixin/injection/callback/CallbackInfo;)V doesn't use it's CallbackInfo
[12:26:29] [Render thread/DEBUG] (FabricLoader/Mixin) mixins.iris.json:fabulous.MixinDisableFabulousGraphics from mod iris->@Inject::iris$disableFabulousGraphicsOnResourceReload(Lorg/spongepowered/asm/mixin/injection/callback/CallbackInfo;)V has 0 override(s) in child classes
[12:26:29] [Render thread/DEBUG] (FabricLoader/Mixin) mixins.iris.json:fabulous.MixinDisableFabulousGraphics from mod iris->@Inject::iris$disableFabulousGraphicsOnResourceReload(Lorg/spongepowered/asm/mixin/injection/callback/CallbackInfo;)V won't be passed a CallbackInfo as a result
[12:26:29] [Render thread/DEBUG] (FabricLoader/Mixin) mixins.iris.json:fabulous.MixinDisableFabulousGraphics from mod iris->@Inject::iris$disableFabulousGraphicsOnLevelRendererReload(Lorg/spongepowered/asm/mixin/injection/callback/CallbackInfo;)V doesn't use it's CallbackInfo
[12:26:29] [Render thread/DEBUG] (FabricLoader/Mixin) mixins.iris.json:fabulous.MixinDisableFabulousGraphics from mod iris->@Inject::iris$disableFabulousGraphicsOnLevelRendererReload(Lorg/spongepowered/asm/mixin/injection/callback/CallbackInfo;)V has 0 override(s) in child classes
[12:26:29] [Render thread/DEBUG] (FabricLoader/Mixin) mixins.iris.json:fabulous.MixinDisableFabulousGraphics from mod iris->@Inject::iris$disableFabulousGraphicsOnLevelRendererReload(Lorg/spongepowered/asm/mixin/injection/callback/CallbackInfo;)V won't be passed a CallbackInfo as a result
[12:26:29] [Render thread/DEBUG] (FabricLoader/Mixin) mixins.iris.fantastic.json:MixinLevelRenderer from mod iris->@Inject::iris$addParticleTarget(Lcom/mojang/blaze3d/framegraph/FrameGraphBuilder;Lnet/minecraft/client/renderer/culling/Frustum;Lorg/joml/Matrix4f;Lcom/mojang/blaze3d/buffers/GpuBufferSlice;ZLnet/minecraft/client/renderer/state/LevelRenderState;Lnet/minecraft/client/DeltaTracker;Lnet/minecraft/util/profiling/ProfilerFiller;Lorg/spongepowered/asm/mixin/injection/callback/CallbackInfo;)V doesn't use it's CallbackInfo
[12:26:29] [Render thread/DEBUG] (FabricLoader/Mixin) mixins.iris.fantastic.json:MixinLevelRenderer from mod iris->@Inject::iris$addParticleTarget(Lcom/mojang/blaze3d/framegraph/FrameGraphBuilder;Lnet/minecraft/client/renderer/culling/Frustum;Lorg/joml/Matrix4f;Lcom/mojang/blaze3d/buffers/GpuBufferSlice;ZLnet/minecraft/client/renderer/state/LevelRenderState;Lnet/minecraft/client/DeltaTracker;Lnet/minecraft/util/profiling/ProfilerFiller;Lorg/spongepowered/asm/mixin/injection/callback/CallbackInfo;)V has 0 override(s) in child classes
[12:26:29] [Render thread/DEBUG] (FabricLoader/Mixin) mixins.iris.fantastic.json:MixinLevelRenderer from mod iris->@Inject::iris$addParticleTarget(Lcom/mojang/blaze3d/framegraph/FrameGraphBuilder;Lnet/minecraft/client/renderer/culling/Frustum;Lorg/joml/Matrix4f;Lcom/mojang/blaze3d/buffers/GpuBufferSlice;ZLnet/minecraft/client/renderer/state/LevelRenderState;Lnet/minecraft/client/DeltaTracker;Lnet/minecraft/util/profiling/ProfilerFiller;Lorg/spongepowered/asm/mixin/injection/callback/CallbackInfo;)V won't be passed a CallbackInfo as a result
[12:26:29] [Render thread/DEBUG] (FabricLoader/Mixin) mixins.iris.fantastic.json:MixinLevelRenderer from mod iris->@Inject::iris$disablePassIfNeeded(Lcom/mojang/blaze3d/framegraph/FrameGraphBuilder;Lcom/mojang/blaze3d/buffers/GpuBufferSlice;Lorg/spongepowered/asm/mixin/injection/callback/CallbackInfo;)V does use it's CallbackInfo
[12:26:29] [Render thread/DEBUG] (FabricLoader/Mixin) sodium-common.mixins.json:core.render.world.LevelRendererMixin from mod sodium->@Inject::init(Lnet/minecraft/client/Minecraft;Lnet/minecraft/client/renderer/entity/EntityRenderDispatcher;Lnet/minecraft/client/renderer/blockentity/BlockEntityRenderDispatcher;Lnet/minecraft/client/renderer/RenderBuffers;Lnet/minecraft/client/renderer/state/LevelRenderState;Lnet/minecraft/client/renderer/feature/FeatureRenderDispatcher;Lorg/spongepowered/asm/mixin/injection/callback/CallbackInfo;)V doesn't use it's CallbackInfo
[12:26:29] [Render thread/DEBUG] (FabricLoader/Mixin) sodium-common.mixins.json:core.render.world.LevelRendererMixin from mod sodium->@Inject::init(Lnet/minecraft/client/Minecraft;Lnet/minecraft/client/renderer/entity/EntityRenderDispatcher;Lnet/minecraft/client/renderer/blockentity/BlockEntityRenderDispatcher;Lnet/minecraft/client/renderer/RenderBuffers;Lnet/minecraft/client/renderer/state/LevelRenderState;Lnet/minecraft/client/renderer/feature/FeatureRenderDispatcher;Lorg/spongepowered/asm/mixin/injection/callback/CallbackInfo;)V has 0 override(s) in child classes
[12:26:29] [Render thread/DEBUG] (FabricLoader/Mixin) sodium-common.mixins.json:core.render.world.LevelRendererMixin from mod sodium->@Inject::init(Lnet/minecraft/client/Minecraft;Lnet/minecraft/client/renderer/entity/EntityRenderDispatcher;Lnet/minecraft/client/renderer/blockentity/BlockEntityRenderDispatcher;Lnet/minecraft/client/renderer/RenderBuffers;Lnet/minecraft/client/renderer/state/LevelRenderState;Lnet/minecraft/client/renderer/feature/FeatureRenderDispatcher;Lorg/spongepowered/asm/mixin/injection/callback/CallbackInfo;)V won't be passed a CallbackInfo as a result
[12:26:29] [Render thread/DEBUG] (FabricLoader/Mixin) sodium-common.mixins.json:core.render.world.LevelRendererMixin from mod sodium->@Inject::onWorldChanged(Lnet/minecraft/client/multiplayer/ClientLevel;Lorg/spongepowered/asm/mixin/injection/callback/CallbackInfo;)V doesn't use it's CallbackInfo
[12:26:29] [Render thread/DEBUG] (FabricLoader/Mixin) sodium-common.mixins.json:core.render.world.LevelRendererMixin from mod sodium->@Inject::onWorldChanged(Lnet/minecraft/client/multiplayer/ClientLevel;Lorg/spongepowered/asm/mixin/injection/callback/CallbackInfo;)V has 0 override(s) in child classes
[12:26:29] [Render thread/DEBUG] (FabricLoader/Mixin) sodium-common.mixins.json:core.render.world.LevelRendererMixin from mod sodium->@Inject::onWorldChanged(Lnet/minecraft/client/multiplayer/ClientLevel;Lorg/spongepowered/asm/mixin/injection/callback/CallbackInfo;)V won't be passed a CallbackInfo as a result
[12:26:29] [Render thread/DEBUG] (FabricLoader/Mixin) sodium-common.mixins.json:core.render.world.LevelRendererMixin from mod sodium->@Inject::onTerrainUpdateScheduled(Lorg/spongepowered/asm/mixin/injection/callback/CallbackInfo;)V doesn't use it's CallbackInfo
[12:26:29] [Render thread/DEBUG] (FabricLoader/Mixin) sodium-common.mixins.json:core.render.world.LevelRendererMixin from mod sodium->@Inject::onTerrainUpdateScheduled(Lorg/spongepowered/asm/mixin/injection/callback/CallbackInfo;)V has 0 override(s) in child classes
[12:26:29] [Render thread/DEBUG] (FabricLoader/Mixin) sodium-common.mixins.json:core.render.world.LevelRendererMixin from mod sodium->@Inject::onTerrainUpdateScheduled(Lorg/spongepowered/asm/mixin/injection/callback/CallbackInfo;)V won't be passed a CallbackInfo as a result
[12:26:29] [Render thread/DEBUG] (FabricLoader/Mixin) sodium-common.mixins.json:core.render.world.LevelRendererMixin from mod sodium->@Inject::sodium$setMatrices(Lcom/mojang/blaze3d/resource/GraphicsResourceAllocator;Lnet/minecraft/client/DeltaTracker;ZLnet/minecraft/client/Camera;Lorg/joml/Matrix4f;Lorg/joml/Matrix4f;Lorg/joml/Matrix4f;Lcom/mojang/blaze3d/buffers/GpuBufferSlice;Lorg/joml/Vector4f;ZLorg/spongepowered/asm/mixin/injection/callback/CallbackInfo;)V doesn't use it's CallbackInfo
[12:26:29] [Render thread/DEBUG] (FabricLoader/Mixin) sodium-common.mixins.json:core.render.world.LevelRendererMixin from mod sodium->@Inject::sodium$setMatrices(Lcom/mojang/blaze3d/resource/GraphicsResourceAllocator;Lnet/minecraft/client/DeltaTracker;ZLnet/minecraft/client/Camera;Lorg/joml/Matrix4f;Lorg/joml/Matrix4f;Lorg/joml/Matrix4f;Lcom/mojang/blaze3d/buffers/GpuBufferSlice;Lorg/joml/Vector4f;ZLorg/spongepowered/asm/mixin/injection/callback/CallbackInfo;)V has 0 override(s) in child classes
[12:26:29] [Render thread/DEBUG] (FabricLoader/Mixin) sodium-common.mixins.json:core.render.world.LevelRendererMixin from mod sodium->@Inject::sodium$setMatrices(Lcom/mojang/blaze3d/resource/GraphicsResourceAllocator;Lnet/minecraft/client/DeltaTracker;ZLnet/minecraft/client/Camera;Lorg/joml/Matrix4f;Lorg/joml/Matrix4f;Lorg/joml/Matrix4f;Lcom/mojang/blaze3d/buffers/GpuBufferSlice;Lorg/joml/Vector4f;ZLorg/spongepowered/asm/mixin/injection/callback/CallbackInfo;)V won't be passed a CallbackInfo as a result
[12:26:29] [Render thread/DEBUG] (FabricLoader/Mixin) sodium-common.mixins.json:core.render.world.LevelRendererMixin from mod sodium->@Inject::onReload(Lorg/spongepowered/asm/mixin/injection/callback/CallbackInfo;)V doesn't use it's CallbackInfo
[12:26:29] [Render thread/DEBUG] (FabricLoader/Mixin) sodium-common.mixins.json:core.render.world.LevelRendererMixin from mod sodium->@Inject::onReload(Lorg/spongepowered/asm/mixin/injection/callback/CallbackInfo;)V has 0 override(s) in child classes
[12:26:29] [Render thread/DEBUG] (FabricLoader/Mixin) sodium-common.mixins.json:core.render.world.LevelRendererMixin from mod sodium->@Inject::onReload(Lorg/spongepowered/asm/mixin/injection/callback/CallbackInfo;)V won't be passed a CallbackInfo as a result
[12:26:29] [Render thread/DEBUG] (FabricLoader/Mixin) sodium-common.mixins.json:core.render.world.LevelRendererMixin from mod sodium->@Inject::onReload(Lorg/spongepowered/asm/mixin/injection/callback/CallbackInfo;)V doesn't use it's CallbackInfo
[12:26:29] [Render thread/DEBUG] (FabricLoader/Mixin) sodium-common.mixins.json:core.render.world.LevelRendererMixin from mod sodium->@Inject::onReload(Lorg/spongepowered/asm/mixin/injection/callback/CallbackInfo;)V has 0 override(s) in child classes
[12:26:29] [Render thread/DEBUG] (FabricLoader/Mixin) sodium-common.mixins.json:core.render.world.LevelRendererMixin from mod sodium->@Inject::onReload(Lorg/spongepowered/asm/mixin/injection/callback/CallbackInfo;)V won't be passed a CallbackInfo as a result
[12:26:29] [Render thread/DEBUG] (FabricLoader/Mixin) sodium-common.mixins.json:core.render.world.LevelRendererMixin from mod sodium->@Inject::extractVisibleBlockEntities(Lnet/minecraft/client/Camera;FLnet/minecraft/client/renderer/state/LevelRenderState;Lorg/spongepowered/asm/mixin/injection/callback/CallbackInfo;)V does use it's CallbackInfo
[12:26:29] [Render thread/DEBUG] (FabricLoader/Mixin) fabric-rendering-v1.mixins.json:WorldRendererMixin from mod fabric-rendering-v1->@Inject::beforeRender(Lcom/mojang/blaze3d/resource/GraphicsResourceAllocator;Lnet/minecraft/client/DeltaTracker;ZLnet/minecraft/client/Camera;Lorg/joml/Matrix4f;Lorg/joml/Matrix4f;Lorg/joml/Matrix4f;Lcom/mojang/blaze3d/buffers/GpuBufferSlice;Lorg/joml/Vector4f;ZLorg/spongepowered/asm/mixin/injection/callback/CallbackInfo;)V doesn't use it's CallbackInfo
[12:26:29] [Render thread/DEBUG] (FabricLoader/Mixin) fabric-rendering-v1.mixins.json:WorldRendererMixin from mod fabric-rendering-v1->@Inject::beforeRender(Lcom/mojang/blaze3d/resource/GraphicsResourceAllocator;Lnet/minecraft/client/DeltaTracker;ZLnet/minecraft/client/Camera;Lorg/joml/Matrix4f;Lorg/joml/Matrix4f;Lorg/joml/Matrix4f;Lcom/mojang/blaze3d/buffers/GpuBufferSlice;Lorg/joml/Vector4f;ZLorg/spongepowered/asm/mixin/injection/callback/CallbackInfo;)V has 0 override(s) in child classes
[12:26:29] [Render thread/DEBUG] (FabricLoader/Mixin) fabric-rendering-v1.mixins.json:WorldRendererMixin from mod fabric-rendering-v1->@Inject::beforeRender(Lcom/mojang/blaze3d/resource/GraphicsResourceAllocator;Lnet/minecraft/client/DeltaTracker;ZLnet/minecraft/client/Camera;Lorg/joml/Matrix4f;Lorg/joml/Matrix4f;Lorg/joml/Matrix4f;Lcom/mojang/blaze3d/buffers/GpuBufferSlice;Lorg/joml/Vector4f;ZLorg/spongepowered/asm/mixin/injection/callback/CallbackInfo;)V won't be passed a CallbackInfo as a result
[12:26:29] [Render thread/DEBUG] (FabricLoader/Mixin) fabric-rendering-v1.mixins.json:WorldRendererMixin from mod fabric-rendering-v1->@Inject::afterBlockOutlineExtraction(Lnet/minecraft/client/Camera;Lnet/minecraft/client/renderer/state/LevelRenderState;Lorg/spongepowered/asm/mixin/injection/callback/CallbackInfo;)V doesn't use it's CallbackInfo
[12:26:29] [Render thread/DEBUG] (FabricLoader/Mixin) fabric-rendering-v1.mixins.json:WorldRendererMixin from mod fabric-rendering-v1->@Inject::afterBlockOutlineExtraction(Lnet/minecraft/client/Camera;Lnet/minecraft/client/renderer/state/LevelRenderState;Lorg/spongepowered/asm/mixin/injection/callback/CallbackInfo;)V has 0 override(s) in child classes
[12:26:29] [Render thread/DEBUG] (FabricLoader/Mixin) fabric-rendering-v1.mixins.json:WorldRendererMixin from mod fabric-rendering-v1->@Inject::afterBlockOutlineExtraction(Lnet/minecraft/client/Camera;Lnet/minecraft/client/renderer/state/LevelRenderState;Lorg/spongepowered/asm/mixin/injection/callback/CallbackInfo;)V won't be passed a CallbackInfo as a result
[12:26:29] [Render thread/DEBUG] (FabricLoader/Mixin) fabric-rendering-v1.mixins.json:WorldRendererMixin from mod fabric-rendering-v1->@Inject::afterBlockOutlineExtraction(Lnet/minecraft/client/Camera;Lnet/minecraft/client/renderer/state/LevelRenderState;Lorg/spongepowered/asm/mixin/injection/callback/CallbackInfo;)V doesn't use it's CallbackInfo
[12:26:29] [Render thread/DEBUG] (FabricLoader/Mixin) fabric-rendering-v1.mixins.json:WorldRendererMixin from mod fabric-rendering-v1->@Inject::afterBlockOutlineExtraction(Lnet/minecraft/client/Camera;Lnet/minecraft/client/renderer/state/LevelRenderState;Lorg/spongepowered/asm/mixin/injection/callback/CallbackInfo;)V has 0 override(s) in child classes
[12:26:29] [Render thread/DEBUG] (FabricLoader/Mixin) fabric-rendering-v1.mixins.json:WorldRendererMixin from mod fabric-rendering-v1->@Inject::afterBlockOutlineExtraction(Lnet/minecraft/client/Camera;Lnet/minecraft/client/renderer/state/LevelRenderState;Lorg/spongepowered/asm/mixin/injection/callback/CallbackInfo;)V won't be passed a CallbackInfo as a result
[12:26:29] [Render thread/DEBUG] (FabricLoader/Mixin) fabric-rendering-v1.mixins.json:WorldRendererMixin from mod fabric-rendering-v1->@Inject::afterBlockOutlineExtraction(Lnet/minecraft/client/Camera;Lnet/minecraft/client/renderer/state/LevelRenderState;Lorg/spongepowered/asm/mixin/injection/callback/CallbackInfo;)V doesn't use it's CallbackInfo
[12:26:29] [Render thread/DEBUG] (FabricLoader/Mixin) fabric-rendering-v1.mixins.json:WorldRendererMixin from mod fabric-rendering-v1->@Inject::afterBlockOutlineExtraction(Lnet/minecraft/client/Camera;Lnet/minecraft/client/renderer/state/LevelRenderState;Lorg/spongepowered/asm/mixin/injection/callback/CallbackInfo;)V has 0 override(s) in child classes
[12:26:29] [Render thread/DEBUG] (FabricLoader/Mixin) fabric-rendering-v1.mixins.json:WorldRendererMixin from mod fabric-rendering-v1->@Inject::afterBlockOutlineExtraction(Lnet/minecraft/client/Camera;Lnet/minecraft/client/renderer/state/LevelRenderState;Lorg/spongepowered/asm/mixin/injection/callback/CallbackInfo;)V won't be passed a CallbackInfo as a result
[12:26:29] [Render thread/DEBUG] (FabricLoader/Mixin) fabric-rendering-v1.mixins.json:WorldRendererMixin from mod fabric-rendering-v1->@Inject::beforeTerrainRender(Lorg/spongepowered/asm/mixin/injection/callback/CallbackInfo;)V doesn't use it's CallbackInfo
[12:26:29] [Render thread/DEBUG] (FabricLoader/Mixin) fabric-rendering-v1.mixins.json:WorldRendererMixin from mod fabric-rendering-v1->@Inject::beforeTerrainRender(Lorg/spongepowered/asm/mixin/injection/callback/CallbackInfo;)V has 0 override(s) in child classes
[12:26:29] [Render thread/DEBUG] (FabricLoader/Mixin) fabric-rendering-v1.mixins.json:WorldRendererMixin from mod fabric-rendering-v1->@Inject::beforeTerrainRender(Lorg/spongepowered/asm/mixin/injection/callback/CallbackInfo;)V won't be passed a CallbackInfo as a result
[12:26:29] [Render thread/DEBUG] (FabricLoader/Mixin) fabric-rendering-v1.mixins.json:WorldRendererMixin from mod fabric-rendering-v1->@Inject::beforeEntitySubmission(Lorg/spongepowered/asm/mixin/injection/callback/CallbackInfo;)V doesn't use it's CallbackInfo
[12:26:29] [Render thread/DEBUG] (FabricLoader/Mixin) fabric-rendering-v1.mixins.json:WorldRendererMixin from mod fabric-rendering-v1->@Inject::beforeEntitySubmission(Lorg/spongepowered/asm/mixin/injection/callback/CallbackInfo;)V has 0 override(s) in child classes
[12:26:29] [Render thread/DEBUG] (FabricLoader/Mixin) fabric-rendering-v1.mixins.json:WorldRendererMixin from mod fabric-rendering-v1->@Inject::beforeEntitySubmission(Lorg/spongepowered/asm/mixin/injection/callback/CallbackInfo;)V won't be passed a CallbackInfo as a result
[12:26:29] [Render thread/DEBUG] (FabricLoader/Mixin) fabric-rendering-v1.mixins.json:WorldRendererMixin from mod fabric-rendering-v1->@Inject::beforeDebugRender(Lorg/spongepowered/asm/mixin/injection/callback/CallbackInfo;)V doesn't use it's CallbackInfo
[12:26:29] [Render thread/DEBUG] (FabricLoader/Mixin) fabric-rendering-v1.mixins.json:WorldRendererMixin from mod fabric-rendering-v1->@Inject::beforeDebugRender(Lorg/spongepowered/asm/mixin/injection/callback/CallbackInfo;)V has 0 override(s) in child classes
[12:26:29] [Render thread/DEBUG] (FabricLoader/Mixin) fabric-rendering-v1.mixins.json:WorldRendererMixin from mod fabric-rendering-v1->@Inject::beforeDebugRender(Lorg/spongepowered/asm/mixin/injection/callback/CallbackInfo;)V won't be passed a CallbackInfo as a result
[12:26:29] [Render thread/DEBUG] (FabricLoader/Mixin) fabric-rendering-v1.mixins.json:WorldRendererMixin from mod fabric-rendering-v1->@Inject::beforeTranslucentRender(Lorg/spongepowered/asm/mixin/injection/callback/CallbackInfo;)V doesn't use it's CallbackInfo
[12:26:29] [Render thread/DEBUG] (FabricLoader/Mixin) fabric-rendering-v1.mixins.json:WorldRendererMixin from mod fabric-rendering-v1->@Inject::beforeTranslucentRender(Lorg/spongepowered/asm/mixin/injection/callback/CallbackInfo;)V has 0 override(s) in child classes
[12:26:29] [Render thread/DEBUG] (FabricLoader/Mixin) fabric-rendering-v1.mixins.json:WorldRendererMixin from mod fabric-rendering-v1->@Inject::beforeTranslucentRender(Lorg/spongepowered/asm/mixin/injection/callback/CallbackInfo;)V won't be passed a CallbackInfo as a result
[12:26:29] [Render thread/DEBUG] (FabricLoader/Mixin) fabric-rendering-v1.mixins.json:WorldRendererMixin from mod fabric-rendering-v1->@Inject::beforeDrawBlockOutline(Lnet/minecraft/client/renderer/MultiBufferSource$BufferSource;Lcom/mojang/blaze3d/vertex/PoseStack;ZLnet/minecraft/client/renderer/state/LevelRenderState;Lorg/spongepowered/asm/mixin/injection/callback/CallbackInfo;)V does use it's CallbackInfo
[12:26:29] [Render thread/DEBUG] (FabricLoader/Mixin) fabric-rendering-v1.mixins.json:WorldRendererMixin from mod fabric-rendering-v1->@Inject::endMainRender(Lorg/spongepowered/asm/mixin/injection/callback/CallbackInfo;)V doesn't use it's CallbackInfo
[12:26:29] [Render thread/DEBUG] (FabricLoader/Mixin) fabric-rendering-v1.mixins.json:WorldRendererMixin from mod fabric-rendering-v1->@Inject::endMainRender(Lorg/spongepowered/asm/mixin/injection/callback/CallbackInfo;)V has 0 override(s) in child classes
[12:26:29] [Render thread/DEBUG] (FabricLoader/Mixin) fabric-rendering-v1.mixins.json:WorldRendererMixin from mod fabric-rendering-v1->@Inject::endMainRender(Lorg/spongepowered/asm/mixin/injection/callback/CallbackInfo;)V won't be passed a CallbackInfo as a result
[12:26:29] [Render thread/DEBUG] (FabricLoader/Mixin) fabric-rendering-v1.mixins.json:WorldRendererMixin from mod fabric-rendering-v1->@Inject::onReload(Lorg/spongepowered/asm/mixin/injection/callback/CallbackInfo;)V doesn't use it's CallbackInfo
[12:26:29] [Render thread/DEBUG] (FabricLoader/Mixin) fabric-rendering-v1.mixins.json:WorldRendererMixin from mod fabric-rendering-v1->@Inject::onReload(Lorg/spongepowered/asm/mixin/injection/callback/CallbackInfo;)V has 0 override(s) in child classes
[12:26:29] [Render thread/DEBUG] (FabricLoader/Mixin) fabric-rendering-v1.mixins.json:WorldRendererMixin from mod fabric-rendering-v1->@Inject::onReload(Lorg/spongepowered/asm/mixin/injection/callback/CallbackInfo;)V won't be passed a CallbackInfo as a result
[12:26:29] [Render thread/DEBUG] (FabricLoader/Mixin) entityculling.mixins.json:WorldRendererMixin from mod entityculling->@Inject::extractEntityRedir(Lnet/minecraft/world/entity/Entity;FLorg/spongepowered/asm/mixin/injection/callback/CallbackInfoReturnable;)V does use it's CallbackInfoReturnable
[12:26:29] [Render thread/DEBUG] (FabricLoader/Mixin) entityculling.mixins.json:WorldRendererMixin from mod entityculling->@Inject::extractVisibleEntities(Lnet/minecraft/client/Camera;Lnet/minecraft/client/renderer/culling/Frustum;Lnet/minecraft/client/DeltaTracker;Lnet/minecraft/client/renderer/state/LevelRenderState;Lorg/spongepowered/asm/mixin/injection/callback/CallbackInfo;)V doesn't use it's CallbackInfo
[12:26:29] [Render thread/DEBUG] (FabricLoader/Mixin) entityculling.mixins.json:WorldRendererMixin from mod entityculling->@Inject::extractVisibleEntities(Lnet/minecraft/client/Camera;Lnet/minecraft/client/renderer/culling/Frustum;Lnet/minecraft/client/DeltaTracker;Lnet/minecraft/client/renderer/state/LevelRenderState;Lorg/spongepowered/asm/mixin/injection/callback/CallbackInfo;)V has 0 override(s) in child classes
[12:26:29] [Render thread/DEBUG] (FabricLoader/Mixin) entityculling.mixins.json:WorldRendererMixin from mod entityculling->@Inject::extractVisibleEntities(Lnet/minecraft/client/Camera;Lnet/minecraft/client/renderer/culling/Frustum;Lnet/minecraft/client/DeltaTracker;Lnet/minecraft/client/renderer/state/LevelRenderState;Lorg/spongepowered/asm/mixin/injection/callback/CallbackInfo;)V won't be passed a CallbackInfo as a result
[12:26:29] [Render thread/DEBUG] (FabricLoader/Mixin) mixins.iris.json:shadows.MixinPreventRebuildNearInShadowPass from mod iris->@Inject::iris$preventRebuildNearInShadowPass(Lnet/minecraft/client/Camera;Lnet/minecraft/client/renderer/culling/Frustum;ZLorg/spongepowered/asm/mixin/injection/callback/CallbackInfo;)V doesn't use it's CallbackInfo
[12:26:29] [Render thread/DEBUG] (FabricLoader/Mixin) mixins.iris.json:shadows.MixinPreventRebuildNearInShadowPass from mod iris->@Inject::iris$preventRebuildNearInShadowPass(Lnet/minecraft/client/Camera;Lnet/minecraft/client/renderer/culling/Frustum;ZLorg/spongepowered/asm/mixin/injection/callback/CallbackInfo;)V has 0 override(s) in child classes
[12:26:29] [Render thread/DEBUG] (FabricLoader/Mixin) mixins.iris.json:shadows.MixinPreventRebuildNearInShadowPass from mod iris->@Inject::iris$preventRebuildNearInShadowPass(Lnet/minecraft/client/Camera;Lnet/minecraft/client/renderer/culling/Frustum;ZLorg/spongepowered/asm/mixin/injection/callback/CallbackInfo;)V won't be passed a CallbackInfo as a result
[12:26:29] [Render thread/DEBUG] (FabricLoader/Mixin) Mixing EntityRenderStateMixin from transition.mixins.json into net.minecraft.client.renderer.entity.state.EntityRenderState
[12:26:29] [Render thread/DEBUG] (FabricLoader/Mixin) Mixing RenderStateMixin from fabric-rendering-v1.mixins.json into net.minecraft.client.renderer.entity.state.EntityRenderState
[12:26:29] [Render thread/DEBUG] (FabricLoader/Mixin) Mixing MixinSkyRenderer from mixins.iris.json into net.minecraft.client.renderer.SkyRenderer
[12:26:29] [Render thread/DEBUG] (FabricLoader/Mixin) mixins.iris.json:MixinSkyRenderer from mod iris: Class version 65 required is higher than the class version supported by the current version of Mixin (JAVA_8 supports class version 52)
[12:26:29] [Render thread/DEBUG] (FabricLoader/Mixin) mixins.iris.json:MixinSkyRenderer from mod iris->@Inject::iris$renderSky$beginNormalSky(FFFLorg/spongepowered/asm/mixin/injection/callback/CallbackInfo;)V doesn't use it's CallbackInfo
[12:26:29] [Render thread/DEBUG] (FabricLoader/Mixin) mixins.iris.json:MixinSkyRenderer from mod iris->@Inject::iris$renderSky$beginNormalSky(FFFLorg/spongepowered/asm/mixin/injection/callback/CallbackInfo;)V has 0 override(s) in child classes
[12:26:29] [Render thread/DEBUG] (FabricLoader/Mixin) mixins.iris.json:MixinSkyRenderer from mod iris->@Inject::iris$renderSky$beginNormalSky(FFFLorg/spongepowered/asm/mixin/injection/callback/CallbackInfo;)V won't be passed a CallbackInfo as a result
[12:26:29] [Render thread/DEBUG] (FabricLoader/Mixin) mixins.iris.json:MixinSkyRenderer from mod iris->@Inject::iris$beforeDrawSun(FLcom/mojang/blaze3d/vertex/PoseStack;Lorg/spongepowered/asm/mixin/injection/callback/CallbackInfo;)V does use it's CallbackInfo
[12:26:29] [Render thread/DEBUG] (FabricLoader/Mixin) mixins.iris.json:MixinSkyRenderer from mod iris->@Inject::iris$beforeDrawMoon(IFLcom/mojang/blaze3d/vertex/PoseStack;Lorg/spongepowered/asm/mixin/injection/callback/CallbackInfo;)V does use it's CallbackInfo
[12:26:29] [Render thread/DEBUG] (FabricLoader/Mixin) mixins.iris.json:MixinSkyRenderer from mod iris->@Inject::iris$setSunRenderStage(FLcom/mojang/blaze3d/vertex/PoseStack;Lorg/spongepowered/asm/mixin/injection/callback/CallbackInfo;)V doesn't use it's CallbackInfo
[12:26:29] [Render thread/DEBUG] (FabricLoader/Mixin) mixins.iris.json:MixinSkyRenderer from mod iris->@Inject::iris$setSunRenderStage(FLcom/mojang/blaze3d/vertex/PoseStack;Lorg/spongepowered/asm/mixin/injection/callback/CallbackInfo;)V has 0 override(s) in child classes
[12:26:29] [Render thread/DEBUG] (FabricLoader/Mixin) mixins.iris.json:MixinSkyRenderer from mod iris->@Inject::iris$setSunRenderStage(FLcom/mojang/blaze3d/vertex/PoseStack;Lorg/spongepowered/asm/mixin/injection/callback/CallbackInfo;)V won't be passed a CallbackInfo as a result
[12:26:29] [Render thread/DEBUG] (FabricLoader/Mixin) mixins.iris.json:MixinSkyRenderer from mod iris->@Inject::iris$setMoonRenderStage(IFLcom/mojang/blaze3d/vertex/PoseStack;Lorg/spongepowered/asm/mixin/injection/callback/CallbackInfo;)V doesn't use it's CallbackInfo
[12:26:29] [Render thread/DEBUG] (FabricLoader/Mixin) mixins.iris.json:MixinSkyRenderer from mod iris->@Inject::iris$setMoonRenderStage(IFLcom/mojang/blaze3d/vertex/PoseStack;Lorg/spongepowered/asm/mixin/injection/callback/CallbackInfo;)V has 0 override(s) in child classes
[12:26:29] [Render thread/DEBUG] (FabricLoader/Mixin) mixins.iris.json:MixinSkyRenderer from mod iris->@Inject::iris$setMoonRenderStage(IFLcom/mojang/blaze3d/vertex/PoseStack;Lorg/spongepowered/asm/mixin/injection/callback/CallbackInfo;)V won't be passed a CallbackInfo as a result
[12:26:29] [Render thread/DEBUG] (FabricLoader/Mixin) mixins.iris.json:MixinSkyRenderer from mod iris->@Inject::iris$setSunsetRenderStage(Lcom/mojang/blaze3d/vertex/PoseStack;FILorg/spongepowered/asm/mixin/injection/callback/CallbackInfo;)V doesn't use it's CallbackInfo
[12:26:29] [Render thread/DEBUG] (FabricLoader/Mixin) mixins.iris.json:MixinSkyRenderer from mod iris->@Inject::iris$setSunsetRenderStage(Lcom/mojang/blaze3d/vertex/PoseStack;FILorg/spongepowered/asm/mixin/injection/callback/CallbackInfo;)V has 0 override(s) in child classes
[12:26:29] [Render thread/DEBUG] (FabricLoader/Mixin) mixins.iris.json:MixinSkyRenderer from mod iris->@Inject::iris$setSunsetRenderStage(Lcom/mojang/blaze3d/vertex/PoseStack;FILorg/spongepowered/asm/mixin/injection/callback/CallbackInfo;)V won't be passed a CallbackInfo as a result
[12:26:29] [Render thread/DEBUG] (FabricLoader/Mixin) mixins.iris.json:MixinSkyRenderer from mod iris->@Inject::iris$setStarRenderStage(FLcom/mojang/blaze3d/vertex/PoseStack;Lorg/spongepowered/asm/mixin/injection/callback/CallbackInfo;)V doesn't use it's CallbackInfo
[12:26:29] [Render thread/DEBUG] (FabricLoader/Mixin) mixins.iris.json:MixinSkyRenderer from mod iris->@Inject::iris$setStarRenderStage(FLcom/mojang/blaze3d/vertex/PoseStack;Lorg/spongepowered/asm/mixin/injection/callback/CallbackInfo;)V has 0 override(s) in child classes
[12:26:29] [Render thread/DEBUG] (FabricLoader/Mixin) mixins.iris.json:MixinSkyRenderer from mod iris->@Inject::iris$setStarRenderStage(FLcom/mojang/blaze3d/vertex/PoseStack;Lorg/spongepowered/asm/mixin/injection/callback/CallbackInfo;)V won't be passed a CallbackInfo as a result
[12:26:29] [Render thread/DEBUG] (FabricLoader/Mixin) mixins.iris.json:MixinSkyRenderer from mod iris->@Inject::iris$setVoidRenderStage(Lorg/spongepowered/asm/mixin/injection/callback/CallbackInfo;)V doesn't use it's CallbackInfo
[12:26:29] [Render thread/DEBUG] (FabricLoader/Mixin) mixins.iris.json:MixinSkyRenderer from mod iris->@Inject::iris$setVoidRenderStage(Lorg/spongepowered/asm/mixin/injection/callback/CallbackInfo;)V has 0 override(s) in child classes
[12:26:29] [Render thread/DEBUG] (FabricLoader/Mixin) mixins.iris.json:MixinSkyRenderer from mod iris->@Inject::iris$setVoidRenderStage(Lorg/spongepowered/asm/mixin/injection/callback/CallbackInfo;)V won't be passed a CallbackInfo as a result
[12:26:29] [Render thread/DEBUG] (FabricLoader/Mixin) mixins.iris.json:MixinSkyRenderer from mod iris->@Inject::iris$renderSky$tiltSun(Lcom/mojang/blaze3d/vertex/PoseStack;FIFFLorg/spongepowered/asm/mixin/injection/callback/CallbackInfo;)V doesn't use it's CallbackInfo
[12:26:29] [Render thread/DEBUG] (FabricLoader/Mixin) mixins.iris.json:MixinSkyRenderer from mod iris->@Inject::iris$renderSky$tiltSun(Lcom/mojang/blaze3d/vertex/PoseStack;FIFFLorg/spongepowered/asm/mixin/injection/callback/CallbackInfo;)V has 0 override(s) in child classes
[12:26:29] [Render thread/DEBUG] (FabricLoader/Mixin) mixins.iris.json:MixinSkyRenderer from mod iris->@Inject::iris$renderSky$tiltSun(Lcom/mojang/blaze3d/vertex/PoseStack;FIFFLorg/spongepowered/asm/mixin/injection/callback/CallbackInfo;)V won't be passed a CallbackInfo as a result
[12:26:30] [Render thread/DEBUG] (FabricLoader/Mixin) Mixing features.render.world.clouds.CloudRendererMixin from sodium-common.mixins.json into net.minecraft.client.renderer.CloudRenderer
[12:26:30] [Render thread/DEBUG] (FabricLoader/Mixin) sodium-common.mixins.json:features.render.world.clouds.CloudRendererMixin from mod sodium: Class version 65 required is higher than the class version supported by the current version of Mixin (JAVA_17 supports class version 61)
[12:26:30] [Render thread/DEBUG] (FabricLoader/Mixin) Mixing KeyedClientResourceReloadListenerMixin from fabric-resource-loader-v1.client.mixins.json into net.minecraft.client.renderer.CloudRenderer
[12:26:30] [Render thread/DEBUG] (FabricLoader/Mixin) Mixing MixinWeatherRenderer from mixins.iris.json into net.minecraft.client.renderer.WeatherEffectRenderer
[12:26:30] [Render thread/DEBUG] (FabricLoader/Mixin) mixins.iris.json:MixinWeatherRenderer from mod iris: Class version 65 required is higher than the class version supported by the current version of Mixin (JAVA_8 supports class version 52)
[12:26:30] [Render thread/DEBUG] (FabricLoader/Mixin) Mixing features.options.weather.LevelRendererMixin from sodium-common.mixins.json into net.minecraft.client.renderer.WeatherEffectRenderer
[12:26:30] [Render thread/DEBUG] (FabricLoader/Mixin) sodium-common.mixins.json:features.options.weather.LevelRendererMixin from mod sodium: Class version 65 required is higher than the class version supported by the current version of Mixin (JAVA_17 supports class version 61)
[12:26:30] [Render thread/DEBUG] (FabricLoader/Mixin) Mixing MixinParticlesRenderState from mixins.iris.fantastic.json into net.minecraft.client.renderer.state.ParticlesRenderState
[12:26:30] [Render thread/DEBUG] (FabricLoader/Mixin) mixins.iris.fantastic.json:MixinParticlesRenderState from mod iris: Class version 65 required is higher than the class version supported by the current version of Mixin (JAVA_8 supports class version 52)
[12:26:30] [Render thread/DEBUG] (FabricLoader/Mixin) Mixing debug.MixinDebugRenderer from fabric-badoptimizations.mixins.json into net.minecraft.client.renderer.debug.DebugRenderer
[12:26:30] [Render thread/DEBUG] (FabricLoader/Mixin) fabric-badoptimizations.mixins.json:debug.MixinDebugRenderer from mod badoptimizations: Class version 65 required is higher than the class version supported by the current version of Mixin (JAVA_17 supports class version 61)
[12:26:30] [Render thread/DEBUG] (FabricLoader/Mixin) fabric-badoptimizations.mixins.json:debug.MixinDebugRenderer from mod badoptimizations->@Inject::onRender(Lorg/spongepowered/asm/mixin/injection/callback/CallbackInfo;)V does use it's CallbackInfo
[12:26:30] [Render thread/DEBUG] (FabricLoader/Mixin) Mixing state_tracking.MixinPostChain from mixins.iris.json into net.minecraft.client.renderer.PostChain
[12:26:30] [Render thread/DEBUG] (FabricLoader/Mixin) mixins.iris.json:state_tracking.MixinPostChain from mod iris: Class version 65 required is higher than the class version supported by the current version of Mixin (JAVA_8 supports class version 52)
[12:26:30] [Render thread/DEBUG] (FabricLoader/Mixin) Mixing MixinSodiumWorldRenderer from mixins.iris.compat.sodium.json into net.caffeinemc.mods.sodium.client.render.SodiumWorldRenderer
[12:26:30] [Render thread/DEBUG] (FabricLoader/Mixin) mixins.iris.compat.sodium.json:MixinSodiumWorldRenderer from mod iris: Class version 65 required is higher than the class version supported by the current version of Mixin (JAVA_8 supports class version 52)
[12:26:30] [Render thread/DEBUG] (FabricLoader/Mixin) mixins.iris.compat.sodium.json:MixinSodiumWorldRenderer from mod iris->@Inject::iris$skipEntityCheck(Lnet/minecraft/client/renderer/entity/EntityRenderer;Lnet/minecraft/world/entity/Entity;Lorg/spongepowered/asm/mixin/injection/callback/CallbackInfoReturnable;)V does use it's CallbackInfoReturnable
[12:26:30] [Render thread/DEBUG] (FabricLoader/Mixin) Mixing KeyedClientResourceReloadListenerMixin from fabric-resource-loader-v1.client.mixins.json into net.minecraft.client.renderer.GpuWarnlistManager
[12:26:30] [Render thread/DEBUG] (FabricLoader/Mixin) Mixing gui.MixinGui from mixins.iris.json into net.minecraft.client.gui.Gui
[12:26:30] [Render thread/DEBUG] (FabricLoader/Mixin) mixins.iris.json:gui.MixinGui from mod iris: Class version 65 required is higher than the class version supported by the current version of Mixin (JAVA_8 supports class version 52)
[12:26:30] [Render thread/DEBUG] (FabricLoader/Mixin) Mixing scoreboard.ScoreboardMixin from betterf3.mixins.json into net.minecraft.client.gui.Gui
[12:26:30] [Render thread/DEBUG] (FabricLoader/Mixin) betterf3.mixins.json:scoreboard.ScoreboardMixin from mod betterf3: Class version 65 required is higher than the class version supported by the current version of Mixin (JAVA_17 supports class version 61)
[12:26:30] [Render thread/DEBUG] (FabricLoader/Mixin) Mixing MixinInGameHud from gammautils.mixins.json into net.minecraft.client.gui.Gui
[12:26:30] [Render thread/DEBUG] (FabricLoader/Mixin) Mixing features.options.overlays.GuiMixin from sodium-common.mixins.json into net.minecraft.client.gui.Gui
[12:26:30] [Render thread/DEBUG] (FabricLoader/Mixin) sodium-common.mixins.json:features.options.overlays.GuiMixin from mod sodium: Class version 65 required is higher than the class version supported by the current version of Mixin (JAVA_17 supports class version 61)
[12:26:30] [Render thread/DEBUG] (FabricLoader/Mixin) Mixing InGameHudAccessor from fabric-rendering-v1.mixins.json into net.minecraft.client.gui.Gui
[12:26:30] [Render thread/DEBUG] (FabricLoader/Mixin) Mixing InGameHudMixin from fabric-rendering-v1.mixins.json into net.minecraft.client.gui.Gui
[12:26:30] [Render thread/DEBUG] (FabricLoader/Mixin) Renaming synthetic method lambda$wrapSubtitlesHud$22(Lcom/llamalad7/mixinextras/injector/wrapoperation/Operation;Lnet/minecraft/client/gui/Gui;ZLnet/minecraft/client/gui/GuiGraphics;Lnet/minecraft/client/DeltaTracker;)V to mdab7149$fabric-rendering-v1$lambda$wrapSubtitlesHud$22$0 in fabric-rendering-v1.mixins.json:InGameHudMixin from mod fabric-rendering-v1
[12:26:30] [Render thread/DEBUG] (FabricLoader/Mixin) Renaming synthetic method lambda$wrapPlayerList$21(Lcom/llamalad7/mixinextras/injector/wrapoperation/Operation;Lnet/minecraft/client/gui/Gui;Lnet/minecraft/client/gui/GuiGraphics;Lnet/minecraft/client/DeltaTracker;)V to mdab7149$fabric-rendering-v1$lambda$wrapPlayerList$21$1 in fabric-rendering-v1.mixins.json:InGameHudMixin from mod fabric-rendering-v1
[12:26:30] [Render thread/DEBUG] (FabricLoader/Mixin) Renaming synthetic method lambda$wrapChat$20(Lcom/llamalad7/mixinextras/injector/wrapoperation/Operation;Lnet/minecraft/client/gui/Gui;Lnet/minecraft/client/gui/GuiGraphics;Lnet/minecraft/client/DeltaTracker;)V to mdab7149$fabric-rendering-v1$lambda$wrapChat$20$2 in fabric-rendering-v1.mixins.json:InGameHudMixin from mod fabric-rendering-v1
[12:26:30] [Render thread/DEBUG] (FabricLoader/Mixin) Renaming synthetic method lambda$wrapTitleAndSubtitle$19(Lcom/llamalad7/mixinextras/injector/wrapoperation/Operation;Lnet/minecraft/client/gui/Gui;Lnet/minecraft/client/gui/GuiGraphics;Lnet/minecraft/client/DeltaTracker;)V to mdab7149$fabric-rendering-v1$lambda$wrapTitleAndSubtitle$19$3 in fabric-rendering-v1.mixins.json:InGameHudMixin from mod fabric-rendering-v1
[12:26:30] [Render thread/DEBUG] (FabricLoader/Mixin) Renaming synthetic method lambda$wrapOverlayMessage$18(Lcom/llamalad7/mixinextras/injector/wrapoperation/Operation;Lnet/minecraft/client/gui/Gui;Lnet/minecraft/client/gui/GuiGraphics;Lnet/minecraft/client/DeltaTracker;)V to mdab7149$fabric-rendering-v1$lambda$wrapOverlayMessage$18$4 in fabric-rendering-v1.mixins.json:InGameHudMixin from mod fabric-rendering-v1
[12:26:30] [Render thread/DEBUG] (FabricLoader/Mixin) Renaming synthetic method lambda$wrapScoreboardSidebar$17(Lcom/llamalad7/mixinextras/injector/wrapoperation/Operation;Lnet/minecraft/client/gui/Gui;Lnet/minecraft/client/gui/GuiGraphics;Lnet/minecraft/client/DeltaTracker;)V to mdab7149$fabric-rendering-v1$lambda$wrapScoreboardSidebar$17$5 in fabric-rendering-v1.mixins.json:InGameHudMixin from mod fabric-rendering-v1
[12:26:30] [Render thread/DEBUG] (FabricLoader/Mixin) Renaming synthetic method lambda$wrapDemoTimer$16(Lcom/llamalad7/mixinextras/injector/wrapoperation/Operation;Lnet/minecraft/client/gui/Gui;Lnet/minecraft/client/gui/GuiGraphics;Lnet/minecraft/client/DeltaTracker;)V to mdab7149$fabric-rendering-v1$lambda$wrapDemoTimer$16$6 in fabric-rendering-v1.mixins.json:InGameHudMixin from mod fabric-rendering-v1
[12:26:30] [Render thread/DEBUG] (FabricLoader/Mixin) Renaming synthetic method lambda$wrapSleepOverlay$15(Lcom/llamalad7/mixinextras/injector/wrapoperation/Operation;Lnet/minecraft/client/gui/Gui;Lnet/minecraft/client/gui/GuiGraphics;Lnet/minecraft/client/DeltaTracker;)V to mdab7149$fabric-rendering-v1$lambda$wrapSleepOverlay$15$7 in fabric-rendering-v1.mixins.json:InGameHudMixin from mod fabric-rendering-v1
[12:26:30] [Render thread/DEBUG] (FabricLoader/Mixin) Renaming synthetic method lambda$wrapBossBarHud$14(Lcom/llamalad7/mixinextras/injector/wrapoperation/Operation;Lnet/minecraft/client/gui/Gui;Lnet/minecraft/client/gui/GuiGraphics;Lnet/minecraft/client/DeltaTracker;)V to mdab7149$fabric-rendering-v1$lambda$wrapBossBarHud$14$8 in fabric-rendering-v1.mixins.json:InGameHudMixin from mod fabric-rendering-v1
[12:26:30] [Render thread/DEBUG] (FabricLoader/Mixin) Renaming synthetic method lambda$wrapStatusEffectOverlay$13(Lcom/llamalad7/mixinextras/injector/wrapoperation/Operation;Lnet/minecraft/client/gui/Gui;Lnet/minecraft/client/gui/GuiGraphics;Lnet/minecraft/client/DeltaTracker;)V to mdab7149$fabric-rendering-v1$lambda$wrapStatusEffectOverlay$13$9 in fabric-rendering-v1.mixins.json:InGameHudMixin from mod fabric-rendering-v1
[12:26:30] [Render thread/DEBUG] (FabricLoader/Mixin) Renaming synthetic method lambda$wrapRenderSpectatorHud$12(Lcom/llamalad7/mixinextras/injector/wrapoperation/Operation;Lnet/minecraft/client/gui/components/spectator/SpectatorGui;Lnet/minecraft/client/gui/GuiGraphics;Lnet/minecraft/client/DeltaTracker;)V to mdab7149$fabric-rendering-v1$lambda$wrapRenderSpectatorHud$12$a in fabric-rendering-v1.mixins.json:InGameHudMixin from mod fabric-rendering-v1
[12:26:30] [Render thread/DEBUG] (FabricLoader/Mixin) Renaming synthetic method lambda$wrapHeldItemTooltip$11(Lcom/llamalad7/mixinextras/injector/wrapoperation/Operation;Lnet/minecraft/client/gui/Gui;Lnet/minecraft/client/gui/GuiGraphics;Lnet/minecraft/client/DeltaTracker;)V to mdab7149$fabric-rendering-v1$lambda$wrapHeldItemTooltip$11$b in fabric-rendering-v1.mixins.json:InGameHudMixin from mod fabric-rendering-v1
[12:26:30] [Render thread/DEBUG] (FabricLoader/Mixin) Renaming synthetic method lambda$wrapExperienceLevel$10(Lcom/llamalad7/mixinextras/injector/wrapoperation/Operation;Lnet/minecraft/client/gui/Font;ILnet/minecraft/client/gui/GuiGraphics;Lnet/minecraft/client/DeltaTracker;)V to mdab7149$fabric-rendering-v1$lambda$wrapExperienceLevel$10$c in fabric-rendering-v1.mixins.json:InGameHudMixin from mod fabric-rendering-v1
[12:26:30] [Render thread/DEBUG] (FabricLoader/Mixin) Renaming synthetic method lambda$wrapRenderBar$9(Lcom/llamalad7/mixinextras/injector/wrapoperation/Operation;Lnet/minecraft/client/gui/contextualbar/ContextualBarRenderer;Lnet/minecraft/client/gui/GuiGraphics;Lnet/minecraft/client/DeltaTracker;)V to mdab7149$fabric-rendering-v1$lambda$wrapRenderBar$9$d in fabric-rendering-v1.mixins.json:InGameHudMixin from mod fabric-rendering-v1
[12:26:30] [Render thread/DEBUG] (FabricLoader/Mixin) Renaming synthetic method lambda$wrapMountHealth$8(Lcom/llamalad7/mixinextras/injector/wrapoperation/Operation;Lnet/minecraft/client/gui/Gui;Lnet/minecraft/client/gui/GuiGraphics;Lnet/minecraft/client/DeltaTracker;)V to mdab7149$fabric-rendering-v1$lambda$wrapMountHealth$8$e in fabric-rendering-v1.mixins.json:InGameHudMixin from mod fabric-rendering-v1
[12:26:30] [Render thread/DEBUG] (FabricLoader/Mixin) Renaming synthetic method lambda$wrapAirBar$7(Lcom/llamalad7/mixinextras/injector/wrapoperation/Operation;Lnet/minecraft/client/gui/Gui;Lnet/minecraft/world/entity/player/Player;IIILnet/minecraft/client/gui/GuiGraphics;Lnet/minecraft/client/DeltaTracker;)V to mdab7149$fabric-rendering-v1$lambda$wrapAirBar$7$f in fabric-rendering-v1.mixins.json:InGameHudMixin from mod fabric-rendering-v1
[12:26:30] [Render thread/DEBUG] (FabricLoader/Mixin) Renaming synthetic method lambda$wrapFoodBar$6(Lcom/llamalad7/mixinextras/injector/wrapoperation/Operation;Lnet/minecraft/client/gui/Gui;Lnet/minecraft/world/entity/player/Player;IILnet/minecraft/client/gui/GuiGraphics;Lnet/minecraft/client/DeltaTracker;)V to mdab7149$fabric-rendering-v1$lambda$wrapFoodBar$6$10 in fabric-rendering-v1.mixins.json:InGameHudMixin from mod fabric-rendering-v1
[12:26:30] [Render thread/DEBUG] (FabricLoader/Mixin) Renaming synthetic method lambda$wrapHealthBar$5(Lcom/llamalad7/mixinextras/injector/wrapoperation/Operation;Lnet/minecraft/client/gui/Gui;Lnet/minecraft/world/entity/player/Player;IIIIFIIIZLnet/minecraft/client/gui/GuiGraphics;Lnet/minecraft/client/DeltaTracker;)V to mdab7149$fabric-rendering-v1$lambda$wrapHealthBar$5$11 in fabric-rendering-v1.mixins.json:InGameHudMixin from mod fabric-rendering-v1
[12:26:30] [Render thread/DEBUG] (FabricLoader/Mixin) Renaming synthetic method lambda$wrapArmorBar$4(Lcom/llamalad7/mixinextras/injector/wrapoperation/Operation;Lnet/minecraft/world/entity/player/Player;IIIILnet/minecraft/client/gui/GuiGraphics;Lnet/minecraft/client/DeltaTracker;)V to mdab7149$fabric-rendering-v1$lambda$wrapArmorBar$4$12 in fabric-rendering-v1.mixins.json:InGameHudMixin from mod fabric-rendering-v1
[12:26:30] [Render thread/DEBUG] (FabricLoader/Mixin) Renaming synthetic method lambda$wrapHotbar$3(Lcom/llamalad7/mixinextras/injector/wrapoperation/Operation;Lnet/minecraft/client/gui/Gui;Lnet/minecraft/client/gui/GuiGraphics;Lnet/minecraft/client/DeltaTracker;)V to mdab7149$fabric-rendering-v1$lambda$wrapHotbar$3$13 in fabric-rendering-v1.mixins.json:InGameHudMixin from mod fabric-rendering-v1
[12:26:30] [Render thread/DEBUG] (FabricLoader/Mixin) Renaming synthetic method lambda$wrapSpectatorMenu$2(Lcom/llamalad7/mixinextras/injector/wrapoperation/Operation;Lnet/minecraft/client/gui/components/spectator/SpectatorGui;Lnet/minecraft/client/gui/GuiGraphics;Lnet/minecraft/client/DeltaTracker;)V to mdab7149$fabric-rendering-v1$lambda$wrapSpectatorMenu$2$14 in fabric-rendering-v1.mixins.json:InGameHudMixin from mod fabric-rendering-v1
[12:26:30] [Render thread/DEBUG] (FabricLoader/Mixin) Renaming synthetic method lambda$wrapCrosshair$1(Lcom/llamalad7/mixinextras/injector/wrapoperation/Operation;Lnet/minecraft/client/gui/Gui;Lnet/minecraft/client/gui/GuiGraphics;Lnet/minecraft/client/DeltaTracker;)V to mdab7149$fabric-rendering-v1$lambda$wrapCrosshair$1$15 in fabric-rendering-v1.mixins.json:InGameHudMixin from mod fabric-rendering-v1
[12:26:30] [Render thread/DEBUG] (FabricLoader/Mixin) Renaming synthetic method lambda$wrapMiscOverlays$0(Lcom/llamalad7/mixinextras/injector/wrapoperation/Operation;Lnet/minecraft/client/gui/Gui;Lnet/minecraft/client/gui/GuiGraphics;Lnet/minecraft/client/DeltaTracker;)V to mdab7149$fabric-rendering-v1$lambda$wrapMiscOverlays$0$16 in fabric-rendering-v1.mixins.json:InGameHudMixin from mod fabric-rendering-v1
[12:26:30] [Render thread/DEBUG] (FabricLoader/Mixin) mixins.iris.json:gui.MixinGui from mod iris->@Inject::iris$disableVignetteRendering(Lnet/minecraft/client/gui/GuiGraphics;Lnet/minecraft/world/entity/Entity;Lorg/spongepowered/asm/mixin/injection/callback/CallbackInfo;)V does use it's CallbackInfo
[12:26:30] [Render thread/DEBUG] (FabricLoader/Mixin) betterf3.mixins.json:scoreboard.ScoreboardMixin from mod betterf3->@Inject::init(Lorg/spongepowered/asm/mixin/injection/callback/CallbackInfo;)V does use it's CallbackInfo
[12:26:30] [Render thread/DEBUG] (FabricLoader/Mixin) gammautils.mixins.json:MixinInGameHud from mod gammautils->@Inject::getGammaTexture(Lnet/minecraft/core/Holder;Lorg/spongepowered/asm/mixin/injection/callback/CallbackInfoReturnable;)V does use it's CallbackInfoReturnable
[12:26:30] [Render thread/DEBUG] (FabricLoader/Mixin) fabric-rendering-v1.mixins.json:InGameHudMixin from mod fabric-rendering-v1->@Inject::render(Lnet/minecraft/client/gui/GuiGraphics;Lnet/minecraft/client/DeltaTracker;Lorg/spongepowered/asm/mixin/injection/callback/CallbackInfo;)V doesn't use it's CallbackInfo
[12:26:30] [Render thread/DEBUG] (FabricLoader/Mixin) fabric-rendering-v1.mixins.json:InGameHudMixin from mod fabric-rendering-v1->@Inject::render(Lnet/minecraft/client/gui/GuiGraphics;Lnet/minecraft/client/DeltaTracker;Lorg/spongepowered/asm/mixin/injection/callback/CallbackInfo;)V has 0 override(s) in child classes
[12:26:30] [Render thread/DEBUG] (FabricLoader/Mixin) fabric-rendering-v1.mixins.json:InGameHudMixin from mod fabric-rendering-v1->@Inject::render(Lnet/minecraft/client/gui/GuiGraphics;Lnet/minecraft/client/DeltaTracker;Lorg/spongepowered/asm/mixin/injection/callback/CallbackInfo;)V won't be passed a CallbackInfo as a result
[12:26:30] [Render thread/DEBUG] (FabricLoader/Mixin) Mixing DebugMixin from betterf3.mixins.json into net.minecraft.client.gui.components.DebugScreenOverlay
[12:26:30] [Render thread/DEBUG] (FabricLoader/Mixin) betterf3.mixins.json:DebugMixin from mod betterf3: Class version 65 required is higher than the class version supported by the current version of Mixin (JAVA_17 supports class version 61)
[12:26:30] [Render thread/DEBUG] (FabricLoader/Mixin) Mixing autof3.DebugOptionMixin from betterf3.mixins.json into net.minecraft.client.gui.components.DebugScreenOverlay
[12:26:30] [Render thread/DEBUG] (FabricLoader/Mixin) betterf3.mixins.json:autof3.DebugOptionMixin from mod betterf3: Class version 65 required is higher than the class version supported by the current version of Mixin (JAVA_17 supports class version 61)
[12:26:30] [Render thread/DEBUG] (FabricLoader/Mixin) Mixing FabricDebugMixin from betterf3.fabric.mixins.json into net.minecraft.client.gui.components.DebugScreenOverlay
[12:26:30] [Render thread/DEBUG] (FabricLoader/Mixin) Mixing DebugHudMixin from entityculling.mixins.json into net.minecraft.client.gui.components.DebugScreenOverlay
[12:26:30] [Render thread/DEBUG] (FabricLoader/Mixin) entityculling.mixins.json:DebugHudMixin from mod entityculling: Class version 65 required is higher than the class version supported by the current version of Mixin (JAVA_16 supports class version 60)
[12:26:30] [Render thread/DEBUG] (FabricLoader/Mixin) betterf3.mixins.json:DebugMixin from mod betterf3->@Inject::renderBefore(Lnet/minecraft/client/gui/GuiGraphics;Lorg/spongepowered/asm/mixin/injection/callback/CallbackInfo;)V doesn't use it's CallbackInfo
[12:26:30] [Render thread/DEBUG] (FabricLoader/Mixin) betterf3.mixins.json:DebugMixin from mod betterf3->@Inject::renderBefore(Lnet/minecraft/client/gui/GuiGraphics;Lorg/spongepowered/asm/mixin/injection/callback/CallbackInfo;)V has 0 override(s) in child classes
[12:26:30] [Render thread/DEBUG] (FabricLoader/Mixin) betterf3.mixins.json:DebugMixin from mod betterf3->@Inject::renderBefore(Lnet/minecraft/client/gui/GuiGraphics;Lorg/spongepowered/asm/mixin/injection/callback/CallbackInfo;)V won't be passed a CallbackInfo as a result
[12:26:30] [Render thread/DEBUG] (FabricLoader/Mixin) betterf3.mixins.json:DebugMixin from mod betterf3->@Inject::renderFontScaleBefore(Lnet/minecraft/client/gui/GuiGraphics;Lorg/spongepowered/asm/mixin/injection/callback/CallbackInfo;)V doesn't use it's CallbackInfo
[12:26:30] [Render thread/DEBUG] (FabricLoader/Mixin) betterf3.mixins.json:DebugMixin from mod betterf3->@Inject::renderFontScaleBefore(Lnet/minecraft/client/gui/GuiGraphics;Lorg/spongepowered/asm/mixin/injection/callback/CallbackInfo;)V has 0 override(s) in child classes
[12:26:30] [Render thread/DEBUG] (FabricLoader/Mixin) betterf3.mixins.json:DebugMixin from mod betterf3->@Inject::renderFontScaleBefore(Lnet/minecraft/client/gui/GuiGraphics;Lorg/spongepowered/asm/mixin/injection/callback/CallbackInfo;)V won't be passed a CallbackInfo as a result
[12:26:30] [Render thread/DEBUG] (FabricLoader/Mixin) betterf3.mixins.json:DebugMixin from mod betterf3->@Inject::renderAnimation(Lnet/minecraft/client/gui/GuiGraphics;Lorg/spongepowered/asm/mixin/injection/callback/CallbackInfo;)V doesn't use it's CallbackInfo
[12:26:30] [Render thread/DEBUG] (FabricLoader/Mixin) betterf3.mixins.json:DebugMixin from mod betterf3->@Inject::renderAnimation(Lnet/minecraft/client/gui/GuiGraphics;Lorg/spongepowered/asm/mixin/injection/callback/CallbackInfo;)V has 0 override(s) in child classes
[12:26:30] [Render thread/DEBUG] (FabricLoader/Mixin) betterf3.mixins.json:DebugMixin from mod betterf3->@Inject::renderAnimation(Lnet/minecraft/client/gui/GuiGraphics;Lorg/spongepowered/asm/mixin/injection/callback/CallbackInfo;)V won't be passed a CallbackInfo as a result
[12:26:30] [Render thread/DEBUG] (FabricLoader/Mixin) betterf3.mixins.json:autof3.DebugOptionMixin from mod betterf3->@Inject::addAutomaticDebugOption(Lnet/minecraft/client/Minecraft;Lorg/spongepowered/asm/mixin/injection/callback/CallbackInfo;)V doesn't use it's CallbackInfo
[12:26:30] [Render thread/DEBUG] (FabricLoader/Mixin) betterf3.mixins.json:autof3.DebugOptionMixin from mod betterf3->@Inject::addAutomaticDebugOption(Lnet/minecraft/client/Minecraft;Lorg/spongepowered/asm/mixin/injection/callback/CallbackInfo;)V has 0 override(s) in child classes
[12:26:30] [Render thread/DEBUG] (FabricLoader/Mixin) betterf3.mixins.json:autof3.DebugOptionMixin from mod betterf3->@Inject::addAutomaticDebugOption(Lnet/minecraft/client/Minecraft;Lorg/spongepowered/asm/mixin/injection/callback/CallbackInfo;)V won't be passed a CallbackInfo as a result
[12:26:30] [Render thread/DEBUG] (FabricLoader/Mixin) betterf3.mixins.json:autof3.DebugOptionMixin from mod betterf3->@Inject::automaticF3(Lorg/spongepowered/asm/mixin/injection/callback/CallbackInfo;)V doesn't use it's CallbackInfo
[12:26:30] [Render thread/DEBUG] (FabricLoader/Mixin) betterf3.mixins.json:autof3.DebugOptionMixin from mod betterf3->@Inject::automaticF3(Lorg/spongepowered/asm/mixin/injection/callback/CallbackInfo;)V has 0 override(s) in child classes
[12:26:30] [Render thread/DEBUG] (FabricLoader/Mixin) betterf3.mixins.json:autof3.DebugOptionMixin from mod betterf3->@Inject::automaticF3(Lorg/spongepowered/asm/mixin/injection/callback/CallbackInfo;)V won't be passed a CallbackInfo as a result
[12:26:30] [Render thread/DEBUG] (FabricLoader/Mixin) betterf3.mixins.json:autof3.DebugOptionMixin from mod betterf3->@Inject::shouldRenderDebug(Lorg/spongepowered/asm/mixin/injection/callback/CallbackInfoReturnable;)V does use it's CallbackInfoReturnable
[12:26:30] [Render thread/DEBUG] (FabricLoader/Mixin) betterf3.fabric.mixins.json:FabricDebugMixin from mod betterf3->@Inject::drawText(Lnet/minecraft/client/gui/GuiGraphics;Ljava/util/List;ZLorg/spongepowered/asm/mixin/injection/callback/CallbackInfo;)V does use it's CallbackInfo
[12:26:30] [Render thread/DEBUG] (FabricLoader/Mixin) Mixing bossbar.BossbarMixin from betterf3.mixins.json into net.minecraft.client.gui.components.BossHealthOverlay
[12:26:30] [Render thread/DEBUG] (FabricLoader/Mixin) betterf3.mixins.json:bossbar.BossbarMixin from mod betterf3: Class version 65 required is higher than the class version supported by the current version of Mixin (JAVA_17 supports class version 61)
[12:26:30] [Render thread/DEBUG] (FabricLoader/Mixin) betterf3.mixins.json:bossbar.BossbarMixin from mod betterf3->@Inject::init(Lorg/spongepowered/asm/mixin/injection/callback/CallbackInfo;)V does use it's CallbackInfo
[12:26:30] [Render thread/DEBUG] (FabricLoader/Mixin) Mixing ResourceMixin from fabric-resource-loader-v0.mixins.json into net.minecraft.server.packs.resources.Resource
[12:26:30] [Render thread/DEBUG] (FabricLoader/Mixin) Mixing MixinCompiledShaderProgram from mixins.iris.json into com.mojang.blaze3d.opengl.GlProgram
[12:26:30] [Render thread/DEBUG] (FabricLoader/Mixin) mixins.iris.json:MixinCompiledShaderProgram from mod iris: Class version 65 required is higher than the class version supported by the current version of Mixin (JAVA_8 supports class version 52)
[12:26:30] [Render thread/DEBUG] (FabricLoader/Mixin) Mixing MessageHandlerMixin from fabric-message-api-v1.client.mixins.json into net.minecraft.client.multiplayer.chat.ChatListener
[12:26:30] [Render thread/DEBUG] (FabricLoader/Mixin) fabric-message-api-v1.client.mixins.json:MessageHandlerMixin from mod fabric-message-api-v1->@Inject::fabric_onSignedChatMessage(Lnet/minecraft/network/chat/ChatType$Bound;Lnet/minecraft/network/chat/PlayerChatMessage;Lnet/minecraft/network/chat/Component;Lcom/mojang/authlib/GameProfile;ZLjava/time/Instant;Lorg/spongepowered/asm/mixin/injection/callback/CallbackInfoReturnable;)V does use it's CallbackInfoReturnable
[12:26:30] [Render thread/DEBUG] (FabricLoader/Mixin) fabric-message-api-v1.client.mixins.json:MessageHandlerMixin from mod fabric-message-api-v1->@Inject::fabric_onFilteredSignedChatMessage(Lnet/minecraft/network/chat/ChatType$Bound;Lnet/minecraft/network/chat/PlayerChatMessage;Lnet/minecraft/network/chat/Component;Lcom/mojang/authlib/GameProfile;ZLjava/time/Instant;Lorg/spongepowered/asm/mixin/injection/callback/CallbackInfoReturnable;)V does use it's CallbackInfoReturnable
[12:26:30] [Render thread/DEBUG] (FabricLoader/Mixin) fabric-message-api-v1.client.mixins.json:MessageHandlerMixin from mod fabric-message-api-v1->@Inject::fabric_onProfilelessChatMessage(Lnet/minecraft/network/chat/ChatType$Bound;Lnet/minecraft/network/chat/Component;Ljava/time/Instant;Lorg/spongepowered/asm/mixin/injection/callback/CallbackInfoReturnable;)V does use it's CallbackInfoReturnable
[12:26:30] [Render thread/DEBUG] (FabricLoader/Mixin) fabric-message-api-v1.client.mixins.json:MessageHandlerMixin from mod fabric-message-api-v1->@Inject::fabric_allowGameMessage(Lnet/minecraft/network/chat/Component;ZLorg/spongepowered/asm/mixin/injection/callback/CallbackInfo;)V does use it's CallbackInfo
[12:26:30] [Render thread/DEBUG] (FabricLoader/Mixin) Mixing RecipeManagerMixin from fabric-recipe-api-v1.mixins.json into net.minecraft.world.item.crafting.RecipeAccess
[12:26:30] [Download-2/DEBUG] (com.mojang.realmsclient.client.RealmsClient) Fetched Realms feature flags: [realms_in_aks]
[12:26:30] [Render thread/INFO] (net.minecraft.server.packs.resources.ReloadableResourceManager) Reloading ResourceManager: vanilla, fabric, badoptimizations, betterf3, cloth-config, cubes-without-borders, devauth, entityculling, fabric-api, fabric-api-base, fabric-api-lookup-api-v1, fabric-biome-api-v1, fabric-block-api-v1, fabric-block-view-api-v2, fabric-client-gametest-api-v1, fabric-command-api-v2, fabric-content-registries-v0, fabric-convention-tags-v1, fabric-convention-tags-v2, fabric-crash-report-info-v1, fabric-data-attachment-api-v1, fabric-data-generation-api-v1, fabric-dimensions-v1, fabric-entity-events-v1, fabric-events-interaction-v0, fabric-game-rule-api-v1, fabric-gametest-api-v1, fabric-item-api-v1, fabric-item-group-api-v1, fabric-key-binding-api-v1, fabric-language-kotlin, fabric-lifecycle-events-v1, fabric-loot-api-v2, fabric-loot-api-v3, fabric-message-api-v1, fabric-model-loading-api-v1, fabric-networking-api-v1, fabric-object-builder-api-v1, fabric-particles-v1, fabric-recipe-api-v1, fabric-registry-sync-v0, fabric-renderer-api-v1, fabric-renderer-indigo, fabric-rendering-fluids-v1, fabric-rendering-v1, fabric-resource-conditions-api-v1, fabric-resource-loader-v0, fabric-resource-loader-v1, fabric-screen-api-v1, fabric-screen-handler-api-v1, fabric-serialization-api-v1, fabric-sound-api-v1, fabric-tag-api-v1, fabric-transfer-api-v1, fabric-transitive-access-wideners-v1, fabricloader, gammautils, immediatelyfast, infernum, iris, modmenu, sodium, trender, file/!      §fp§9rism §8[§f16§9x§8] [1.21].zip
[12:26:30] [Render thread/DEBUG] (FabricLoader/Mixin) Mixing SimpleResourceReloadMixin from fabric-resource-loader-v1.mixins.json into net.minecraft.server.packs.resources.SimpleReloadInstance
[12:26:30] [Render thread/DEBUG] (FabricLoader/Mixin) Mixing client.sprite.SpriteLoaderStitchResultMixin from fabric-renderer-api-v1.mixins.json into net.minecraft.client.renderer.texture.SpriteLoader$Preparations
[12:26:30] [Render thread/DEBUG] (FabricLoader/Mixin) Mixing texture.MixinSpriteContents from mixins.iris.json into net.minecraft.client.renderer.texture.SpriteContents
[12:26:30] [Render thread/DEBUG] (FabricLoader/Mixin) mixins.iris.json:texture.MixinSpriteContents from mod iris: Class version 65 required is higher than the class version supported by the current version of Mixin (JAVA_8 supports class version 52)
[12:26:30] [Render thread/DEBUG] (FabricLoader/Mixin) Mixing texture.SpriteContentsAccessor from mixins.iris.json into net.minecraft.client.renderer.texture.SpriteContents
[12:26:30] [Render thread/DEBUG] (FabricLoader/Mixin) mixins.iris.json:texture.SpriteContentsAccessor from mod iris: Class version 65 required is higher than the class version supported by the current version of Mixin (JAVA_8 supports class version 52)
[12:26:30] [Render thread/DEBUG] (FabricLoader/Mixin) Mixing texture.pbr.MixinSpriteContents from mixins.iris.json into net.minecraft.client.renderer.texture.SpriteContents
[12:26:30] [Render thread/DEBUG] (FabricLoader/Mixin) mixins.iris.json:texture.pbr.MixinSpriteContents from mod iris: Class version 65 required is higher than the class version supported by the current version of Mixin (JAVA_8 supports class version 52)
[12:26:30] [Render thread/DEBUG] (FabricLoader/Mixin) Mixing features.textures.SpriteContentsInvoker from sodium-common.mixins.json into net.minecraft.client.renderer.texture.SpriteContents
[12:26:30] [Render thread/DEBUG] (FabricLoader/Mixin) sodium-common.mixins.json:features.textures.SpriteContentsInvoker from mod sodium: Class version 65 required is higher than the class version supported by the current version of Mixin (JAVA_17 supports class version 61)
[12:26:30] [Render thread/DEBUG] (FabricLoader/Mixin) Mixing features.textures.animations.tracking.SpriteContentsMixin from sodium-common.mixins.json into net.minecraft.client.renderer.texture.SpriteContents
[12:26:30] [Render thread/DEBUG] (FabricLoader/Mixin) sodium-common.mixins.json:features.textures.animations.tracking.SpriteContentsMixin from mod sodium: Class version 65 required is higher than the class version supported by the current version of Mixin (JAVA_17 supports class version 61)
[12:26:30] [Render thread/DEBUG] (FabricLoader/Mixin) Mixing features.textures.animations.upload.SpriteContentsAccessor from sodium-common.mixins.json into net.minecraft.client.renderer.texture.SpriteContents
[12:26:30] [Render thread/DEBUG] (FabricLoader/Mixin) sodium-common.mixins.json:features.textures.animations.upload.SpriteContentsAccessor from mod sodium: Class version 65 required is higher than the class version supported by the current version of Mixin (JAVA_17 supports class version 61)
[12:26:30] [Render thread/DEBUG] (FabricLoader/Mixin) Mixing features.textures.mipmaps.SpriteContentsMixin from sodium-common.mixins.json into net.minecraft.client.renderer.texture.SpriteContents
[12:26:30] [Render thread/DEBUG] (FabricLoader/Mixin) sodium-common.mixins.json:features.textures.mipmaps.SpriteContentsMixin from mod sodium: Class version 65 required is higher than the class version supported by the current version of Mixin (JAVA_17 supports class version 61)
[12:26:30] [Render thread/DEBUG] (FabricLoader/Mixin) Mixing features.textures.scan.SpriteContentsMixin from sodium-common.mixins.json into net.minecraft.client.renderer.texture.SpriteContents
[12:26:30] [Render thread/DEBUG] (FabricLoader/Mixin) sodium-common.mixins.json:features.textures.scan.SpriteContentsMixin from mod sodium: Class version 65 required is higher than the class version supported by the current version of Mixin (JAVA_17 supports class version 61)
[12:26:30] [Render thread/DEBUG] (FabricLoader/Mixin) mixins.iris.json:texture.MixinSpriteContents from mod iris->@Inject::onReturnCreateTicker(Lorg/spongepowered/asm/mixin/injection/callback/CallbackInfoReturnable;)V does use it's CallbackInfoReturnable
[12:26:30] [Render thread/DEBUG] (FabricLoader/Mixin) mixins.iris.json:texture.pbr.MixinSpriteContents from mod iris->@Inject::iris$onTailClose(Lorg/spongepowered/asm/mixin/injection/callback/CallbackInfo;)V doesn't use it's CallbackInfo
[12:26:30] [Render thread/DEBUG] (FabricLoader/Mixin) mixins.iris.json:texture.pbr.MixinSpriteContents from mod iris->@Inject::iris$onTailClose(Lorg/spongepowered/asm/mixin/injection/callback/CallbackInfo;)V has 0 override(s) in child classes
[12:26:30] [Render thread/DEBUG] (FabricLoader/Mixin) mixins.iris.json:texture.pbr.MixinSpriteContents from mod iris->@Inject::iris$onTailClose(Lorg/spongepowered/asm/mixin/injection/callback/CallbackInfo;)V won't be passed a CallbackInfo as a result
[12:26:30] [Render thread/DEBUG] (FabricLoader/Mixin) mixins.iris.json:texture.pbr.MixinSpriteContents from mod iris->@Inject::iris$onTailMarkActive(Lorg/spongepowered/asm/mixin/injection/callback/CallbackInfo;)V doesn't use it's CallbackInfo
[12:26:30] [Render thread/DEBUG] (FabricLoader/Mixin) mixins.iris.json:texture.pbr.MixinSpriteContents from mod iris->@Inject::iris$onTailMarkActive(Lorg/spongepowered/asm/mixin/injection/callback/CallbackInfo;)V has 0 override(s) in child classes
[12:26:30] [Render thread/DEBUG] (FabricLoader/Mixin) mixins.iris.json:texture.pbr.MixinSpriteContents from mod iris->@Inject::iris$onTailMarkActive(Lorg/spongepowered/asm/mixin/injection/callback/CallbackInfo;)V won't be passed a CallbackInfo as a result
[12:26:30] [Worker-Main-7/DEBUG] (FabricLoader/Mixin) Mixing texture.AnimationMetadataSectionAccessor from mixins.iris.json into net.minecraft.client.resources.metadata.animation.AnimationMetadataSection
[12:26:30] [Worker-Main-7/DEBUG] (FabricLoader/Mixin) mixins.iris.json:texture.AnimationMetadataSectionAccessor from mod iris: Class version 65 required is higher than the class version supported by the current version of Mixin (JAVA_8 supports class version 52)
[12:26:30] [Worker-Main-7/DEBUG] (FabricLoader/Mixin) Mixing texture.SpriteContentsAnimatedTextureAccessor from mixins.iris.json into net.minecraft.client.renderer.texture.SpriteContents$AnimatedTexture
[12:26:30] [Worker-Main-7/DEBUG] (FabricLoader/Mixin) mixins.iris.json:texture.SpriteContentsAnimatedTextureAccessor from mod iris: Class version 65 required is higher than the class version supported by the current version of Mixin (JAVA_8 supports class version 52)
[12:26:30] [Worker-Main-7/DEBUG] (FabricLoader/Mixin) Mixing features.textures.animations.tracking.AnimatedTextureAccessor from sodium-common.mixins.json into net.minecraft.client.renderer.texture.SpriteContents$AnimatedTexture
[12:26:30] [Worker-Main-7/DEBUG] (FabricLoader/Mixin) sodium-common.mixins.json:features.textures.animations.tracking.AnimatedTextureAccessor from mod sodium: Class version 65 required is higher than the class version supported by the current version of Mixin (JAVA_17 supports class version 61)
[12:26:30] [Worker-Main-7/DEBUG] (FabricLoader/Mixin) Mixing features.textures.animations.upload.SpriteContentsAnimatedTextureAccessor from sodium-common.mixins.json into net.minecraft.client.renderer.texture.SpriteContents$AnimatedTexture
[12:26:30] [Worker-Main-7/DEBUG] (FabricLoader/Mixin) sodium-common.mixins.json:features.textures.animations.upload.SpriteContentsAnimatedTextureAccessor from mod sodium: Class version 65 required is higher than the class version supported by the current version of Mixin (JAVA_17 supports class version 61)
[12:26:30] [Worker-Main-7/DEBUG] (FabricLoader/Mixin) Unexpected: Registered method getFrames()Ljava/util/List; in net.minecraft.client.renderer.texture.SpriteContents$AnimatedTexture was not merged
[12:26:30] [Worker-Main-7/DEBUG] (FabricLoader/Mixin) Unexpected: Registered method getFrames()Ljava/util/List; in net.minecraft.client.renderer.texture.SpriteContents$AnimatedTexture was not merged
[12:26:30] [Render thread/DEBUG] (FabricLoader/Mixin) Mixing modification.DynamicRegistryManagerImmutableImplMixin from fabric-biome-api-v1.mixins.json into net.minecraft.core.RegistryAccess$ImmutableRegistryAccess
[12:26:30] [Worker-Main-6/DEBUG] (FabricLoader/Mixin) Mixing texture.SpriteContentsFrameInfoAccessor from mixins.iris.json into net.minecraft.client.renderer.texture.SpriteContents$FrameInfo
[12:26:30] [Worker-Main-6/DEBUG] (FabricLoader/Mixin) mixins.iris.json:texture.SpriteContentsFrameInfoAccessor from mod iris: Class version 65 required is higher than the class version supported by the current version of Mixin (JAVA_8 supports class version 52)
[12:26:30] [Worker-Main-6/DEBUG] (FabricLoader/Mixin) Mixing features.textures.animations.tracking.SpriteContentsFrameInfoAccessor from sodium-common.mixins.json into net.minecraft.client.renderer.texture.SpriteContents$FrameInfo
[12:26:30] [Worker-Main-6/DEBUG] (FabricLoader/Mixin) sodium-common.mixins.json:features.textures.animations.tracking.SpriteContentsFrameInfoAccessor from mod sodium: Class version 65 required is higher than the class version supported by the current version of Mixin (JAVA_17 supports class version 61)
[12:26:30] [Worker-Main-6/DEBUG] (FabricLoader/Mixin) Mixing features.textures.animations.upload.SpriteContentsFrameInfoAccessor from sodium-common.mixins.json into net.minecraft.client.renderer.texture.SpriteContents$FrameInfo
[12:26:30] [Worker-Main-6/DEBUG] (FabricLoader/Mixin) sodium-common.mixins.json:features.textures.animations.upload.SpriteContentsFrameInfoAccessor from mod sodium: Class version 65 required is higher than the class version supported by the current version of Mixin (JAVA_17 supports class version 61)
[12:26:30] [Worker-Main-6/DEBUG] (FabricLoader/Mixin) Unexpected: Registered method getTime()I in net.minecraft.client.renderer.texture.SpriteContents$FrameInfo was not merged
[12:26:30] [Worker-Main-6/DEBUG] (FabricLoader/Mixin) Unexpected: Registered method getTime()I in net.minecraft.client.renderer.texture.SpriteContents$FrameInfo was not merged
[12:26:30] [Worker-Main-6/DEBUG] (FabricLoader/Mixin) Unexpected: Registered method getIndex()I in net.minecraft.client.renderer.texture.SpriteContents$FrameInfo was not merged
[12:26:30] [Render thread/DEBUG] (FabricLoader/Mixin) Mixing DrawAccessor from fabric-rendering-v1.mixins.json into net.minecraft.client.gui.render.GuiRenderer$Draw
[12:26:30] [Render thread/DEBUG] (com.mojang.blaze3d.systems.RenderSystem) Growing IndexBuffer: Old limit 0, new limit 60.
[12:26:30] [Worker-Main-3/DEBUG] (FabricLoader/Mixin) Mixing EntityModelsMixin from fabric-rendering-v1.mixins.json into net.minecraft.client.model.geom.LayerDefinitions
[12:26:30] [Worker-Main-3/DEBUG] (FabricLoader/Mixin) fabric-rendering-v1.mixins.json:EntityModelsMixin from mod fabric-rendering-v1->@Inject::registerExtraModelData(Lorg/spongepowered/asm/mixin/injection/callback/CallbackInfoReturnable;)V doesn't use it's CallbackInfoReturnable
[12:26:30] [Render thread/DEBUG] (FabricLoader/Mixin) Mixing core.render.frustum.FrustumMixin from sodium-common.mixins.json into net.minecraft.client.renderer.culling.Frustum
[12:26:30] [Render thread/DEBUG] (FabricLoader/Mixin) sodium-common.mixins.json:core.render.frustum.FrustumMixin from mod sodium: Class version 65 required is higher than the class version supported by the current version of Mixin (JAVA_17 supports class version 61)
[12:26:30] [Worker-Main-14/INFO] (net.minecraft.client.gui.font.providers.UnihexProvider) Found unifont_all_no_pua-16.0.03.hex, loading
[12:26:30] [Worker-Main-8/INFO] (net.minecraft.client.gui.font.providers.UnihexProvider) Found unifont_pua-16.0.03.hex, loading
[12:26:30] [Render thread/DEBUG] (FabricLoader/Mixin) Mixing MixinRenderPass from mixins.iris.json into com.mojang.blaze3d.opengl.GlRenderPass
[12:26:30] [Render thread/DEBUG] (FabricLoader/Mixin) mixins.iris.json:MixinRenderPass from mod iris: Class version 65 required is higher than the class version supported by the current version of Mixin (JAVA_8 supports class version 52)
[12:26:30] [Render thread/DEBUG] (FabricLoader/Mixin) Mixing entity_render_context.MixinModelStorageTrigger from mixins.iris.json into net.minecraft.client.renderer.SubmitNodeCollection
[12:26:30] [Render thread/DEBUG] (FabricLoader/Mixin) mixins.iris.json:entity_render_context.MixinModelStorageTrigger from mod iris: Class version 65 required is higher than the class version supported by the current version of Mixin (JAVA_8 supports class version 52)
[12:26:30] [Render thread/DEBUG] (FabricLoader/Mixin) Mixing features.render.frapi.SubmitNodeCollectionMixin from sodium-common.mixins.json into net.minecraft.client.renderer.SubmitNodeCollection
[12:26:30] [Render thread/DEBUG] (FabricLoader/Mixin) sodium-common.mixins.json:features.render.frapi.SubmitNodeCollectionMixin from mod sodium: Class version 65 required is higher than the class version supported by the current version of Mixin (JAVA_17 supports class version 61)
[12:26:30] [Render thread/DEBUG] (FabricLoader/Mixin) Mixing client.block.render.BatchingRenderCommandQueueMixin from fabric-renderer-api-v1.mixins.json into net.minecraft.client.renderer.SubmitNodeCollection
[12:26:30] [Worker-Main-7/INFO] (net.minecraft.client.gui.font.providers.UnihexProvider) Found unifont_jp_patch-16.0.03.hex, loading
[12:26:30] [Render thread/DEBUG] (FabricLoader/Mixin) sodium-common.mixins.json:features.render.frapi.SubmitNodeCollectionMixin from mod sodium->@Inject::clear(Lorg/spongepowered/asm/mixin/injection/callback/CallbackInfo;)V doesn't use it's CallbackInfo
[12:26:30] [Render thread/DEBUG] (FabricLoader/Mixin) sodium-common.mixins.json:features.render.frapi.SubmitNodeCollectionMixin from mod sodium->@Inject::clear(Lorg/spongepowered/asm/mixin/injection/callback/CallbackInfo;)V has 0 override(s) in child classes
[12:26:30] [Render thread/DEBUG] (FabricLoader/Mixin) sodium-common.mixins.json:features.render.frapi.SubmitNodeCollectionMixin from mod sodium->@Inject::clear(Lorg/spongepowered/asm/mixin/injection/callback/CallbackInfo;)V won't be passed a CallbackInfo as a result
[12:26:30] [Render thread/DEBUG] (FabricLoader/Mixin) fabric-renderer-api-v1.mixins.json:client.block.render.BatchingRenderCommandQueueMixin from mod fabric-renderer-api-v1->@Inject::onReturnClear(Lorg/spongepowered/asm/mixin/injection/callback/CallbackInfo;)V doesn't use it's CallbackInfo
[12:26:30] [Render thread/DEBUG] (FabricLoader/Mixin) fabric-renderer-api-v1.mixins.json:client.block.render.BatchingRenderCommandQueueMixin from mod fabric-renderer-api-v1->@Inject::onReturnClear(Lorg/spongepowered/asm/mixin/injection/callback/CallbackInfo;)V has 0 override(s) in child classes
[12:26:30] [Render thread/DEBUG] (FabricLoader/Mixin) fabric-renderer-api-v1.mixins.json:client.block.render.BatchingRenderCommandQueueMixin from mod fabric-renderer-api-v1->@Inject::onReturnClear(Lorg/spongepowered/asm/mixin/injection/callback/CallbackInfo;)V won't be passed a CallbackInfo as a result
[12:26:30] [Worker-Main-6/DEBUG] (FabricLoader/Mixin) Mixing JsonUnbakedModelAccessor from fabric-model-loading-api-v1.mixins.json into net.minecraft.client.renderer.block.model.BlockModel
[12:26:30] [Worker-Main-6/DEBUG] (FabricLoader/Mixin) Mixing JsonUnbakedModelMixin from fabric-model-loading-api-v1.mixins.json into net.minecraft.client.renderer.block.model.BlockModel
[12:26:30] [Worker-Main-3/DEBUG] (FabricLoader/Mixin) Mixing EntityModelLayersMixin from fabric-object-builder-v1.client.mixins.json into net.minecraft.client.model.geom.ModelLayers
[12:26:30] [Worker-Main-3/DEBUG] (FabricLoader/Mixin) Renaming synthetic method lambda$createHangingSign$0(Lnet/minecraft/client/renderer/blockentity/HangingSignRenderer$AttachmentType;Ljava/lang/String;)Ljava/lang/String; to mdab7149$fabric-object-builder-api-v1$lambda$createHangingSign$0$0 in fabric-object-builder-v1.client.mixins.json:EntityModelLayersMixin from mod fabric-object-builder-api-v1
[12:26:30] [Worker-Main-3/DEBUG] (FabricLoader/Mixin) Mixing EntityModelLayersAccessor from fabric-rendering-v1.mixins.json into net.minecraft.client.model.geom.ModelLayers
[12:26:30] [Worker-Main-3/DEBUG] (FabricLoader/Mixin) Renaming @Accessor method getLayers()Ljava/util/Set; to getLayers$fabric-rendering-v1_$md$ab7149$1 in fabric-rendering-v1.mixins.json:EntityModelLayersAccessor from mod fabric-rendering-v1
[12:26:30] [Worker-Main-3/DEBUG] (FabricLoader/Mixin) fabric-object-builder-v1.client.mixins.json:EntityModelLayersMixin from mod fabric-object-builder-api-v1->@Inject::createStandingSign(Lnet/minecraft/world/level/block/state/properties/WoodType;Lorg/spongepowered/asm/mixin/injection/callback/CallbackInfoReturnable;)V does use it's CallbackInfoReturnable
[12:26:30] [Worker-Main-3/DEBUG] (FabricLoader/Mixin) fabric-object-builder-v1.client.mixins.json:EntityModelLayersMixin from mod fabric-object-builder-api-v1->@Inject::createWallSign(Lnet/minecraft/world/level/block/state/properties/WoodType;Lorg/spongepowered/asm/mixin/injection/callback/CallbackInfoReturnable;)V does use it's CallbackInfoReturnable
[12:26:30] [Worker-Main-3/DEBUG] (FabricLoader/Mixin) fabric-object-builder-v1.client.mixins.json:EntityModelLayersMixin from mod fabric-object-builder-api-v1->@Inject::createHangingSign(Lnet/minecraft/world/level/block/state/properties/WoodType;Lnet/minecraft/client/renderer/blockentity/HangingSignRenderer$AttachmentType;Lorg/spongepowered/asm/mixin/injection/callback/CallbackInfoReturnable;)V does use it's CallbackInfoReturnable
[12:26:30] [Worker-Main-3/DEBUG] (FabricLoader/Mixin) Mixing EntityRendererMixin from transition.mixins.json into net.minecraft.client.renderer.entity.EntityRenderer
[12:26:30] [Worker-Main-3/DEBUG] (FabricLoader/Mixin) Mixing entity_render_context.MixinEntityRenderer from mixins.iris.json into net.minecraft.client.renderer.entity.EntityRenderer
[12:26:30] [Worker-Main-3/DEBUG] (FabricLoader/Mixin) mixins.iris.json:entity_render_context.MixinEntityRenderer from mod iris: Class version 65 required is higher than the class version supported by the current version of Mixin (JAVA_8 supports class version 52)
[12:26:30] [Worker-Main-3/DEBUG] (FabricLoader/Mixin) Mixing core.render.world.EntityRendererAccessor from sodium-common.mixins.json into net.minecraft.client.renderer.entity.EntityRenderer
[12:26:30] [Worker-Main-3/DEBUG] (FabricLoader/Mixin) sodium-common.mixins.json:core.render.world.EntityRendererAccessor from mod sodium: Class version 65 required is higher than the class version supported by the current version of Mixin (JAVA_17 supports class version 61)
[12:26:30] [Worker-Main-3/DEBUG] (FabricLoader/Mixin) Mixing features.render.entity.cull.EntityRendererMixin from sodium-common.mixins.json into net.minecraft.client.renderer.entity.EntityRenderer
[12:26:30] [Worker-Main-3/DEBUG] (FabricLoader/Mixin) sodium-common.mixins.json:features.render.entity.cull.EntityRendererMixin from mod sodium: Class version 65 required is higher than the class version supported by the current version of Mixin (JAVA_17 supports class version 61)
[12:26:30] [Worker-Main-3/DEBUG] (FabricLoader/Mixin) Mixing EntityRendererMixin from entityculling.mixins.json into net.minecraft.client.renderer.entity.EntityRenderer
[12:26:30] [Worker-Main-3/DEBUG] (FabricLoader/Mixin) entityculling.mixins.json:EntityRendererMixin from mod entityculling: Class version 65 required is higher than the class version supported by the current version of Mixin (JAVA_16 supports class version 60)
[12:26:30] [Worker-Main-3/DEBUG] (FabricLoader/Mixin) transition.mixins.json:EntityRendererMixin from mod transition->@Inject::extractRenderState(Lnet/minecraft/world/entity/Entity;Lnet/minecraft/client/renderer/entity/state/EntityRenderState;FLorg/spongepowered/asm/mixin/injection/callback/CallbackInfo;)V doesn't use it's CallbackInfo
[12:26:30] [Worker-Main-3/DEBUG] (FabricLoader/Mixin) transition.mixins.json:EntityRendererMixin from mod transition->@Inject::extractRenderState(Lnet/minecraft/world/entity/Entity;Lnet/minecraft/client/renderer/entity/state/EntityRenderState;FLorg/spongepowered/asm/mixin/injection/callback/CallbackInfo;)V has 0 override(s) in child classes
[12:26:30] [Worker-Main-3/DEBUG] (FabricLoader/Mixin) transition.mixins.json:EntityRendererMixin from mod transition->@Inject::extractRenderState(Lnet/minecraft/world/entity/Entity;Lnet/minecraft/client/renderer/entity/state/EntityRenderState;FLorg/spongepowered/asm/mixin/injection/callback/CallbackInfo;)V won't be passed a CallbackInfo as a result
[12:26:30] [Worker-Main-3/DEBUG] (FabricLoader/Mixin) Mixing features.render.entity.ModelPartMixin from sodium-common.mixins.json into net.minecraft.client.model.geom.ModelPart
[12:26:30] [Worker-Main-3/DEBUG] (FabricLoader/Mixin) sodium-common.mixins.json:features.render.entity.ModelPartMixin from mod sodium: Class version 65 required is higher than the class version supported by the current version of Mixin (JAVA_17 supports class version 61)
[12:26:30] [Worker-Main-3/DEBUG] (FabricLoader/Mixin) Mixing ModelPartAccessor from fabric-rendering-v1.mixins.json into net.minecraft.client.model.geom.ModelPart
[12:26:30] [Worker-Main-3/DEBUG] (FabricLoader/Mixin) Mixing features.render.entity.CubeMixin from sodium-common.mixins.json into net.minecraft.client.model.geom.ModelPart$Cube
[12:26:30] [Worker-Main-3/DEBUG] (FabricLoader/Mixin) sodium-common.mixins.json:features.render.entity.CubeMixin from mod sodium: Class version 65 required is higher than the class version supported by the current version of Mixin (JAVA_17 supports class version 61)
[12:26:30] [Worker-Main-3/DEBUG] (FabricLoader/Mixin) sodium-common.mixins.json:features.render.entity.CubeMixin from mod sodium->@Inject::onCompile(Lcom/mojang/blaze3d/vertex/PoseStack$Pose;Lcom/mojang/blaze3d/vertex/VertexConsumer;IIILorg/spongepowered/asm/mixin/injection/callback/CallbackInfo;)V does use it's CallbackInfo
[12:26:30] [Worker-Main-9/WARN] (net.minecraft.client.renderer.texture.SpriteLoader) Texture minecraft:particle/leaf_10 with size 5x5 limits mip level from 4 to 0
[12:26:30] [Worker-Main-9/WARN] (net.minecraft.client.renderer.texture.SpriteLoader) minecraft:textures/atlas/blocks.png: dropping miplevel from 4 to 0, because of minimum power of two: 1
[12:26:30] [Worker-Main-11/DEBUG] (FabricLoader/Mixin) Mixing client.block.model.MultipartBlockStateModelMixin from fabric-renderer-api-v1.mixins.json into net.minecraft.client.renderer.block.model.multipart.MultiPartModel
[12:26:30] [Worker-Main-11/DEBUG] (FabricLoader/Mixin) Mixing client.block.model.WeightedBlockStateModelMixin from fabric-renderer-api-v1.mixins.json into net.minecraft.client.resources.model.WeightedVariants
[12:26:30] [Worker-Main-11/DEBUG] (FabricLoader/Mixin) Mixing client.sprite.BakedModelManager1Mixin from fabric-renderer-api-v1.mixins.json into net.minecraft.client.resources.model.ModelManager$1
[12:26:30] [Worker-Main-11/DEBUG] (FabricLoader/Mixin) Mixing core.model.quad.BakedQuadMixin from sodium-fabric.mixins.json into net.minecraft.client.renderer.block.model.BakedQuad
[12:26:30] [Worker-Main-11/DEBUG] (FabricLoader/Mixin) sodium-fabric.mixins.json:core.model.quad.BakedQuadMixin from mod sodium: Class version 65 required is higher than the class version supported by the current version of Mixin (JAVA_17 supports class version 61)
[12:26:30] [Worker-Main-11/DEBUG] (FabricLoader/Mixin) Mixing BakedQuadAccess from ferritecore.accessors.mixin.json into net.minecraft.client.renderer.block.model.BakedQuad
[12:26:30] [Worker-Main-11/DEBUG] (FabricLoader/Mixin) ferritecore.accessors.mixin.json:BakedQuadAccess from mod ferritecore: Class version 65 required is higher than the class version supported by the current version of Mixin (JAVA_17 supports class version 61)
[12:26:30] [Worker-Main-11/DEBUG] (FabricLoader/Mixin) sodium-fabric.mixins.json:core.model.quad.BakedQuadMixin from mod sodium->@Inject::init([IILnet/minecraft/core/Direction;Lnet/minecraft/client/renderer/texture/TextureAtlasSprite;ZILorg/spongepowered/asm/mixin/injection/callback/CallbackInfo;)V doesn't use it's CallbackInfo
[12:26:30] [Worker-Main-11/DEBUG] (FabricLoader/Mixin) Mixing MixinBlockState from mixins.iris.json into net.minecraft.client.renderer.block.model.SimpleModelWrapper
[12:26:30] [Worker-Main-11/DEBUG] (FabricLoader/Mixin) mixins.iris.json:MixinBlockState from mod iris: Class version 65 required is higher than the class version supported by the current version of Mixin (JAVA_8 supports class version 52)
[12:26:30] [Worker-Main-11/DEBUG] (FabricLoader/Mixin) Mixing client.block.model.GeometryBakedModelMixin from fabric-renderer-api-v1.mixins.json into net.minecraft.client.renderer.block.model.SimpleModelWrapper
[12:26:30] [Worker-Main-11/DEBUG] (FabricLoader/Mixin) Renaming synthetic method lambda$emitQuads$0(Lnet/fabricmc/fabric/api/renderer/v1/mesh/MutableQuadView;)Z to mdab7149$fabric-renderer-api-v1$lambda$emitQuads$0$0 in fabric-renderer-api-v1.mixins.json:client.block.model.GeometryBakedModelMixin from mod fabric-renderer-api-v1
[12:26:30] [Worker-Main-15/DEBUG] (FabricLoader/Mixin) Mixing client.block.model.MultipartBlockStateModelMultipartBakedModelAccessor from fabric-renderer-api-v1.mixins.json into net.minecraft.client.renderer.block.model.multipart.MultiPartModel$SharedBakedState
[12:26:30] [Worker-Main-11/DEBUG] (FabricLoader/Mixin) Mixing ModelBakerBakedModelsMixin from fabric-model-loading-api-v1.mixins.json into net.minecraft.client.resources.model.ModelBakery$BakingResult
[12:26:31] [Render thread/INFO] (com.mojang.blaze3d.audio.Library) OpenAL initialized on device OpenAL Soft on Headphones (Twins Blaze )
[12:26:31] [Render thread/INFO] (net.minecraft.client.sounds.SoundEngine) Sound engine started
[12:26:31] [Render thread/INFO] (net.minecraft.client.renderer.texture.TextureAtlas) Created: 512x256x0 minecraft:textures/atlas/particles.png-atlas
[12:26:31] [Render thread/DEBUG] (FabricLoader/Mixin) Mixing texture.SpriteContentsTickerAccessor from mixins.iris.json into net.minecraft.client.renderer.texture.SpriteContents$Ticker
[12:26:31] [Render thread/DEBUG] (FabricLoader/Mixin) mixins.iris.json:texture.SpriteContentsTickerAccessor from mod iris: Class version 65 required is higher than the class version supported by the current version of Mixin (JAVA_8 supports class version 52)
[12:26:31] [Render thread/DEBUG] (FabricLoader/Mixin) Mixing features.textures.animations.tracking.SpriteContentsTickerMixin from sodium-common.mixins.json into net.minecraft.client.renderer.texture.SpriteContents$Ticker
[12:26:31] [Render thread/DEBUG] (FabricLoader/Mixin) sodium-common.mixins.json:features.textures.animations.tracking.SpriteContentsTickerMixin from mod sodium: Class version 65 required is higher than the class version supported by the current version of Mixin (JAVA_17 supports class version 61)
[12:26:31] [Render thread/DEBUG] (FabricLoader/Mixin) Mixing features.textures.animations.upload.SpriteContentsTickerAccessor from sodium-common.mixins.json into net.minecraft.client.renderer.texture.SpriteContents$Ticker
[12:26:31] [Render thread/DEBUG] (FabricLoader/Mixin) sodium-common.mixins.json:features.textures.animations.upload.SpriteContentsTickerAccessor from mod sodium: Class version 65 required is higher than the class version supported by the current version of Mixin (JAVA_17 supports class version 61)
[12:26:31] [Render thread/DEBUG] (FabricLoader/Mixin) sodium-common.mixins.json:features.textures.animations.tracking.SpriteContentsTickerMixin from mod sodium->@Inject::assignParent(Lnet/minecraft/client/renderer/texture/SpriteContents;Lnet/minecraft/client/renderer/texture/SpriteContents$AnimatedTexture;Lnet/minecraft/client/renderer/texture/SpriteContents$InterpolationData;Lorg/spongepowered/asm/mixin/injection/callback/CallbackInfo;)V doesn't use it's CallbackInfo
[12:26:31] [Render thread/DEBUG] (FabricLoader/Mixin) sodium-common.mixins.json:features.textures.animations.tracking.SpriteContentsTickerMixin from mod sodium->@Inject::assignParent(Lnet/minecraft/client/renderer/texture/SpriteContents;Lnet/minecraft/client/renderer/texture/SpriteContents$AnimatedTexture;Lnet/minecraft/client/renderer/texture/SpriteContents$InterpolationData;Lorg/spongepowered/asm/mixin/injection/callback/CallbackInfo;)V has 0 override(s) in child classes
[12:26:31] [Render thread/DEBUG] (FabricLoader/Mixin) sodium-common.mixins.json:features.textures.animations.tracking.SpriteContentsTickerMixin from mod sodium->@Inject::assignParent(Lnet/minecraft/client/renderer/texture/SpriteContents;Lnet/minecraft/client/renderer/texture/SpriteContents$AnimatedTexture;Lnet/minecraft/client/renderer/texture/SpriteContents$InterpolationData;Lorg/spongepowered/asm/mixin/injection/callback/CallbackInfo;)V won't be passed a CallbackInfo as a result
[12:26:31] [Render thread/DEBUG] (FabricLoader/Mixin) sodium-common.mixins.json:features.textures.animations.tracking.SpriteContentsTickerMixin from mod sodium->@Inject::preTick(Lorg/spongepowered/asm/mixin/injection/callback/CallbackInfo;)V does use it's CallbackInfo
[12:26:31] [Render thread/DEBUG] (FabricLoader/Mixin) sodium-common.mixins.json:features.textures.animations.tracking.SpriteContentsTickerMixin from mod sodium->@Inject::postTick(Lorg/spongepowered/asm/mixin/injection/callback/CallbackInfo;)V doesn't use it's CallbackInfo
[12:26:31] [Render thread/DEBUG] (FabricLoader/Mixin) sodium-common.mixins.json:features.textures.animations.tracking.SpriteContentsTickerMixin from mod sodium->@Inject::postTick(Lorg/spongepowered/asm/mixin/injection/callback/CallbackInfo;)V has 0 override(s) in child classes
[12:26:31] [Render thread/DEBUG] (FabricLoader/Mixin) sodium-common.mixins.json:features.textures.animations.tracking.SpriteContentsTickerMixin from mod sodium->@Inject::postTick(Lorg/spongepowered/asm/mixin/injection/callback/CallbackInfo;)V won't be passed a CallbackInfo as a result
[12:26:31] [Render thread/DEBUG] (FabricLoader/Mixin) Unexpected: Registered method getAnimationInfo()Lnet/minecraft/client/renderer/texture/SpriteContents$AnimatedTexture; in net.minecraft.client.renderer.texture.SpriteContents$Ticker was not merged
[12:26:31] [Render thread/INFO] (net.minecraft.client.renderer.texture.TextureAtlas) Created: 128x64x0 minecraft:textures/atlas/decorated_pot.png-atlas
[12:26:31] [Render thread/INFO] (net.minecraft.client.renderer.texture.TextureAtlas) Created: 2048x1024x0 minecraft:textures/atlas/armor_trims.png-atlas
[12:26:31] [Render thread/INFO] (net.minecraft.client.renderer.texture.TextureAtlas) Created: 512x256x0 minecraft:textures/atlas/paintings.png-atlas
[12:26:31] [Render thread/INFO] (net.minecraft.client.renderer.texture.TextureAtlas) Created: 512x512x0 minecraft:textures/atlas/shield_patterns.png-atlas
[12:26:31] [Render thread/INFO] (net.minecraft.client.renderer.texture.TextureAtlas) Created: 8192x4096x0 minecraft:textures/atlas/blocks.png-atlas
[12:26:31] [Render thread/DEBUG] (FabricLoader/Mixin) Mixing features.textures.animations.upload.SpriteContentsInterpolationMixin from sodium-common.mixins.json into net.minecraft.client.renderer.texture.SpriteContents$InterpolationData
[12:26:31] [Render thread/DEBUG] (FabricLoader/Mixin) sodium-common.mixins.json:features.textures.animations.upload.SpriteContentsInterpolationMixin from mod sodium: Class version 65 required is higher than the class version supported by the current version of Mixin (JAVA_17 supports class version 61)
[12:26:31] [Render thread/DEBUG] (FabricLoader/Mixin) sodium-common.mixins.json:features.textures.animations.upload.SpriteContentsInterpolationMixin from mod sodium->@Inject::assignParent(Lnet/minecraft/client/renderer/texture/SpriteContents;Lorg/spongepowered/asm/mixin/injection/callback/CallbackInfo;)V doesn't use it's CallbackInfo
[12:26:31] [Render thread/INFO] (net.minecraft.client.renderer.texture.TextureAtlas) Created: 512x256x0 minecraft:textures/atlas/chest.png-atlas
[12:26:31] [Render thread/INFO] (net.minecraft.client.renderer.texture.TextureAtlas) Created: 512x512x0 minecraft:textures/atlas/banner_patterns.png-atlas
[12:26:31] [Render thread/INFO] (net.minecraft.client.renderer.texture.TextureAtlas) Created: 512x256x0 minecraft:textures/atlas/beds.png-atlas
[12:26:31] [Render thread/INFO] (net.minecraft.client.renderer.texture.TextureAtlas) Created: 1024x1024x0 minecraft:textures/atlas/gui.png-atlas
[12:26:31] [Render thread/INFO] (net.minecraft.client.renderer.texture.TextureAtlas) Created: 64x64x0 minecraft:textures/atlas/map_decorations.png-atlas
[12:26:31] [Render thread/INFO] (net.minecraft.client.renderer.texture.TextureAtlas) Created: 256x256x0 minecraft:textures/atlas/signs.png-atlas
[12:26:31] [Render thread/INFO] (net.minecraft.client.renderer.texture.TextureAtlas) Created: 512x256x0 minecraft:textures/atlas/shulker_boxes.png-atlas
[12:26:31] [Render thread/DEBUG] (FabricLoader/Mixin) Mixing entity_render_context.MixinEquipmentLayerRenderer from mixins.iris.json into net.minecraft.client.renderer.entity.layers.EquipmentLayerRenderer
[12:26:31] [Render thread/DEBUG] (FabricLoader/Mixin) mixins.iris.json:entity_render_context.MixinEquipmentLayerRenderer from mod iris: Class version 65 required is higher than the class version supported by the current version of Mixin (JAVA_8 supports class version 52)
[12:26:31] [Render thread/DEBUG] (FabricLoader/Mixin) mixins.iris.json:entity_render_context.MixinEquipmentLayerRenderer from mod iris->@Inject::changeId(Lorg/spongepowered/asm/mixin/injection/callback/CallbackInfo;)V doesn't use it's CallbackInfo
[12:26:31] [Render thread/DEBUG] (FabricLoader/Mixin) mixins.iris.json:entity_render_context.MixinEquipmentLayerRenderer from mod iris->@Inject::changeId(Lorg/spongepowered/asm/mixin/injection/callback/CallbackInfo;)V has 0 override(s) in child classes
[12:26:31] [Render thread/DEBUG] (FabricLoader/Mixin) mixins.iris.json:entity_render_context.MixinEquipmentLayerRenderer from mod iris->@Inject::changeId(Lorg/spongepowered/asm/mixin/injection/callback/CallbackInfo;)V won't be passed a CallbackInfo as a result
[12:26:31] [Render thread/DEBUG] (FabricLoader/Mixin) mixins.iris.json:entity_render_context.MixinEquipmentLayerRenderer from mod iris->@Inject::changeTrimTemp(Lorg/spongepowered/asm/mixin/injection/callback/CallbackInfo;)V doesn't use it's CallbackInfo
[12:26:31] [Render thread/DEBUG] (FabricLoader/Mixin) mixins.iris.json:entity_render_context.MixinEquipmentLayerRenderer from mod iris->@Inject::changeTrimTemp(Lorg/spongepowered/asm/mixin/injection/callback/CallbackInfo;)V has 0 override(s) in child classes
[12:26:31] [Render thread/DEBUG] (FabricLoader/Mixin) mixins.iris.json:entity_render_context.MixinEquipmentLayerRenderer from mod iris->@Inject::changeTrimTemp(Lorg/spongepowered/asm/mixin/injection/callback/CallbackInfo;)V won't be passed a CallbackInfo as a result
[12:26:31] [Render thread/DEBUG] (FabricLoader/Mixin) mixins.iris.json:entity_render_context.MixinEquipmentLayerRenderer from mod iris->@Inject::changeTrimTemp2(Lorg/spongepowered/asm/mixin/injection/callback/CallbackInfo;)V doesn't use it's CallbackInfo
[12:26:31] [Render thread/DEBUG] (FabricLoader/Mixin) mixins.iris.json:entity_render_context.MixinEquipmentLayerRenderer from mod iris->@Inject::changeTrimTemp2(Lorg/spongepowered/asm/mixin/injection/callback/CallbackInfo;)V has 0 override(s) in child classes
[12:26:31] [Render thread/DEBUG] (FabricLoader/Mixin) mixins.iris.json:entity_render_context.MixinEquipmentLayerRenderer from mod iris->@Inject::changeTrimTemp2(Lorg/spongepowered/asm/mixin/injection/callback/CallbackInfo;)V won't be passed a CallbackInfo as a result
[12:26:31] [Render thread/DEBUG] (FabricLoader/Mixin) mixins.iris.json:entity_render_context.MixinEquipmentLayerRenderer from mod iris->@Inject::changeId2(Lorg/spongepowered/asm/mixin/injection/callback/CallbackInfo;)V doesn't use it's CallbackInfo
[12:26:31] [Render thread/DEBUG] (FabricLoader/Mixin) mixins.iris.json:entity_render_context.MixinEquipmentLayerRenderer from mod iris->@Inject::changeId2(Lorg/spongepowered/asm/mixin/injection/callback/CallbackInfo;)V has 0 override(s) in child classes
[12:26:31] [Render thread/DEBUG] (FabricLoader/Mixin) mixins.iris.json:entity_render_context.MixinEquipmentLayerRenderer from mod iris->@Inject::changeId2(Lorg/spongepowered/asm/mixin/injection/callback/CallbackInfo;)V won't be passed a CallbackInfo as a result
[12:26:31] [Render thread/DEBUG] (FabricLoader/Mixin) Mixing EntityRendererFactoriesMixin from fabric-rendering-v1.mixins.json into net.minecraft.client.renderer.entity.EntityRenderers
[12:26:31] [Render thread/DEBUG] (FabricLoader/Mixin) Renaming synthetic method lambda$onRegisterRenderers$0(Lnet/minecraft/world/entity/EntityType;Lnet/minecraft/client/renderer/entity/EntityRendererProvider;)V to mdab7149$fabric-rendering-v1$lambda$onRegisterRenderers$0$0 in fabric-rendering-v1.mixins.json:EntityRendererFactoriesMixin from mod fabric-rendering-v1
[12:26:31] [Render thread/DEBUG] (FabricLoader/Mixin) fabric-rendering-v1.mixins.json:EntityRendererFactoriesMixin from mod fabric-rendering-v1->@Inject::onRegisterRenderers(Lorg/spongepowered/asm/mixin/injection/callback/CallbackInfo;)V doesn't use it's CallbackInfo
[12:26:31] [Render thread/DEBUG] (FabricLoader/Mixin) Mixing LivingEntityRendererAccessor from fabric-rendering-v1.mixins.json into net.minecraft.client.renderer.entity.LivingEntityRenderer
[12:26:31] [Render thread/DEBUG] (FabricLoader/Mixin) Mixing LivingEntityRendererMixin from fabric-rendering-v1.mixins.json into net.minecraft.client.renderer.entity.LivingEntityRenderer
[12:26:31] [Render thread/DEBUG] (FabricLoader/Mixin) Mixing LivingEntityRendererAccessor from entityculling.mixins.json into net.minecraft.client.renderer.entity.LivingEntityRenderer
[12:26:31] [Render thread/DEBUG] (FabricLoader/Mixin) entityculling.mixins.json:LivingEntityRendererAccessor from mod entityculling: Class version 65 required is higher than the class version supported by the current version of Mixin (JAVA_16 supports class version 60)
[12:26:31] [Render thread/DEBUG] (FabricLoader/Mixin) Mixing BipedEntityRendererMixin from fabric-rendering-v1.mixins.json into net.minecraft.client.renderer.entity.HumanoidMobRenderer
[12:26:31] [Render thread/DEBUG] (FabricLoader/Mixin) Mixing ArmorFeatureRendererMixin from fabric-rendering-v1.mixins.json into net.minecraft.client.renderer.entity.layers.HumanoidArmorLayer
[12:26:31] [Render thread/DEBUG] (FabricLoader/Mixin) fabric-rendering-v1.mixins.json:ArmorFeatureRendererMixin from mod fabric-rendering-v1->@Inject::render(Lcom/mojang/blaze3d/vertex/PoseStack;Lnet/minecraft/client/renderer/SubmitNodeCollector;ILnet/minecraft/client/renderer/entity/state/HumanoidRenderState;FFLorg/spongepowered/asm/mixin/injection/callback/CallbackInfo;)V doesn't use it's CallbackInfo
[12:26:31] [Render thread/DEBUG] (FabricLoader/Mixin) fabric-rendering-v1.mixins.json:ArmorFeatureRendererMixin from mod fabric-rendering-v1->@Inject::render(Lcom/mojang/blaze3d/vertex/PoseStack;Lnet/minecraft/client/renderer/SubmitNodeCollector;ILnet/minecraft/client/renderer/entity/state/HumanoidRenderState;FFLorg/spongepowered/asm/mixin/injection/callback/CallbackInfo;)V has 0 override(s) in child classes
[12:26:31] [Render thread/DEBUG] (FabricLoader/Mixin) fabric-rendering-v1.mixins.json:ArmorFeatureRendererMixin from mod fabric-rendering-v1->@Inject::render(Lcom/mojang/blaze3d/vertex/PoseStack;Lnet/minecraft/client/renderer/SubmitNodeCollector;ILnet/minecraft/client/renderer/entity/state/HumanoidRenderState;FFLorg/spongepowered/asm/mixin/injection/callback/CallbackInfo;)V won't be passed a CallbackInfo as a result
[12:26:31] [Render thread/DEBUG] (FabricLoader/Mixin) fabric-rendering-v1.mixins.json:ArmorFeatureRendererMixin from mod fabric-rendering-v1->@Inject::renderArmor(Lcom/mojang/blaze3d/vertex/PoseStack;Lnet/minecraft/client/renderer/SubmitNodeCollector;Lnet/minecraft/world/item/ItemStack;Lnet/minecraft/world/entity/EquipmentSlot;ILnet/minecraft/client/renderer/entity/state/HumanoidRenderState;Lorg/spongepowered/asm/mixin/injection/callback/CallbackInfo;)V does use it's CallbackInfo
[12:26:31] [Render thread/DEBUG] (FabricLoader/Mixin) Mixing entity_render_context.MixinElytraLayer from mixins.iris.json into net.minecraft.client.renderer.entity.layers.WingsLayer
[12:26:31] [Render thread/DEBUG] (FabricLoader/Mixin) mixins.iris.json:entity_render_context.MixinElytraLayer from mod iris: Class version 65 required is higher than the class version supported by the current version of Mixin (JAVA_8 supports class version 52)
[12:26:31] [Render thread/DEBUG] (FabricLoader/Mixin) mixins.iris.json:entity_render_context.MixinElytraLayer from mod iris->@Inject::changeId(Lcom/mojang/blaze3d/vertex/PoseStack;Lnet/minecraft/client/renderer/SubmitNodeCollector;ILnet/minecraft/client/renderer/entity/state/HumanoidRenderState;FFLorg/spongepowered/asm/mixin/injection/callback/CallbackInfo;)V doesn't use it's CallbackInfo
[12:26:31] [Render thread/DEBUG] (FabricLoader/Mixin) mixins.iris.json:entity_render_context.MixinElytraLayer from mod iris->@Inject::changeId(Lcom/mojang/blaze3d/vertex/PoseStack;Lnet/minecraft/client/renderer/SubmitNodeCollector;ILnet/minecraft/client/renderer/entity/state/HumanoidRenderState;FFLorg/spongepowered/asm/mixin/injection/callback/CallbackInfo;)V has 0 override(s) in child classes
[12:26:31] [Render thread/DEBUG] (FabricLoader/Mixin) mixins.iris.json:entity_render_context.MixinElytraLayer from mod iris->@Inject::changeId(Lcom/mojang/blaze3d/vertex/PoseStack;Lnet/minecraft/client/renderer/SubmitNodeCollector;ILnet/minecraft/client/renderer/entity/state/HumanoidRenderState;FFLorg/spongepowered/asm/mixin/injection/callback/CallbackInfo;)V won't be passed a CallbackInfo as a result
[12:26:31] [Render thread/DEBUG] (FabricLoader/Mixin) mixins.iris.json:entity_render_context.MixinElytraLayer from mod iris->@Inject::changeId2(Lorg/spongepowered/asm/mixin/injection/callback/CallbackInfo;)V doesn't use it's CallbackInfo
[12:26:31] [Render thread/DEBUG] (FabricLoader/Mixin) mixins.iris.json:entity_render_context.MixinElytraLayer from mod iris->@Inject::changeId2(Lorg/spongepowered/asm/mixin/injection/callback/CallbackInfo;)V has 0 override(s) in child classes
[12:26:31] [Render thread/DEBUG] (FabricLoader/Mixin) mixins.iris.json:entity_render_context.MixinElytraLayer from mod iris->@Inject::changeId2(Lorg/spongepowered/asm/mixin/injection/callback/CallbackInfo;)V won't be passed a CallbackInfo as a result
[12:26:31] [Render thread/DEBUG] (FabricLoader/Mixin) mixins.iris.json:entity_render_context.MixinElytraLayer from mod iris->@Inject::changeId2(Lorg/spongepowered/asm/mixin/injection/callback/CallbackInfo;)V doesn't use it's CallbackInfo
[12:26:31] [Render thread/DEBUG] (FabricLoader/Mixin) mixins.iris.json:entity_render_context.MixinElytraLayer from mod iris->@Inject::changeId2(Lorg/spongepowered/asm/mixin/injection/callback/CallbackInfo;)V has 0 override(s) in child classes
[12:26:31] [Render thread/DEBUG] (FabricLoader/Mixin) mixins.iris.json:entity_render_context.MixinElytraLayer from mod iris->@Inject::changeId2(Lorg/spongepowered/asm/mixin/injection/callback/CallbackInfo;)V won't be passed a CallbackInfo as a result
[12:26:31] [Render thread/DEBUG] (FabricLoader/Mixin) Mixing entity_render_context.MixinHorseArmorLayer from mixins.iris.json into net.minecraft.client.renderer.entity.layers.SimpleEquipmentLayer
[12:26:31] [Render thread/DEBUG] (FabricLoader/Mixin) mixins.iris.json:entity_render_context.MixinHorseArmorLayer from mod iris: Class version 65 required is higher than the class version supported by the current version of Mixin (JAVA_8 supports class version 52)
[12:26:31] [Render thread/DEBUG] (FabricLoader/Mixin) mixins.iris.json:entity_render_context.MixinHorseArmorLayer from mod iris->@Inject::changeId(Lcom/mojang/blaze3d/vertex/PoseStack;Lnet/minecraft/client/renderer/SubmitNodeCollector;ILnet/minecraft/client/renderer/entity/state/LivingEntityRenderState;FFLorg/spongepowered/asm/mixin/injection/callback/CallbackInfo;)V doesn't use it's CallbackInfo
[12:26:31] [Render thread/DEBUG] (FabricLoader/Mixin) mixins.iris.json:entity_render_context.MixinHorseArmorLayer from mod iris->@Inject::changeId(Lcom/mojang/blaze3d/vertex/PoseStack;Lnet/minecraft/client/renderer/SubmitNodeCollector;ILnet/minecraft/client/renderer/entity/state/LivingEntityRenderState;FFLorg/spongepowered/asm/mixin/injection/callback/CallbackInfo;)V has 0 override(s) in child classes
[12:26:31] [Render thread/DEBUG] (FabricLoader/Mixin) mixins.iris.json:entity_render_context.MixinHorseArmorLayer from mod iris->@Inject::changeId(Lcom/mojang/blaze3d/vertex/PoseStack;Lnet/minecraft/client/renderer/SubmitNodeCollector;ILnet/minecraft/client/renderer/entity/state/LivingEntityRenderState;FFLorg/spongepowered/asm/mixin/injection/callback/CallbackInfo;)V won't be passed a CallbackInfo as a result
[12:26:31] [Render thread/DEBUG] (FabricLoader/Mixin) mixins.iris.json:entity_render_context.MixinHorseArmorLayer from mod iris->@Inject::changeId2(Lorg/spongepowered/asm/mixin/injection/callback/CallbackInfo;)V doesn't use it's CallbackInfo
[12:26:31] [Render thread/DEBUG] (FabricLoader/Mixin) mixins.iris.json:entity_render_context.MixinHorseArmorLayer from mod iris->@Inject::changeId2(Lorg/spongepowered/asm/mixin/injection/callback/CallbackInfo;)V has 0 override(s) in child classes
[12:26:31] [Render thread/DEBUG] (FabricLoader/Mixin) mixins.iris.json:entity_render_context.MixinHorseArmorLayer from mod iris->@Inject::changeId2(Lorg/spongepowered/asm/mixin/injection/callback/CallbackInfo;)V won't be passed a CallbackInfo as a result
[12:26:31] [Render thread/DEBUG] (FabricLoader/Mixin) Mixing entity_render_context.MixinEnderDragonRenderer from mixins.iris.json into net.minecraft.client.renderer.entity.EnderDragonRenderer
[12:26:31] [Render thread/DEBUG] (FabricLoader/Mixin) mixins.iris.json:entity_render_context.MixinEnderDragonRenderer from mod iris: Class version 65 required is higher than the class version supported by the current version of Mixin (JAVA_8 supports class version 52)
[12:26:31] [Render thread/DEBUG] (FabricLoader/Mixin) mixins.iris.json:entity_render_context.MixinEnderDragonRenderer from mod iris->@Inject::changeId(FFFFLcom/mojang/blaze3d/vertex/PoseStack;Lnet/minecraft/client/renderer/SubmitNodeCollector;ILorg/spongepowered/asm/mixin/injection/callback/CallbackInfo;)V doesn't use it's CallbackInfo
[12:26:31] [Render thread/DEBUG] (FabricLoader/Mixin) mixins.iris.json:entity_render_context.MixinEnderDragonRenderer from mod iris->@Inject::changeId2(Lorg/spongepowered/asm/mixin/injection/callback/CallbackInfo;)V doesn't use it's CallbackInfo
[12:26:31] [Render thread/DEBUG] (FabricLoader/Mixin) Mixing client.block.render.ItemFrameEntityRendererMixin from fabric-renderer-api-v1.mixins.json into net.minecraft.client.renderer.entity.ItemFrameRenderer
[12:26:31] [Render thread/DEBUG] (FabricLoader/Mixin) Renaming synthetic method lambda$renderProxy$0(Lnet/minecraft/client/renderer/RenderType;Lnet/minecraft/client/renderer/chunk/ChunkSectionLayer;)Lnet/minecraft/client/renderer/RenderType; to mdab7149$fabric-renderer-api-v1$lambda$renderProxy$0$0 in fabric-renderer-api-v1.mixins.json:client.block.render.ItemFrameEntityRendererMixin from mod fabric-renderer-api-v1
[12:26:31] [Render thread/DEBUG] (FabricLoader/Mixin) Mixing MixinLightningBoltRenderer from mixins.iris.json into net.minecraft.client.renderer.entity.LightningBoltRenderer
[12:26:31] [Render thread/DEBUG] (FabricLoader/Mixin) mixins.iris.json:MixinLightningBoltRenderer from mod iris: Class version 65 required is higher than the class version supported by the current version of Mixin (JAVA_8 supports class version 52)
[12:26:31] [Render thread/DEBUG] (FabricLoader/Mixin) Mixing client.block.render.MooshroomMushroomFeatureRendererMixin from fabric-renderer-api-v1.mixins.json into net.minecraft.client.renderer.entity.layers.MushroomCowMushroomLayer
[12:26:31] [Render thread/DEBUG] (FabricLoader/Mixin) Renaming synthetic method lambda$renderProxy$0(Lnet/minecraft/client/renderer/RenderType;Lnet/minecraft/client/renderer/chunk/ChunkSectionLayer;)Lnet/minecraft/client/renderer/RenderType; to mdab7149$fabric-renderer-api-v1$lambda$renderProxy$0$0 in fabric-renderer-api-v1.mixins.json:client.block.render.MooshroomMushroomFeatureRendererMixin from mod fabric-renderer-api-v1
[12:26:31] [Render thread/DEBUG] (FabricLoader/Mixin) Mixing client.block.render.SnowGolemPumpkinFeatureRendererMixin from fabric-renderer-api-v1.mixins.json into net.minecraft.client.renderer.entity.layers.SnowGolemHeadLayer
[12:26:31] [Render thread/DEBUG] (FabricLoader/Mixin) Renaming synthetic method lambda$renderProxy$0(Lnet/minecraft/client/renderer/RenderType;Lnet/minecraft/client/renderer/chunk/ChunkSectionLayer;)Lnet/minecraft/client/renderer/RenderType; to mdab7149$fabric-renderer-api-v1$lambda$renderProxy$0$0 in fabric-renderer-api-v1.mixins.json:client.block.render.SnowGolemPumpkinFeatureRendererMixin from mod fabric-renderer-api-v1
[12:26:31] [Render thread/DEBUG] (FabricLoader/Mixin) Mixing entity_render_context.MixinCapeLayer from mixins.iris.json into net.minecraft.client.renderer.entity.layers.CapeLayer
[12:26:31] [Render thread/DEBUG] (FabricLoader/Mixin) mixins.iris.json:entity_render_context.MixinCapeLayer from mod iris: Class version 65 required is higher than the class version supported by the current version of Mixin (JAVA_8 supports class version 52)
[12:26:31] [Render thread/DEBUG] (FabricLoader/Mixin) Mixing CapeFeatureRendererMixin from fabric-rendering-v1.mixins.json into net.minecraft.client.renderer.entity.layers.CapeLayer
[12:26:31] [Render thread/DEBUG] (FabricLoader/Mixin) mixins.iris.json:entity_render_context.MixinCapeLayer from mod iris->@Inject::changeId(Lcom/mojang/blaze3d/vertex/PoseStack;Lnet/minecraft/client/renderer/SubmitNodeCollector;ILnet/minecraft/client/renderer/entity/state/AvatarRenderState;FFLorg/spongepowered/asm/mixin/injection/callback/CallbackInfo;)V doesn't use it's CallbackInfo
[12:26:31] [Render thread/DEBUG] (FabricLoader/Mixin) mixins.iris.json:entity_render_context.MixinCapeLayer from mod iris->@Inject::changeId(Lcom/mojang/blaze3d/vertex/PoseStack;Lnet/minecraft/client/renderer/SubmitNodeCollector;ILnet/minecraft/client/renderer/entity/state/AvatarRenderState;FFLorg/spongepowered/asm/mixin/injection/callback/CallbackInfo;)V has 0 override(s) in child classes
[12:26:31] [Render thread/DEBUG] (FabricLoader/Mixin) mixins.iris.json:entity_render_context.MixinCapeLayer from mod iris->@Inject::changeId(Lcom/mojang/blaze3d/vertex/PoseStack;Lnet/minecraft/client/renderer/SubmitNodeCollector;ILnet/minecraft/client/renderer/entity/state/AvatarRenderState;FFLorg/spongepowered/asm/mixin/injection/callback/CallbackInfo;)V won't be passed a CallbackInfo as a result
[12:26:31] [Render thread/DEBUG] (FabricLoader/Mixin) mixins.iris.json:entity_render_context.MixinCapeLayer from mod iris->@Inject::changeId2(Lorg/spongepowered/asm/mixin/injection/callback/CallbackInfo;)V doesn't use it's CallbackInfo
[12:26:31] [Render thread/DEBUG] (FabricLoader/Mixin) mixins.iris.json:entity_render_context.MixinCapeLayer from mod iris->@Inject::changeId2(Lorg/spongepowered/asm/mixin/injection/callback/CallbackInfo;)V has 0 override(s) in child classes
[12:26:31] [Render thread/DEBUG] (FabricLoader/Mixin) mixins.iris.json:entity_render_context.MixinCapeLayer from mod iris->@Inject::changeId2(Lorg/spongepowered/asm/mixin/injection/callback/CallbackInfo;)V won't be passed a CallbackInfo as a result
[12:26:31] [Render thread/DEBUG] (FabricLoader/Mixin) mixins.iris.json:entity_render_context.MixinCapeLayer from mod iris->@Inject::changeId2(Lorg/spongepowered/asm/mixin/injection/callback/CallbackInfo;)V doesn't use it's CallbackInfo
[12:26:31] [Render thread/DEBUG] (FabricLoader/Mixin) mixins.iris.json:entity_render_context.MixinCapeLayer from mod iris->@Inject::changeId2(Lorg/spongepowered/asm/mixin/injection/callback/CallbackInfo;)V has 0 override(s) in child classes
[12:26:31] [Render thread/DEBUG] (FabricLoader/Mixin) mixins.iris.json:entity_render_context.MixinCapeLayer from mod iris->@Inject::changeId2(Lorg/spongepowered/asm/mixin/injection/callback/CallbackInfo;)V won't be passed a CallbackInfo as a result
[12:26:31] [Render thread/DEBUG] (FabricLoader/Mixin) mixins.iris.json:entity_render_context.MixinCapeLayer from mod iris->@Inject::changeId2(Lorg/spongepowered/asm/mixin/injection/callback/CallbackInfo;)V doesn't use it's CallbackInfo
[12:26:31] [Render thread/DEBUG] (FabricLoader/Mixin) mixins.iris.json:entity_render_context.MixinCapeLayer from mod iris->@Inject::changeId2(Lorg/spongepowered/asm/mixin/injection/callback/CallbackInfo;)V has 0 override(s) in child classes
[12:26:31] [Render thread/DEBUG] (FabricLoader/Mixin) mixins.iris.json:entity_render_context.MixinCapeLayer from mod iris->@Inject::changeId2(Lorg/spongepowered/asm/mixin/injection/callback/CallbackInfo;)V won't be passed a CallbackInfo as a result
[12:26:31] [Render thread/DEBUG] (FabricLoader/Mixin) mixins.iris.json:entity_render_context.MixinCapeLayer from mod iris->@Inject::changeId2(Lorg/spongepowered/asm/mixin/injection/callback/CallbackInfo;)V doesn't use it's CallbackInfo
[12:26:31] [Render thread/DEBUG] (FabricLoader/Mixin) mixins.iris.json:entity_render_context.MixinCapeLayer from mod iris->@Inject::changeId2(Lorg/spongepowered/asm/mixin/injection/callback/CallbackInfo;)V has 0 override(s) in child classes
[12:26:31] [Render thread/DEBUG] (FabricLoader/Mixin) mixins.iris.json:entity_render_context.MixinCapeLayer from mod iris->@Inject::changeId2(Lorg/spongepowered/asm/mixin/injection/callback/CallbackInfo;)V won't be passed a CallbackInfo as a result
[12:26:31] [Render thread/DEBUG] (FabricLoader/Mixin) fabric-rendering-v1.mixins.json:CapeFeatureRendererMixin from mod fabric-rendering-v1->@Inject::injectCapeRenderCheck(Lcom/mojang/blaze3d/vertex/PoseStack;Lnet/minecraft/client/renderer/SubmitNodeCollector;ILnet/minecraft/client/renderer/entity/state/AvatarRenderState;FFLorg/spongepowered/asm/mixin/injection/callback/CallbackInfo;)V does use it's CallbackInfo
[12:26:31] [Render thread/DEBUG] (FabricLoader/Mixin) Mixing BlockEntityRendererFactoriesMixin from fabric-rendering-v1.mixins.json into net.minecraft.client.renderer.blockentity.BlockEntityRenderers
[12:26:31] [Render thread/DEBUG] (FabricLoader/Mixin) Renaming synthetic method lambda$init$0(Lnet/minecraft/world/level/block/entity/BlockEntityType;Lnet/minecraft/client/renderer/blockentity/BlockEntityRendererProvider;)V to mdab7149$fabric-rendering-v1$lambda$init$0$0 in fabric-rendering-v1.mixins.json:BlockEntityRendererFactoriesMixin from mod fabric-rendering-v1
[12:26:31] [Render thread/DEBUG] (FabricLoader/Mixin) fabric-rendering-v1.mixins.json:BlockEntityRendererFactoriesMixin from mod fabric-rendering-v1->@Inject::init(Lorg/spongepowered/asm/mixin/injection/callback/CallbackInfo;)V doesn't use it's CallbackInfo
[12:26:31] [Render thread/DEBUG] (FabricLoader/Mixin) Mixing accessors.AccessorBeaconBeam from infernum.mixins.json into net.minecraft.client.renderer.blockentity.BeaconRenderer
[12:26:31] [Render thread/DEBUG] (FabricLoader/Mixin) Renaming @Invoker method invokeRenderBeam(Lcom/mojang/blaze3d/vertex/PoseStack;Lnet/minecraft/client/renderer/SubmitNodeCollector;Lnet/minecraft/resources/ResourceLocation;FFIIIFF)V to invokeRenderBeam$infernum_$md$ab7149$0 in infernum.mixins.json:accessors.AccessorBeaconBeam from mod infernum
[12:26:31] [Render thread/DEBUG] (FabricLoader/Mixin) Mixing shadows.MixinBeaconRenderer from mixins.iris.json into net.minecraft.client.renderer.blockentity.BeaconRenderer
[12:26:31] [Render thread/DEBUG] (FabricLoader/Mixin) mixins.iris.json:shadows.MixinBeaconRenderer from mod iris: Class version 65 required is higher than the class version supported by the current version of Mixin (JAVA_8 supports class version 52)
[12:26:31] [Render thread/DEBUG] (FabricLoader/Mixin) mixins.iris.json:shadows.MixinBeaconRenderer from mod iris->@Inject::iris$noLightBeamInShadowPass(Lcom/mojang/blaze3d/vertex/PoseStack;Lnet/minecraft/client/renderer/SubmitNodeCollector;Lnet/minecraft/resources/ResourceLocation;FFIIIFFLorg/spongepowered/asm/mixin/injection/callback/CallbackInfo;)V does use it's CallbackInfo
[12:26:31] [Render thread/DEBUG] (FabricLoader/Mixin) Mixing MixinTheEndGatewayRenderer from mixins.iris.json into net.minecraft.client.renderer.blockentity.TheEndGatewayRenderer
[12:26:31] [Render thread/DEBUG] (FabricLoader/Mixin) mixins.iris.json:MixinTheEndGatewayRenderer from mod iris: Class version 65 required is higher than the class version supported by the current version of Mixin (JAVA_8 supports class version 52)
[12:26:31] [Render thread/DEBUG] (FabricLoader/Mixin) mixins.iris.json:MixinTheEndGatewayRenderer from mod iris->@Inject::iris$renderType(Lorg/spongepowered/asm/mixin/injection/callback/CallbackInfoReturnable;)V does use it's CallbackInfoReturnable
[12:26:31] [Render thread/INFO] (Iris) Creating pipeline for dimension minecraft:overworld
[12:26:31] [Render thread/DEBUG] (FabricLoader/Mixin) Mixing MixinGlRenderDevice from mixins.iris.compat.sodium.json into net.caffeinemc.mods.sodium.client.gl.device.GLRenderDevice$ImmediateDrawCommandList
[12:26:31] [Render thread/DEBUG] (FabricLoader/Mixin) mixins.iris.compat.sodium.json:MixinGlRenderDevice from mod iris: Class version 65 required is higher than the class version supported by the current version of Mixin (JAVA_8 supports class version 52)
[12:26:32] [Render thread/DEBUG] (com.mojang.blaze3d.systems.RenderSystem) Growing IndexBuffer: Old limit 60, new limit 168.
[12:26:33] [Render thread/DEBUG] (com.mojang.blaze3d.systems.RenderSystem) Growing IndexBuffer: Old limit 168, new limit 1896.
[12:26:34] [Render thread/DEBUG] (com.mojang.blaze3d.systems.RenderSystem) Growing IndexBuffer: Old limit 1896, new limit 14520.
[12:26:43] [Render thread/INFO] (net.minecraft.client.Minecraft) Stopping!
[12:26:43] [CullThread/INFO] (net.minecraft.server.LoggedPrintStream) [STDOUT]: Shutting down culling task!
[12:26:43] [Render thread/DEBUG] (com.mojang.blaze3d.platform.ScreenManager) Selecting monitor - primary: 1529036088016, current monitors: {1529036083408=Monitor[1529036083408 -1920x130 1920x1080@59 (24bit)], 1529036088016=Monitor[1529036088016 0x0 2560x1440@155 (24bit)]}
[12:26:43] [Render thread/DEBUG] (com.mojang.blaze3d.platform.ScreenManager) Selected monitor: Monitor[1529036088016 0x0 2560x1440@155 (24bit)]
